cible,cote,equipe,attaque,defense,moyenne_ligue,n_matchs,n_equipes,lissage,demi_vie,gain_valide_pct,periode,ligues
smt_tirs_dom,dom,Orlando City,1.0182,1.1134,7.4032,8590,311,8,25.0,0.07,02/08/2024 - 01/08/2026,Bundesliga / Championship / LaLiga / LaLiga 2 / Ligue 1 / Ligue 2 / MLS / Premier League
smt_tirs_dom,dom,Crystal Palace,1.0735,0.9954,7.4032,8590,311,8,25.0,0.07,02/08/2024 - 01/08/2026,Bundesliga / Championship / LaLiga / LaLiga 2 / Ligue 1 / Ligue 2 / MLS / Premier League
smt_tirs_dom,dom,Sporting,1.2057,0.8027,7.4032,8590,311,8,25.0,0.07,02/08/2024 - 01/08/2026,Bundesliga / Championship / LaLiga / LaLiga 2 / Ligue 1 / Ligue 2 / MLS / Premier League
smt_tirs_dom,dom,Minnesota Utd,0.9788,1.0077,7.4032,8590,311,8,25.0,0.07,02/08/2024 - 01/08/2026,Bundesliga / Championship / LaLiga / LaLiga 2 / Ligue 1 / Ligue 2 / MLS / Premier League
smt_tirs_dom,dom,Leipzig,1.1347,0.9914,7.4032,8590,311,8,25.0,0.07,02/08/2024 - 01/08/2026,Bundesliga / Championship / LaLiga / LaLiga 2 / Ligue 1 / Ligue 2 / MLS / Premier League
smt_tirs_dom,dom,Man United,1.1695,0.9998,7.4032,8590,311,8,25.0,0.07,02/08/2024 - 01/08/2026,Bundesliga / Championship / LaLiga / LaLiga 2 / Ligue 1 / Ligue 2 / MLS / Premier League
smt_tirs_dom,dom,Lazio,0.992,1.0904,7.4032,8590,311,8,25.0,0.07,02/08/2024 - 01/08/2026,Bundesliga / Championship / LaLiga / LaLiga 2 / Ligue 1 / Ligue 2 / MLS / Premier League
smt_tirs_dom,dom,Modène,0.9593,0.9811,7.4032,8590,311,8,25.0,0.07,02/08/2024 - 01/08/2026,Bundesliga / Championship / LaLiga / LaLiga 2 / Ligue 1 / Ligue 2 / MLS / Premier League
smt_tirs_dom,dom,Nancy,0.9636,0.9663,7.4032,8590,311,8,25.0,0.07,02/08/2024 - 01/08/2026,Bundesliga / Championship / LaLiga / LaLiga 2 / Ligue 1 / Ligue 2 / MLS / Premier League
smt_tirs_dom,dom,S. Wednesday,0.8661,0.9538,7.4032,8590,311,8,25.0,0.07,02/08/2024 - 01/08/2026,Bundesliga / Championship / LaLiga / LaLiga 2 / Ligue 1 / Ligue 2 / MLS / Premier League
smt_tirs_dom,dom,Torino,0.9498,1.0427,7.4032,8590,311,8,25.0,0.07,02/08/2024 - 01/08/2026,Bundesliga / Championship / LaLiga / LaLiga 2 / Ligue 1 / Ligue 2 / MLS / Premier League
smt_tirs_dom,dom,Porto II,0.8244,0.8854,7.4032,8590,311,8,25.0,0.07,02/08/2024 - 01/08/2026,Bundesliga / Championship / LaLiga / LaLiga 2 / Ligue 1 / Ligue 2 / MLS / Premier League
smt_tirs_dom,dom,Arsenal,1.09,0.8586,7.4032,8590,311,8,25.0,0.07,02/08/2024 - 01/08/2026,Bundesliga / Championship / LaLiga / LaLiga 2 / Ligue 1 / Ligue 2 / MLS / Premier League
smt_tirs_dom,dom,Étienne - Reims,1.0,0.99,7.4032,8590,311,8,25.0,0.07,02/08/2024 - 01/08/2026,Bundesliga / Championship / LaLiga / LaLiga 2 / Ligue 1 / Ligue 2 / MLS / Premier League
smt_tirs_dom,dom,Fiorentina,1.0344,1.0903,7.4032,8590,311,8,25.0,0.07,02/08/2024 - 01/08/2026,Bundesliga / Championship / LaLiga / LaLiga 2 / Ligue 1 / Ligue 2 / MLS / Premier League
smt_tirs_dom,dom,Sassuolo,0.8871,1.0232,7.4032,8590,311,8,25.0,0.07,02/08/2024 - 01/08/2026,Bundesliga / Championship / LaLiga / LaLiga 2 / Ligue 1 / Ligue 2 / MLS / Premier League
smt_tirs_dom,dom,Estoril,0.9117,0.9669,7.4032,8590,311,8,25.0,0.07,02/08/2024 - 01/08/2026,Bundesliga / Championship / LaLiga / LaLiga 2 / Ligue 1 / Ligue 2 / MLS / Premier League
smt_tirs_dom,dom,RC Lens,1.1281,0.8738,7.4032,8590,311,8,25.0,0.07,02/08/2024 - 01/08/2026,Bundesliga / Championship / LaLiga / LaLiga 2 / Ligue 1 / Ligue 2 / MLS / Premier League
smt_tirs_dom,dom,Aston Villa,1.082,1.0479,7.4032,8590,311,8,25.0,0.07,02/08/2024 - 01/08/2026,Bundesliga / Championship / LaLiga / LaLiga 2 / Ligue 1 / Ligue 2 / MLS / Premier League
smt_tirs_dom,dom,Cadix,0.8662,1.1086,7.4032,8590,311,8,25.0,0.07,02/08/2024 - 01/08/2026,Bundesliga / Championship / LaLiga / LaLiga 2 / Ligue 1 / Ligue 2 / MLS / Premier League
smt_tirs_dom,dom,Genoa,0.9426,1.0446,7.4032,8590,311,8,25.0,0.07,02/08/2024 - 01/08/2026,Bundesliga / Championship / LaLiga / LaLiga 2 / Ligue 1 / Ligue 2 / MLS / Premier League
smt_tirs_dom,dom,Ceuta,0.8875,1.0206,7.4032,8590,311,8,25.0,0.07,02/08/2024 - 01/08/2026,Bundesliga / Championship / LaLiga / LaLiga 2 / Ligue 1 / Ligue 2 / MLS / Premier League
smt_tirs_dom,dom,Werder Brême,1.1797,1.0718,7.4032,8590,311,8,25.0,0.07,02/08/2024 - 01/08/2026,Bundesliga / Championship / LaLiga / LaLiga 2 / Ligue 1 / Ligue 2 / MLS / Premier League
smt_tirs_dom,dom,Portland,1.1088,1.0792,7.4032,8590,311,8,25.0,0.07,02/08/2024 - 01/08/2026,Bundesliga / Championship / LaLiga / LaLiga 2 / Ligue 1 / Ligue 2 / MLS / Premier League
smt_tirs_dom,dom,Darmstadt,1.1029,1.1394,7.4032,8590,311,8,25.0,0.07,02/08/2024 - 01/08/2026,Bundesliga / Championship / LaLiga / LaLiga 2 / Ligue 1 / Ligue 2 / MLS / Premier League
smt_tirs_dom,dom,Luton,0.9059,1.0001,7.4032,8590,311,8,25.0,0.07,02/08/2024 - 01/08/2026,Bundesliga / Championship / LaLiga / LaLiga 2 / Ligue 1 / Ligue 2 / MLS / Premier League
smt_tirs_dom,dom,Vizela,1.0037,0.8709,7.4032,8590,311,8,25.0,0.07,02/08/2024 - 01/08/2026,Bundesliga / Championship / LaLiga / LaLiga 2 / Ligue 1 / Ligue 2 / MLS / Premier League
smt_tirs_dom,dom,Sankt Pauli,0.8502,0.9352,7.4032,8590,311,8,25.0,0.07,02/08/2024 - 01/08/2026,Bundesliga / Championship / LaLiga / LaLiga 2 / Ligue 1 / Ligue 2 / MLS / Premier League
smt_tirs_dom,dom,Grenade,0.9594,0.9488,7.4032,8590,311,8,25.0,0.07,02/08/2024 - 01/08/2026,Bundesliga / Championship / LaLiga / LaLiga 2 / Ligue 1 / Ligue 2 / MLS / Premier League
smt_tirs_dom,dom,Bochum,1.1412,1.0939,7.4032,8590,311,8,25.0,0.07,02/08/2024 - 01/08/2026,Bundesliga / Championship / LaLiga / LaLiga 2 / Ligue 1 / Ligue 2 / MLS / Premier League
smt_tirs_dom,dom,Chaves,0.9973,0.7733,7.4032,8590,311,8,25.0,0.07,02/08/2024 - 01/08/2026,Bundesliga / Championship / LaLiga / LaLiga 2 / Ligue 1 / Ligue 2 / MLS / Premier League
smt_tirs_dom,dom,Leganes,0.9257,1.0741,7.4032,8590,311,8,25.0,0.07,02/08/2024 - 01/08/2026,Bundesliga / Championship / LaLiga / LaLiga 2 / Ligue 1 / Ligue 2 / MLS / Premier League
smt_tirs_dom,dom,Chicago Fire,1.1325,1.0404,7.4032,8590,311,8,25.0,0.07,02/08/2024 - 01/08/2026,Bundesliga / Championship / LaLiga / LaLiga 2 / Ligue 1 / Ligue 2 / MLS / Premier League
smt_tirs_dom,dom,Palerme,1.0244,0.9677,7.4032,8590,311,8,25.0,0.07,02/08/2024 - 01/08/2026,Bundesliga / Championship / LaLiga / LaLiga 2 / Ligue 1 / Ligue 2 / MLS / Premier League
smt_tirs_dom,dom,Famalicão,0.9957,0.9663,7.4032,8590,311,8,25.0,0.07,02/08/2024 - 01/08/2026,Bundesliga / Championship / LaLiga / LaLiga 2 / Ligue 1 / Ligue 2 / MLS / Premier League
smt_tirs_dom,dom,Mafra,0.7894,0.9793,7.4032,8590,311,8,25.0,0.07,02/08/2024 - 01/08/2026,Bundesliga / Championship / LaLiga / LaLiga 2 / Ligue 1 / Ligue 2 / MLS / Premier League
smt_tirs_dom,dom,Birmingham,1.0794,0.9449,7.4032,8590,311,8,25.0,0.07,02/08/2024 - 01/08/2026,Bundesliga / Championship / LaLiga / LaLiga 2 / Ligue 1 / Ligue 2 / MLS / Premier League
smt_tirs_dom,dom,Levante,1.1535,1.1714,7.4032,8590,311,8,25.0,0.07,02/08/2024 - 01/08/2026,Bundesliga / Championship / LaLiga / LaLiga 2 / Ligue 1 / Ligue 2 / MLS / Premier League
smt_tirs_dom,dom,Rennes,1.0923,1.0691,7.4032,8590,311,8,25.0,0.07,02/08/2024 - 01/08/2026,Bundesliga / Championship / LaLiga / LaLiga 2 / Ligue 1 / Ligue 2 / MLS / Premier League
smt_tirs_dom,dom,Real Salt Lake,1.0436,1.0351,7.4032,8590,311,8,25.0,0.07,02/08/2024 - 01/08/2026,Bundesliga / Championship / LaLiga / LaLiga 2 / Ligue 1 / Ligue 2 / MLS / Premier League
smt_tirs_dom,dom,Mirandés,1.1024,1.0254,7.4032,8590,311,8,25.0,0.07,02/08/2024 - 01/08/2026,Bundesliga / Championship / LaLiga / LaLiga 2 / Ligue 1 / Ligue 2 / MLS / Premier League
smt_tirs_dom,dom,Salernitana,1.1912,0.8624,7.4032,8590,311,8,25.0,0.07,02/08/2024 - 01/08/2026,Bundesliga / Championship / LaLiga / LaLiga 2 / Ligue 1 / Ligue 2 / MLS / Premier League
smt_tirs_dom,dom,Villarreal,0.9862,1.0125,7.4032,8590,311,8,25.0,0.07,02/08/2024 - 01/08/2026,Bundesliga / Championship / LaLiga / LaLiga 2 / Ligue 1 / Ligue 2 / MLS / Premier League
smt_tirs_dom,dom,Inter,1.1995,0.8178,7.4032,8590,311,8,25.0,0.07,02/08/2024 - 01/08/2026,Bundesliga / Championship / LaLiga / LaLiga 2 / Ligue 1 / Ligue 2 / MLS / Premier League
smt_tirs_dom,dom,Südtirol,1.0237,0.9466,7.4032,8590,311,8,25.0,0.07,02/08/2024 - 01/08/2026,Bundesliga / Championship / LaLiga / LaLiga 2 / Ligue 1 / Ligue 2 / MLS / Premier League
smt_tirs_dom,dom,Étienne - EA Guingamp,1.0,1.024,7.4032,8590,311,8,25.0,0.07,02/08/2024 - 01/08/2026,Bundesliga / Championship / LaLiga / LaLiga 2 / Ligue 1 / Ligue 2 / MLS / Premier League
smt_tirs_dom,dom,Calcio Padova,0.9677,1.1298,7.4032,8590,311,8,25.0,0.07,02/08/2024 - 01/08/2026,Bundesliga / Championship / LaLiga / LaLiga 2 / Ligue 1 / Ligue 2 / MLS / Premier League
smt_tirs_dom,dom,Brentford,0.9663,1.0728,7.4032,8590,311,8,25.0,0.07,02/08/2024 - 01/08/2026,Bundesliga / Championship / LaLiga / LaLiga 2 / Ligue 1 / Ligue 2 / MLS / Premier League
smt_tirs_dom,dom,Chelsea,1.0927,0.838,7.4032,8590,311,8,25.0,0.07,02/08/2024 - 01/08/2026,Bundesliga / Championship / LaLiga / LaLiga 2 / Ligue 1 / Ligue 2 / MLS / Premier League
smt_tirs_dom,dom,FC Andorra,1.1435,1.0759,7.4032,8590,311,8,25.0,0.07,02/08/2024 - 01/08/2026,Bundesliga / Championship / LaLiga / LaLiga 2 / Ligue 1 / Ligue 2 / MLS / Premier League
smt_tirs_dom,dom,Everton,0.9582,1.1167,7.4032,8590,311,8,25.0,0.07,02/08/2024 - 01/08/2026,Bundesliga / Championship / LaLiga / LaLiga 2 / Ligue 1 / Ligue 2 / MLS / Premier League
smt_tirs_dom,dom,Houston,1.0371,1.0166,7.4032,8590,311,8,25.0,0.07,02/08/2024 - 01/08/2026,Bundesliga / Championship / LaLiga / LaLiga 2 / Ligue 1 / Ligue 2 / MLS / Premier League
smt_tirs_dom,dom,Maritimo,0.9679,0.7653,7.4032,8590,311,8,25.0,0.07,02/08/2024 - 01/08/2026,Bundesliga / Championship / LaLiga / LaLiga 2 / Ligue 1 / Ligue 2 / MLS / Premier League
smt_tirs_dom,dom,R. Sociedad II,0.9594,1.195,7.4032,8590,311,8,25.0,0.07,02/08/2024 - 01/08/2026,Bundesliga / Championship / LaLiga / LaLiga 2 / Ligue 1 / Ligue 2 / MLS / Premier League
smt_tirs_dom,dom,Real Valladolid,0.99,1.0689,7.4032,8590,311,8,25.0,0.07,02/08/2024 - 01/08/2026,Bundesliga / Championship / LaLiga / LaLiga 2 / Ligue 1 / Ligue 2 / MLS / Premier League
smt_tirs_dom,dom,FC Porto,1.0761,0.8198,7.4032,8590,311,8,25.0,0.07,02/08/2024 - 01/08/2026,Bundesliga / Championship / LaLiga / LaLiga 2 / Ligue 1 / Ligue 2 / MLS / Premier League
smt_tirs_dom,dom,Not. Forest,1.0484,1.0489,7.4032,8590,311,8,25.0,0.07,02/08/2024 - 01/08/2026,Bundesliga / Championship / LaLiga / LaLiga 2 / Ligue 1 / Ligue 2 / MLS / Premier League
smt_tirs_dom,dom,Getafe,0.8371,0.9519,7.4032,8590,311,8,25.0,0.07,02/08/2024 - 01/08/2026,Bundesliga / Championship / LaLiga / LaLiga 2 / Ligue 1 / Ligue 2 / MLS / Premier League
smt_tirs_dom,dom,Juve Stabia,0.9414,0.9282,7.4032,8590,311,8,25.0,0.07,02/08/2024 - 01/08/2026,Bundesliga / Championship / LaLiga / LaLiga 2 / Ligue 1 / Ligue 2 / MLS / Premier League
smt_tirs_dom,dom,Almería,1.1306,0.9729,7.4032,8590,311,8,25.0,0.07,02/08/2024 - 01/08/2026,Bundesliga / Championship / LaLiga / LaLiga 2 / Ligue 1 / Ligue 2 / MLS / Premier League
smt_tirs_dom,dom,Bristol City,0.9555,0.9648,7.4032,8590,311,8,25.0,0.07,02/08/2024 - 01/08/2026,Bundesliga / Championship / LaLiga / LaLiga 2 / Ligue 1 / Ligue 2 / MLS / Premier League
smt_tirs_dom,dom,Celta Vigo,0.9157,0.9814,7.4032,8590,311,8,25.0,0.07,02/08/2024 - 01/08/2026,Bundesliga / Championship / LaLiga / LaLiga 2 / Ligue 1 / Ligue 2 / MLS / Premier League
smt_tirs_dom,dom,Clermont,0.9058,0.9575,7.4032,8590,311,8,25.0,0.07,02/08/2024 - 01/08/2026,Bundesliga / Championship / LaLiga / LaLiga 2 / Ligue 1 / Ligue 2 / MLS / Premier League
smt_tirs_dom,dom,USL Dunkerque,0.9262,0.8226,7.4032,8590,311,8,25.0,0.07,02/08/2024 - 01/08/2026,Bundesliga / Championship / LaLiga / LaLiga 2 / Ligue 1 / Ligue 2 / MLS / Premier League
smt_tirs_dom,dom,N. Madeira,0.9995,1.0596,7.4032,8590,311,8,25.0,0.07,02/08/2024 - 01/08/2026,Bundesliga / Championship / LaLiga / LaLiga 2 / Ligue 1 / Ligue 2 / MLS / Premier League
smt_tirs_dom,dom,Uniao de Leiria,1.0205,0.958,7.4032,8590,311,8,25.0,0.07,02/08/2024 - 01/08/2026,Bundesliga / Championship / LaLiga / LaLiga 2 / Ligue 1 / Ligue 2 / MLS / Premier League
smt_tirs_dom,dom,Lille,0.9642,0.8239,7.4032,8590,311,8,25.0,0.07,02/08/2024 - 01/08/2026,Bundesliga / Championship / LaLiga / LaLiga 2 / Ligue 1 / Ligue 2 / MLS / Premier League
smt_tirs_dom,dom,Braga,0.9395,0.9861,7.4032,8590,311,8,25.0,0.07,02/08/2024 - 01/08/2026,Bundesliga / Championship / LaLiga / LaLiga 2 / Ligue 1 / Ligue 2 / MLS / Premier League
smt_tirs_dom,dom,S. Sounders,1.1102,0.9606,7.4032,8590,311,8,25.0,0.07,02/08/2024 - 01/08/2026,Bundesliga / Championship / LaLiga / LaLiga 2 / Ligue 1 / Ligue 2 / MLS / Premier League
smt_tirs_dom,dom,Lourosa,0.7518,1.0351,7.4032,8590,311,8,25.0,0.07,02/08/2024 - 01/08/2026,Bundesliga / Championship / LaLiga / LaLiga 2 / Ligue 1 / Ligue 2 / MLS / Premier League
smt_tirs_dom,dom,Colorado,1.1371,1.1481,7.4032,8590,311,8,25.0,0.07,02/08/2024 - 01/08/2026,Bundesliga / Championship / LaLiga / LaLiga 2 / Ligue 1 / Ligue 2 / MLS / Premier League
smt_tirs_dom,dom,Albacete,0.9741,1.0599,7.4032,8590,311,8,25.0,0.07,02/08/2024 - 01/08/2026,Bundesliga / Championship / LaLiga / LaLiga 2 / Ligue 1 / Ligue 2 / MLS / Premier League
smt_tirs_dom,dom,Blackburn,0.9603,0.9914,7.4032,8590,311,8,25.0,0.07,02/08/2024 - 01/08/2026,Bundesliga / Championship / LaLiga / LaLiga 2 / Ligue 1 / Ligue 2 / MLS / Premier League
smt_tirs_dom,dom,Troyes,1.1414,0.9101,7.4032,8590,311,8,25.0,0.07,02/08/2024 - 01/08/2026,Bundesliga / Championship / LaLiga / LaLiga 2 / Ligue 1 / Ligue 2 / MLS / Premier League
smt_tirs_dom,dom,Étienne - Montpellier,1.0,0.949,7.4032,8590,311,8,25.0,0.07,02/08/2024 - 01/08/2026,Bundesliga / Championship / LaLiga / LaLiga 2 / Ligue 1 / Ligue 2 / MLS / Premier League
smt_tirs_dom,dom,Saint,0.9792,1.0,7.4032,8590,311,8,25.0,0.07,02/08/2024 - 01/08/2026,Bundesliga / Championship / LaLiga / LaLiga 2 / Ligue 1 / Ligue 2 / MLS / Premier League
smt_tirs_dom,dom,P. Münster,0.9895,1.1383,7.4032,8590,311,8,25.0,0.07,02/08/2024 - 01/08/2026,Bundesliga / Championship / LaLiga / LaLiga 2 / Ligue 1 / Ligue 2 / MLS / Premier League
smt_tirs_dom,dom,Rodez,1.0305,1.0746,7.4032,8590,311,8,25.0,0.07,02/08/2024 - 01/08/2026,Bundesliga / Championship / LaLiga / LaLiga 2 / Ligue 1 / Ligue 2 / MLS / Premier League
smt_tirs_dom,dom,SM Caen,0.8691,0.8989,7.4032,8590,311,8,25.0,0.07,02/08/2024 - 01/08/2026,Bundesliga / Championship / LaLiga / LaLiga 2 / Ligue 1 / Ligue 2 / MLS / Premier League
smt_tirs_dom,dom,Naples,1.053,0.8005,7.4032,8590,311,8,25.0,0.07,02/08/2024 - 01/08/2026,Bundesliga / Championship / LaLiga / LaLiga 2 / Ligue 1 / Ligue 2 / MLS / Premier League
smt_tirs_dom,dom,Bournemouth,1.131,1.1092,7.4032,8590,311,8,25.0,0.07,02/08/2024 - 01/08/2026,Bundesliga / Championship / LaLiga / LaLiga 2 / Ligue 1 / Ligue 2 / MLS / Premier League
smt_tirs_dom,dom,Newcastle,1.0276,0.9773,7.4032,8590,311,8,25.0,0.07,02/08/2024 - 01/08/2026,Bundesliga / Championship / LaLiga / LaLiga 2 / Ligue 1 / Ligue 2 / MLS / Premier League
smt_tirs_dom,dom,Étienne - Angers,1.0,1.069,7.4032,8590,311,8,25.0,0.07,02/08/2024 - 01/08/2026,Bundesliga / Championship / LaLiga / LaLiga 2 / Ligue 1 / Ligue 2 / MLS / Premier League
smt_tirs_dom,dom,West Ham,0.8975,1.1147,7.4032,8590,311,8,25.0,0.07,02/08/2024 - 01/08/2026,Bundesliga / Championship / LaLiga / LaLiga 2 / Ligue 1 / Ligue 2 / MLS / Premier League
smt_tirs_dom,dom,Milan,1.1884,0.867,7.4032,8590,311,8,25.0,0.07,02/08/2024 - 01/08/2026,Bundesliga / Championship / LaLiga / LaLiga 2 / Ligue 1 / Ligue 2 / MLS / Premier League
smt_tirs_dom,dom,SC Bastia,0.9837,0.8089,7.4032,8590,311,8,25.0,0.07,02/08/2024 - 01/08/2026,Bundesliga / Championship / LaLiga / LaLiga 2 / Ligue 1 / Ligue 2 / MLS / Premier League
smt_tirs_dom,dom,Karlsruher,1.057,1.1281,7.4032,8590,311,8,25.0,0.07,02/08/2024 - 01/08/2026,Bundesliga / Championship / LaLiga / LaLiga 2 / Ligue 1 / Ligue 2 / MLS / Premier League
smt_tirs_dom,dom,Angers,0.864,1.0088,7.4032,8590,311,8,25.0,0.07,02/08/2024 - 01/08/2026,Bundesliga / Championship / LaLiga / LaLiga 2 / Ligue 1 / Ligue 2 / MLS / Premier League
smt_tirs_dom,dom,Spezia,1.0526,1.0533,7.4032,8590,311,8,25.0,0.07,02/08/2024 - 01/08/2026,Bundesliga / Championship / LaLiga / LaLiga 2 / Ligue 1 / Ligue 2 / MLS / Premier League
smt_tirs_dom,dom,D. Dresde,0.9283,1.1507,7.4032,8590,311,8,25.0,0.07,02/08/2024 - 01/08/2026,Bundesliga / Championship / LaLiga / LaLiga 2 / Ligue 1 / Ligue 2 / MLS / Premier League
smt_tirs_dom,dom,Monza,0.9269,1.0329,7.4032,8590,311,8,25.0,0.07,02/08/2024 - 01/08/2026,Bundesliga / Championship / LaLiga / LaLiga 2 / Ligue 1 / Ligue 2 / MLS / Premier League
smt_tirs_dom,dom,Fulham,0.9972,0.906,7.4032,8590,311,8,25.0,0.07,02/08/2024 - 01/08/2026,Bundesliga / Championship / LaLiga / LaLiga 2 / Ligue 1 / Ligue 2 / MLS / Premier League
smt_tirs_dom,dom,Los Angeles,1.0192,0.947,7.4032,8590,311,8,25.0,0.07,02/08/2024 - 01/08/2026,Bundesliga / Championship / LaLiga / LaLiga 2 / Ligue 1 / Ligue 2 / MLS / Premier League
smt_tirs_dom,dom,Santa Clara,0.8804,0.8696,7.4032,8590,311,8,25.0,0.07,02/08/2024 - 01/08/2026,Bundesliga / Championship / LaLiga / LaLiga 2 / Ligue 1 / Ligue 2 / MLS / Premier League
smt_tirs_dom,dom,Valence,0.9991,0.9595,7.4032,8590,311,8,25.0,0.07,02/08/2024 - 01/08/2026,Bundesliga / Championship / LaLiga / LaLiga 2 / Ligue 1 / Ligue 2 / MLS / Premier League
smt_tirs_dom,dom,Hambourg,0.9328,1.2249,7.4032,8590,311,8,25.0,0.07,02/08/2024 - 01/08/2026,Bundesliga / Championship / LaLiga / LaLiga 2 / Ligue 1 / Ligue 2 / MLS / Premier League
smt_tirs_dom,dom,Hellas Verone,0.8237,1.0886,7.4032,8590,311,8,25.0,0.07,02/08/2024 - 01/08/2026,Bundesliga / Championship / LaLiga / LaLiga 2 / Ligue 1 / Ligue 2 / MLS / Premier League
smt_tirs_dom,dom,Toronto,0.8998,0.9616,7.4032,8590,311,8,25.0,0.07,02/08/2024 - 01/08/2026,Bundesliga / Championship / LaLiga / LaLiga 2 / Ligue 1 / Ligue 2 / MLS / Premier League
smt_tirs_dom,dom,Catanzaro,0.9995,1.1147,7.4032,8590,311,8,25.0,0.07,02/08/2024 - 01/08/2026,Bundesliga / Championship / LaLiga / LaLiga 2 / Ligue 1 / Ligue 2 / MLS / Premier League
smt_tirs_dom,dom,Moreirense,0.7673,0.9751,7.4032,8590,311,8,25.0,0.07,02/08/2024 - 01/08/2026,Bundesliga / Championship / LaLiga / LaLiga 2 / Ligue 1 / Ligue 2 / MLS / Premier League
smt_tirs_dom,dom,Lorient,1.0013,0.8964,7.4032,8590,311,8,25.0,0.07,02/08/2024 - 01/08/2026,Bundesliga / Championship / LaLiga / LaLiga 2 / Ligue 1 / Ligue 2 / MLS / Premier League
smt_tirs_dom,dom,Étienne - Nancy,1.0,0.9339,7.4032,8590,311,8,25.0,0.07,02/08/2024 - 01/08/2026,Bundesliga / Championship / LaLiga / LaLiga 2 / Ligue 1 / Ligue 2 / MLS / Premier League
smt_tirs_dom,dom,Greuther Fürth,0.9063,1.104,7.4032,8590,311,8,25.0,0.07,02/08/2024 - 01/08/2026,Bundesliga / Championship / LaLiga / LaLiga 2 / Ligue 1 / Ligue 2 / MLS / Premier League
smt_tirs_dom,dom,Frosinone,1.1027,1.1297,7.4032,8590,311,8,25.0,0.07,02/08/2024 - 01/08/2026,Bundesliga / Championship / LaLiga / LaLiga 2 / Ligue 1 / Ligue 2 / MLS / Premier League
smt_tirs_dom,dom,Rome,1.0711,0.9172,7.4032,8590,311,8,25.0,0.07,02/08/2024 - 01/08/2026,Bundesliga / Championship / LaLiga / LaLiga 2 / Ligue 1 / Ligue 2 / MLS / Premier League
smt_tirs_dom,dom,Carthagène,0.7787,1.1839,7.4032,8590,311,8,25.0,0.07,02/08/2024 - 01/08/2026,Bundesliga / Championship / LaLiga / LaLiga 2 / Ligue 1 / Ligue 2 / MLS / Premier League
smt_tirs_dom,dom,M'gladbach,0.9071,1.1509,7.4032,8590,311,8,25.0,0.07,02/08/2024 - 01/08/2026,Bundesliga / Championship / LaLiga / LaLiga 2 / Ligue 1 / Ligue 2 / MLS / Premier League
smt_tirs_dom,dom,Ath. Bilbao,1.0574,0.8296,7.4032,8590,311,8,25.0,0.07,02/08/2024 - 01/08/2026,Bundesliga / Championship / LaLiga / LaLiga 2 / Ligue 1 / Ligue 2 / MLS / Premier League
smt_tirs_dom,dom,Estrela,0.9035,1.0117,7.4032,8590,311,8,25.0,0.07,02/08/2024 - 01/08/2026,Bundesliga / Championship / LaLiga / LaLiga 2 / Ligue 1 / Ligue 2 / MLS / Premier League
smt_tirs_dom,dom,Hull City,0.8746,1.0627,7.4032,8590,311,8,25.0,0.07,02/08/2024 - 01/08/2026,Bundesliga / Championship / LaLiga / LaLiga 2 / Ligue 1 / Ligue 2 / MLS / Premier League
smt_tirs_dom,dom,Nuremberg,1.0544,0.9911,7.4032,8590,311,8,25.0,0.07,02/08/2024 - 01/08/2026,Bundesliga / Championship / LaLiga / LaLiga 2 / Ligue 1 / Ligue 2 / MLS / Premier League
smt_tirs_dom,dom,Hanovre,1.1208,1.055,7.4032,8590,311,8,25.0,0.07,02/08/2024 - 01/08/2026,Bundesliga / Championship / LaLiga / LaLiga 2 / Ligue 1 / Ligue 2 / MLS / Premier League
smt_tirs_dom,dom,Paderborn,1.2441,0.9675,7.4032,8590,311,8,25.0,0.07,02/08/2024 - 01/08/2026,Bundesliga / Championship / LaLiga / LaLiga 2 / Ligue 1 / Ligue 2 / MLS / Premier League
smt_tirs_dom,dom,AJ Auxerre,0.9559,1.0807,7.4032,8590,311,8,25.0,0.07,02/08/2024 - 01/08/2026,Bundesliga / Championship / LaLiga / LaLiga 2 / Ligue 1 / Ligue 2 / MLS / Premier League
smt_tirs_dom,dom,Étienne - Troyes,1.0,1.024,7.4032,8590,311,8,25.0,0.07,02/08/2024 - 01/08/2026,Bundesliga / Championship / LaLiga / LaLiga 2 / Ligue 1 / Ligue 2 / MLS / Premier League
smt_tirs_dom,dom,Millwall,0.9506,1.0047,7.4032,8590,311,8,25.0,0.07,02/08/2024 - 01/08/2026,Bundesliga / Championship / LaLiga / LaLiga 2 / Ligue 1 / Ligue 2 / MLS / Premier League
smt_tirs_dom,dom,Gérone,0.957,1.0882,7.4032,8590,311,8,25.0,0.07,02/08/2024 - 01/08/2026,Bundesliga / Championship / LaLiga / LaLiga 2 / Ligue 1 / Ligue 2 / MLS / Premier League
smt_tirs_dom,dom,Düsseldorf,1.0068,1.0256,7.4032,8590,311,8,25.0,0.07,02/08/2024 - 01/08/2026,Bundesliga / Championship / LaLiga / LaLiga 2 / Ligue 1 / Ligue 2 / MLS / Premier League
smt_tirs_dom,dom,Bayern Munich,1.3851,0.8066,7.4032,8590,311,8,25.0,0.07,02/08/2024 - 01/08/2026,Bundesliga / Championship / LaLiga / LaLiga 2 / Ligue 1 / Ligue 2 / MLS / Premier League
smt_tirs_dom,dom,Ipswich Town,1.071,0.938,7.4032,8590,311,8,25.0,0.07,02/08/2024 - 01/08/2026,Bundesliga / Championship / LaLiga / LaLiga 2 / Ligue 1 / Ligue 2 / MLS / Premier League
smt_tirs_dom,dom,Real Madrid,1.2591,0.8712,7.4032,8590,311,8,25.0,0.07,02/08/2024 - 01/08/2026,Bundesliga / Championship / LaLiga / LaLiga 2 / Ligue 1 / Ligue 2 / MLS / Premier League
smt_tirs_dom,dom,Elversberg,1.0396,0.9084,7.4032,8590,311,8,25.0,0.07,02/08/2024 - 01/08/2026,Bundesliga / Championship / LaLiga / LaLiga 2 / Ligue 1 / Ligue 2 / MLS / Premier League
smt_tirs_dom,dom,Étienne - USL Dunkerque,1.0,1.009,7.4032,8590,311,8,25.0,0.07,02/08/2024 - 01/08/2026,Bundesliga / Championship / LaLiga / LaLiga 2 / Ligue 1 / Ligue 2 / MLS / Premier League
smt_tirs_dom,dom,Mayence,1.0062,1.1459,7.4032,8590,311,8,25.0,0.07,02/08/2024 - 01/08/2026,Bundesliga / Championship / LaLiga / LaLiga 2 / Ligue 1 / Ligue 2 / MLS / Premier League
smt_tirs_dom,dom,Magdebourg,1.0818,1.0933,7.4032,8590,311,8,25.0,0.07,02/08/2024 - 01/08/2026,Bundesliga / Championship / LaLiga / LaLiga 2 / Ligue 1 / Ligue 2 / MLS / Premier League
smt_tirs_dom,dom,Tottenham,1.021,1.0249,7.4032,8590,311,8,25.0,0.07,02/08/2024 - 01/08/2026,Bundesliga / Championship / LaLiga / LaLiga 2 / Ligue 1 / Ligue 2 / MLS / Premier League
smt_tirs_dom,dom,Watford,1.0908,0.9324,7.4032,8590,311,8,25.0,0.07,02/08/2024 - 01/08/2026,Bundesliga / Championship / LaLiga / LaLiga 2 / Ligue 1 / Ligue 2 / MLS / Premier League
smt_tirs_dom,dom,Rio Ave,0.9349,1.1028,7.4032,8590,311,8,25.0,0.07,02/08/2024 - 01/08/2026,Bundesliga / Championship / LaLiga / LaLiga 2 / Ligue 1 / Ligue 2 / MLS / Premier League
smt_tirs_dom,dom,Sheffield Utd,1.0574,0.9701,7.4032,8590,311,8,25.0,0.07,02/08/2024 - 01/08/2026,Bundesliga / Championship / LaLiga / LaLiga 2 / Ligue 1 / Ligue 2 / MLS / Premier League
smt_tirs_dom,dom,Nashville SC,0.8997,0.8976,7.4032,8590,311,8,25.0,0.07,02/08/2024 - 01/08/2026,Bundesliga / Championship / LaLiga / LaLiga 2 / Ligue 1 / Ligue 2 / MLS / Premier League
smt_tirs_dom,dom,Ratisbonne,0.9057,1.0638,7.4032,8590,311,8,25.0,0.07,02/08/2024 - 01/08/2026,Bundesliga / Championship / LaLiga / LaLiga 2 / Ligue 1 / Ligue 2 / MLS / Premier League
smt_tirs_dom,dom,St. Lavallois,0.7806,1.0467,7.4032,8590,311,8,25.0,0.07,02/08/2024 - 01/08/2026,Bundesliga / Championship / LaLiga / LaLiga 2 / Ligue 1 / Ligue 2 / MLS / Premier League
smt_tirs_dom,dom,Oxford Utd,0.9387,1.1095,7.4032,8590,311,8,25.0,0.07,02/08/2024 - 01/08/2026,Bundesliga / Championship / LaLiga / LaLiga 2 / Ligue 1 / Ligue 2 / MLS / Premier League
smt_tirs_dom,dom,Annecy,0.8228,0.87,7.4032,8590,311,8,25.0,0.07,02/08/2024 - 01/08/2026,Bundesliga / Championship / LaLiga / LaLiga 2 / Ligue 1 / Ligue 2 / MLS / Premier League
smt_tirs_dom,dom,Elche,0.9642,1.0422,7.4032,8590,311,8,25.0,0.07,02/08/2024 - 01/08/2026,Bundesliga / Championship / LaLiga / LaLiga 2 / Ligue 1 / Ligue 2 / MLS / Premier League
smt_tirs_dom,dom,Cesena,1.0141,0.9707,7.4032,8590,311,8,25.0,0.07,02/08/2024 - 01/08/2026,Bundesliga / Championship / LaLiga / LaLiga 2 / Ligue 1 / Ligue 2 / MLS / Premier League
smt_tirs_dom,dom,Arouca,0.839,1.0336,7.4032,8590,311,8,25.0,0.07,02/08/2024 - 01/08/2026,Bundesliga / Championship / LaLiga / LaLiga 2 / Ligue 1 / Ligue 2 / MLS / Premier League
smt_tirs_dom,dom,Havre AC,0.881,1.1289,7.4032,8590,311,8,25.0,0.07,02/08/2024 - 01/08/2026,Bundesliga / Championship / LaLiga / LaLiga 2 / Ligue 1 / Ligue 2 / MLS / Premier League
smt_tirs_dom,dom,Bologne,1.1042,0.8565,7.4032,8590,311,8,25.0,0.07,02/08/2024 - 01/08/2026,Bundesliga / Championship / LaLiga / LaLiga 2 / Ligue 1 / Ligue 2 / MLS / Premier League
smt_tirs_dom,dom,Mantoue,1.0361,1.0262,7.4032,8590,311,8,25.0,0.07,02/08/2024 - 01/08/2026,Bundesliga / Championship / LaLiga / LaLiga 2 / Ligue 1 / Ligue 2 / MLS / Premier League
smt_tirs_dom,dom,Red Star,0.9356,0.8822,7.4032,8590,311,8,25.0,0.07,02/08/2024 - 01/08/2026,Bundesliga / Championship / LaLiga / LaLiga 2 / Ligue 1 / Ligue 2 / MLS / Premier League
smt_tirs_dom,dom,Montpellier,0.9786,1.0701,7.4032,8590,311,8,25.0,0.07,02/08/2024 - 01/08/2026,Bundesliga / Championship / LaLiga / LaLiga 2 / Ligue 1 / Ligue 2 / MLS / Premier League
smt_tirs_dom,dom,Southampton,0.9635,1.0281,7.4032,8590,311,8,25.0,0.07,02/08/2024 - 01/08/2026,Bundesliga / Championship / LaLiga / LaLiga 2 / Ligue 1 / Ligue 2 / MLS / Premier League
smt_tirs_dom,dom,Alavés,0.903,1.0038,7.4032,8590,311,8,25.0,0.07,02/08/2024 - 01/08/2026,Bundesliga / Championship / LaLiga / LaLiga 2 / Ligue 1 / Ligue 2 / MLS / Premier League
smt_tirs_dom,dom,Étienne - Havre AC,1.0,1.129,7.4032,8590,311,8,25.0,0.07,02/08/2024 - 01/08/2026,Bundesliga / Championship / LaLiga / LaLiga 2 / Ligue 1 / Ligue 2 / MLS / Premier League
smt_tirs_dom,dom,Étienne - Pau,1.0,0.9939,7.4032,8590,311,8,25.0,0.07,02/08/2024 - 01/08/2026,Bundesliga / Championship / LaLiga / LaLiga 2 / Ligue 1 / Ligue 2 / MLS / Premier League
smt_tirs_dom,dom,Austin,0.9185,1.336,7.4032,8590,311,8,25.0,0.07,02/08/2024 - 01/08/2026,Bundesliga / Championship / LaLiga / LaLiga 2 / Ligue 1 / Ligue 2 / MLS / Premier League
smt_tirs_dom,dom,Liverpool,1.1503,0.9052,7.4032,8590,311,8,25.0,0.07,02/08/2024 - 01/08/2026,Bundesliga / Championship / LaLiga / LaLiga 2 / Ligue 1 / Ligue 2 / MLS / Premier League
smt_tirs_dom,dom,Tondela,0.9887,0.8425,7.4032,8590,311,8,25.0,0.07,02/08/2024 - 01/08/2026,Bundesliga / Championship / LaLiga / LaLiga 2 / Ligue 1 / Ligue 2 / MLS / Premier League
smt_tirs_dom,dom,Étienne - Nice,1.0,0.9621,7.4032,8590,311,8,25.0,0.07,02/08/2024 - 01/08/2026,Bundesliga / Championship / LaLiga / LaLiga 2 / Ligue 1 / Ligue 2 / MLS / Premier League
smt_tirs_dom,dom,Lyon,1.0097,1.0053,7.4032,8590,311,8,25.0,0.07,02/08/2024 - 01/08/2026,Bundesliga / Championship / LaLiga / LaLiga 2 / Ligue 1 / Ligue 2 / MLS / Premier League
smt_tirs_dom,dom,Cincinnati,1.0872,1.1215,7.4032,8590,311,8,25.0,0.07,02/08/2024 - 01/08/2026,Bundesliga / Championship / LaLiga / LaLiga 2 / Ligue 1 / Ligue 2 / MLS / Premier League
smt_tirs_dom,dom,Barcelone,1.2235,0.794,7.4032,8590,311,8,25.0,0.07,02/08/2024 - 01/08/2026,Bundesliga / Championship / LaLiga / LaLiga 2 / Ligue 1 / Ligue 2 / MLS / Premier League
smt_tirs_dom,dom,Bari,0.8567,1.1763,7.4032,8590,311,8,25.0,0.07,02/08/2024 - 01/08/2026,Bundesliga / Championship / LaLiga / LaLiga 2 / Ligue 1 / Ligue 2 / MLS / Premier League
smt_tirs_dom,dom,Étienne - Rennes,1.0,1.009,7.4032,8590,311,8,25.0,0.07,02/08/2024 - 01/08/2026,Bundesliga / Championship / LaLiga / LaLiga 2 / Ligue 1 / Ligue 2 / MLS / Premier League
smt_tirs_dom,dom,Dallas,0.8906,1.1693,7.4032,8590,311,8,25.0,0.07,02/08/2024 - 01/08/2026,Bundesliga / Championship / LaLiga / LaLiga 2 / Ligue 1 / Ligue 2 / MLS / Premier League
smt_tirs_dom,dom,Udinese,0.8898,1.0573,7.4032,8590,311,8,25.0,0.07,02/08/2024 - 01/08/2026,Bundesliga / Championship / LaLiga / LaLiga 2 / Ligue 1 / Ligue 2 / MLS / Premier League
smt_tirs_dom,dom,Carrarese,1.0662,0.9344,7.4032,8590,311,8,25.0,0.07,02/08/2024 - 01/08/2026,Bundesliga / Championship / LaLiga / LaLiga 2 / Ligue 1 / Ligue 2 / MLS / Premier League
smt_tirs_dom,dom,Atlanta Utd,1.0442,1.1139,7.4032,8590,311,8,25.0,0.07,02/08/2024 - 01/08/2026,Bundesliga / Championship / LaLiga / LaLiga 2 / Ligue 1 / Ligue 2 / MLS / Premier League
smt_tirs_dom,dom,Grenoble Foot,0.8,1.0997,7.4032,8590,311,8,25.0,0.07,02/08/2024 - 01/08/2026,Bundesliga / Championship / LaLiga / LaLiga 2 / Ligue 1 / Ligue 2 / MLS / Premier League
smt_tirs_dom,dom,Boavista,0.9526,1.1082,7.4032,8590,311,8,25.0,0.07,02/08/2024 - 01/08/2026,Bundesliga / Championship / LaLiga / LaLiga 2 / Ligue 1 / Ligue 2 / MLS / Premier League
smt_tirs_dom,dom,Penafiel,0.7631,0.9996,7.4032,8590,311,8,25.0,0.07,02/08/2024 - 01/08/2026,Bundesliga / Championship / LaLiga / LaLiga 2 / Ligue 1 / Ligue 2 / MLS / Premier League
smt_tirs_dom,dom,Santander,1.1356,1.0085,7.4032,8590,311,8,25.0,0.07,02/08/2024 - 01/08/2026,Bundesliga / Championship / LaLiga / LaLiga 2 / Ligue 1 / Ligue 2 / MLS / Premier League
smt_tirs_dom,dom,NY Red Bulls,1.0001,1.0766,7.4032,8590,311,8,25.0,0.07,02/08/2024 - 01/08/2026,Bundesliga / Championship / LaLiga / LaLiga 2 / Ligue 1 / Ligue 2 / MLS / Premier League
smt_tirs_dom,dom,Pau,1.0653,0.8642,7.4032,8590,311,8,25.0,0.07,02/08/2024 - 01/08/2026,Bundesliga / Championship / LaLiga / LaLiga 2 / Ligue 1 / Ligue 2 / MLS / Premier League
smt_tirs_dom,dom,St. Louis,1.2409,1.1031,7.4032,8590,311,8,25.0,0.07,02/08/2024 - 01/08/2026,Bundesliga / Championship / LaLiga / LaLiga 2 / Ligue 1 / Ligue 2 / MLS / Premier League
smt_tirs_dom,dom,Cardiff,1.083,0.9793,7.4032,8590,311,8,25.0,0.07,02/08/2024 - 01/08/2026,Bundesliga / Championship / LaLiga / LaLiga 2 / Ligue 1 / Ligue 2 / MLS / Premier League
smt_tirs_dom,dom,Dortmund,1.0573,0.8822,7.4032,8590,311,8,25.0,0.07,02/08/2024 - 01/08/2026,Bundesliga / Championship / LaLiga / LaLiga 2 / Ligue 1 / Ligue 2 / MLS / Premier League
smt_tirs_dom,dom,Casa Pia,0.7875,1.0412,7.4032,8590,311,8,25.0,0.07,02/08/2024 - 01/08/2026,Bundesliga / Championship / LaLiga / LaLiga 2 / Ligue 1 / Ligue 2 / MLS / Premier League
smt_tirs_dom,dom,Burnley,0.8771,1.028,7.4032,8590,311,8,25.0,0.07,02/08/2024 - 01/08/2026,Bundesliga / Championship / LaLiga / LaLiga 2 / Ligue 1 / Ligue 2 / MLS / Premier League
smt_tirs_dom,dom,Montreal,0.8971,0.9513,7.4032,8590,311,8,25.0,0.07,02/08/2024 - 01/08/2026,Bundesliga / Championship / LaLiga / LaLiga 2 / Ligue 1 / Ligue 2 / MLS / Premier League
smt_tirs_dom,dom,Atalanta,1.174,0.9991,7.4032,8590,311,8,25.0,0.07,02/08/2024 - 01/08/2026,Bundesliga / Championship / LaLiga / LaLiga 2 / Ligue 1 / Ligue 2 / MLS / Premier League
smt_tirs_dom,dom,Nantes,1.0098,1.0618,7.4032,8590,311,8,25.0,0.07,02/08/2024 - 01/08/2026,Bundesliga / Championship / LaLiga / LaLiga 2 / Ligue 1 / Ligue 2 / MLS / Premier League
smt_tirs_dom,dom,Étienne - Annecy,1.0,0.9789,7.4032,8590,311,8,25.0,0.07,02/08/2024 - 01/08/2026,Bundesliga / Championship / LaLiga / LaLiga 2 / Ligue 1 / Ligue 2 / MLS / Premier League
smt_tirs_dom,dom,Étienne - St. Lavallois,1.0,1.039,7.4032,8590,311,8,25.0,0.07,02/08/2024 - 01/08/2026,Bundesliga / Championship / LaLiga / LaLiga 2 / Ligue 1 / Ligue 2 / MLS / Premier League
smt_tirs_dom,dom,V. Guimaraes,0.9471,0.8091,7.4032,8590,311,8,25.0,0.07,02/08/2024 - 01/08/2026,Bundesliga / Championship / LaLiga / LaLiga 2 / Ligue 1 / Ligue 2 / MLS / Premier League
smt_tirs_dom,dom,Las Palmas,0.9827,1.0687,7.4032,8590,311,8,25.0,0.07,02/08/2024 - 01/08/2026,Bundesliga / Championship / LaLiga / LaLiga 2 / Ligue 1 / Ligue 2 / MLS / Premier League
smt_tirs_dom,dom,Charlton,1.0034,1.3761,7.4032,8590,311,8,25.0,0.07,02/08/2024 - 01/08/2026,Bundesliga / Championship / LaLiga / LaLiga 2 / Ligue 1 / Ligue 2 / MLS / Premier League
smt_tirs_dom,dom,Brest,0.9236,1.0702,7.4032,8590,311,8,25.0,0.07,02/08/2024 - 01/08/2026,Bundesliga / Championship / LaLiga / LaLiga 2 / Ligue 1 / Ligue 2 / MLS / Premier League
smt_tirs_dom,dom,Pise,0.9459,0.9942,7.4032,8590,311,8,25.0,0.07,02/08/2024 - 01/08/2026,Bundesliga / Championship / LaLiga / LaLiga 2 / Ligue 1 / Ligue 2 / MLS / Premier League
smt_tirs_dom,dom,A. Bielefeld,1.2174,1.0785,7.4032,8590,311,8,25.0,0.07,02/08/2024 - 01/08/2026,Bundesliga / Championship / LaLiga / LaLiga 2 / Ligue 1 / Ligue 2 / MLS / Premier League
smt_tirs_dom,dom,Real Saragosse,1.0252,0.9334,7.4032,8590,311,8,25.0,0.07,02/08/2024 - 01/08/2026,Bundesliga / Championship / LaLiga / LaLiga 2 / Ligue 1 / Ligue 2 / MLS / Premier League
smt_tirs_dom,dom,West Bromwich,1.0194,0.8592,7.4032,8590,311,8,25.0,0.07,02/08/2024 - 01/08/2026,Bundesliga / Championship / LaLiga / LaLiga 2 / Ligue 1 / Ligue 2 / MLS / Premier League
smt_tirs_dom,dom,V. Whitecaps,1.1237,0.786,7.4032,8590,311,8,25.0,0.07,02/08/2024 - 01/08/2026,Bundesliga / Championship / LaLiga / LaLiga 2 / Ligue 1 / Ligue 2 / MLS / Premier League
smt_tirs_dom,dom,Alverca,0.8242,0.9329,7.4032,8590,311,8,25.0,0.07,02/08/2024 - 01/08/2026,Bundesliga / Championship / LaLiga / LaLiga 2 / Ligue 1 / Ligue 2 / MLS / Premier League
smt_tirs_dom,dom,Wolverhampton,0.8837,0.9819,7.4032,8590,311,8,25.0,0.07,02/08/2024 - 01/08/2026,Bundesliga / Championship / LaLiga / LaLiga 2 / Ligue 1 / Ligue 2 / MLS / Premier League
smt_tirs_dom,dom,Stoke,0.8094,1.0899,7.4032,8590,311,8,25.0,0.07,02/08/2024 - 01/08/2026,Bundesliga / Championship / LaLiga / LaLiga 2 / Ligue 1 / Ligue 2 / MLS / Premier League
smt_tirs_dom,dom,Feirense,0.9186,0.8638,7.4032,8590,311,8,25.0,0.07,02/08/2024 - 01/08/2026,Bundesliga / Championship / LaLiga / LaLiga 2 / Ligue 1 / Ligue 2 / MLS / Premier League
smt_tirs_dom,dom,Metz,1.0033,1.0935,7.4032,8590,311,8,25.0,0.07,02/08/2024 - 01/08/2026,Bundesliga / Championship / LaLiga / LaLiga 2 / Ligue 1 / Ligue 2 / MLS / Premier League
smt_tirs_dom,dom,Sporting CP II,0.9359,0.8781,7.4032,8590,311,8,25.0,0.07,02/08/2024 - 01/08/2026,Bundesliga / Championship / LaLiga / LaLiga 2 / Ligue 1 / Ligue 2 / MLS / Premier League
smt_tirs_dom,dom,Saint-Étienne,1.0,1.0622,7.4032,8590,311,8,25.0,0.07,02/08/2024 - 01/08/2026,Bundesliga / Championship / LaLiga / LaLiga 2 / Ligue 1 / Ligue 2 / MLS / Premier League
smt_tirs_dom,dom,New York City,1.0818,0.9779,7.4032,8590,311,8,25.0,0.07,02/08/2024 - 01/08/2026,Bundesliga / Championship / LaLiga / LaLiga 2 / Ligue 1 / Ligue 2 / MLS / Premier League
smt_tirs_dom,dom,Augsbourg,0.9507,1.1107,7.4032,8590,311,8,25.0,0.07,02/08/2024 - 01/08/2026,Bundesliga / Championship / LaLiga / LaLiga 2 / Ligue 1 / Ligue 2 / MLS / Premier League
smt_tirs_dom,dom,Étienne - Red Star,1.0,0.9939,7.4032,8590,311,8,25.0,0.07,02/08/2024 - 01/08/2026,Bundesliga / Championship / LaLiga / LaLiga 2 / Ligue 1 / Ligue 2 / MLS / Premier League
smt_tirs_dom,dom,Leixões,0.9462,0.9359,7.4032,8590,311,8,25.0,0.07,02/08/2024 - 01/08/2026,Bundesliga / Championship / LaLiga / LaLiga 2 / Ligue 1 / Ligue 2 / MLS / Premier League
smt_tirs_dom,dom,Phila. Union,1.2474,0.9201,7.4032,8590,311,8,25.0,0.07,02/08/2024 - 01/08/2026,Bundesliga / Championship / LaLiga / LaLiga 2 / Ligue 1 / Ligue 2 / MLS / Premier League
smt_tirs_dom,dom,Coventry,1.1712,1.0077,7.4032,8590,311,8,25.0,0.07,02/08/2024 - 01/08/2026,Bundesliga / Championship / LaLiga / LaLiga 2 / Ligue 1 / Ligue 2 / MLS / Premier League
smt_tirs_dom,dom,Étienne - SC Bastia,1.0,0.9939,7.4032,8590,311,8,25.0,0.07,02/08/2024 - 01/08/2026,Bundesliga / Championship / LaLiga / LaLiga 2 / Ligue 1 / Ligue 2 / MLS / Premier League
smt_tirs_dom,dom,Columbus,1.008,0.9284,7.4032,8590,311,8,25.0,0.07,02/08/2024 - 01/08/2026,Bundesliga / Championship / LaLiga / LaLiga 2 / Ligue 1 / Ligue 2 / MLS / Premier League
smt_tirs_dom,dom,Kiel,0.9542,1.2029,7.4032,8590,311,8,25.0,0.07,02/08/2024 - 01/08/2026,Bundesliga / Championship / LaLiga / LaLiga 2 / Ligue 1 / Ligue 2 / MLS / Premier League
smt_tirs_dom,dom,Middlesbrough,1.1098,0.8002,7.4032,8590,311,8,25.0,0.07,02/08/2024 - 01/08/2026,Bundesliga / Championship / LaLiga / LaLiga 2 / Ligue 1 / Ligue 2 / MLS / Premier League
smt_tirs_dom,dom,UD Oliveirense,0.754,1.0011,7.4032,8590,311,8,25.0,0.07,02/08/2024 - 01/08/2026,Bundesliga / Championship / LaLiga / LaLiga 2 / Ligue 1 / Ligue 2 / MLS / Premier League
smt_tirs_dom,dom,Étienne - Marseille,1.0,0.9039,7.4032,8590,311,8,25.0,0.07,02/08/2024 - 01/08/2026,Bundesliga / Championship / LaLiga / LaLiga 2 / Ligue 1 / Ligue 2 / MLS / Premier League
smt_tirs_dom,dom,AVS,0.9237,1.0719,7.4032,8590,311,8,25.0,0.07,02/08/2024 - 01/08/2026,Bundesliga / Championship / LaLiga / LaLiga 2 / Ligue 1 / Ligue 2 / MLS / Premier League
smt_tirs_dom,dom,Deportivo,0.9928,1.0043,7.4032,8590,311,8,25.0,0.07,02/08/2024 - 01/08/2026,Bundesliga / Championship / LaLiga / LaLiga 2 / Ligue 1 / Ligue 2 / MLS / Premier League
smt_tirs_dom,dom,Gijon,0.9708,1.0291,7.4032,8590,311,8,25.0,0.07,02/08/2024 - 01/08/2026,Bundesliga / Championship / LaLiga / LaLiga 2 / Ligue 1 / Ligue 2 / MLS / Premier League
smt_tirs_dom,dom,Étienne - AJ Auxerre,1.0,0.9639,7.4032,8590,311,8,25.0,0.07,02/08/2024 - 01/08/2026,Bundesliga / Championship / LaLiga / LaLiga 2 / Ligue 1 / Ligue 2 / MLS / Premier League
smt_tirs_dom,dom,Castellon,1.1269,0.867,7.4032,8590,311,8,25.0,0.07,02/08/2024 - 01/08/2026,Bundesliga / Championship / LaLiga / LaLiga 2 / Ligue 1 / Ligue 2 / MLS / Premier League
smt_tirs_dom,dom,Cittadella,0.9149,1.0991,7.4032,8590,311,8,25.0,0.07,02/08/2024 - 01/08/2026,Bundesliga / Championship / LaLiga / LaLiga 2 / Ligue 1 / Ligue 2 / MLS / Premier League
smt_tirs_dom,dom,B. Leverkusen,1.3259,0.9831,7.4032,8590,311,8,25.0,0.07,02/08/2024 - 01/08/2026,Bundesliga / Championship / LaLiga / LaLiga 2 / Ligue 1 / Ligue 2 / MLS / Premier League
smt_tirs_dom,dom,Cagliari,0.9072,1.026,7.4032,8590,311,8,25.0,0.07,02/08/2024 - 01/08/2026,Bundesliga / Championship / LaLiga / LaLiga 2 / Ligue 1 / Ligue 2 / MLS / Premier League
smt_tirs_dom,dom,Swansea,0.9383,0.9853,7.4032,8590,311,8,25.0,0.07,02/08/2024 - 01/08/2026,Bundesliga / Championship / LaLiga / LaLiga 2 / Ligue 1 / Ligue 2 / MLS / Premier League
smt_tirs_dom,dom,Heidenheim,0.9749,1.096,7.4032,8590,311,8,25.0,0.07,02/08/2024 - 01/08/2026,Bundesliga / Championship / LaLiga / LaLiga 2 / Ligue 1 / Ligue 2 / MLS / Premier League
smt_tirs_dom,dom,Hertha BSC,1.0962,1.0565,7.4032,8590,311,8,25.0,0.07,02/08/2024 - 01/08/2026,Bundesliga / Championship / LaLiga / LaLiga 2 / Ligue 1 / Ligue 2 / MLS / Premier League
smt_tirs_dom,dom,Paris FC,0.9518,0.8976,7.4032,8590,311,8,25.0,0.07,02/08/2024 - 01/08/2026,Bundesliga / Championship / LaLiga / LaLiga 2 / Ligue 1 / Ligue 2 / MLS / Premier League
smt_tirs_dom,dom,Étienne - US Boulogne,1.0,0.8889,7.4032,8590,311,8,25.0,0.07,02/08/2024 - 01/08/2026,Bundesliga / Championship / LaLiga / LaLiga 2 / Ligue 1 / Ligue 2 / MLS / Premier League
smt_tirs_dom,dom,Benfica,1.2581,0.8777,7.4032,8590,311,8,25.0,0.07,02/08/2024 - 01/08/2026,Bundesliga / Championship / LaLiga / LaLiga 2 / Ligue 1 / Ligue 2 / MLS / Premier League
smt_tirs_dom,dom,Burgos,0.8336,0.9365,7.4032,8590,311,8,25.0,0.07,02/08/2024 - 01/08/2026,Bundesliga / Championship / LaLiga / LaLiga 2 / Ligue 1 / Ligue 2 / MLS / Premier League
smt_tirs_dom,dom,Étienne - Lille,1.0,0.9489,7.4032,8590,311,8,25.0,0.07,02/08/2024 - 01/08/2026,Bundesliga / Championship / LaLiga / LaLiga 2 / Ligue 1 / Ligue 2 / MLS / Premier League
smt_tirs_dom,dom,Étienne - Clermont,1.0,1.024,7.4032,8590,311,8,25.0,0.07,02/08/2024 - 01/08/2026,Bundesliga / Championship / LaLiga / LaLiga 2 / Ligue 1 / Ligue 2 / MLS / Premier League
smt_tirs_dom,dom,Brighton,1.0656,0.9028,7.4032,8590,311,8,25.0,0.07,02/08/2024 - 01/08/2026,Bundesliga / Championship / LaLiga / LaLiga 2 / Ligue 1 / Ligue 2 / MLS / Premier League
smt_tirs_dom,dom,Torreense,1.0107,0.9224,7.4032,8590,311,8,25.0,0.07,02/08/2024 - 01/08/2026,Bundesliga / Championship / LaLiga / LaLiga 2 / Ligue 1 / Ligue 2 / MLS / Premier League
smt_tirs_dom,dom,Eibar,1.0308,0.9917,7.4032,8590,311,8,25.0,0.07,02/08/2024 - 01/08/2026,Bundesliga / Championship / LaLiga / LaLiga 2 / Ligue 1 / Ligue 2 / MLS / Premier League
smt_tirs_dom,dom,Wolfsbourg,1.0908,1.2152,7.4032,8590,311,8,25.0,0.07,02/08/2024 - 01/08/2026,Bundesliga / Championship / LaLiga / LaLiga 2 / Ligue 1 / Ligue 2 / MLS / Premier League
smt_tirs_dom,dom,Sampdoria,0.9686,0.9643,7.4032,8590,311,8,25.0,0.07,02/08/2024 - 01/08/2026,Bundesliga / Championship / LaLiga / LaLiga 2 / Ligue 1 / Ligue 2 / MLS / Premier League
smt_tirs_dom,dom,Kaiserslautern,1.0963,1.1153,7.4032,8590,311,8,25.0,0.07,02/08/2024 - 01/08/2026,Bundesliga / Championship / LaLiga / LaLiga 2 / Ligue 1 / Ligue 2 / MLS / Premier League
smt_tirs_dom,dom,Côme,1.0535,0.8568,7.4032,8590,311,8,25.0,0.07,02/08/2024 - 01/08/2026,Bundesliga / Championship / LaLiga / LaLiga 2 / Ligue 1 / Ligue 2 / MLS / Premier League
smt_tirs_dom,dom,Leicester,0.9053,1.0705,7.4032,8590,311,8,25.0,0.07,02/08/2024 - 01/08/2026,Bundesliga / Championship / LaLiga / LaLiga 2 / Ligue 1 / Ligue 2 / MLS / Premier League
smt_tirs_dom,dom,Étienne - Amiens,1.0,0.9939,7.4032,8590,311,8,25.0,0.07,02/08/2024 - 01/08/2026,Bundesliga / Championship / LaLiga / LaLiga 2 / Ligue 1 / Ligue 2 / MLS / Premier League
smt_tirs_dom,dom,Huesca,0.9139,1.0233,7.4032,8590,311,8,25.0,0.07,02/08/2024 - 01/08/2026,Bundesliga / Championship / LaLiga / LaLiga 2 / Ligue 1 / Ligue 2 / MLS / Premier League
smt_tirs_dom,dom,Espanyol,0.9526,1.128,7.4032,8590,311,8,25.0,0.07,02/08/2024 - 01/08/2026,Bundesliga / Championship / LaLiga / LaLiga 2 / Ligue 1 / Ligue 2 / MLS / Premier League
smt_tirs_dom,dom,Leeds United,1.0926,0.8985,7.4032,8590,311,8,25.0,0.07,02/08/2024 - 01/08/2026,Bundesliga / Championship / LaLiga / LaLiga 2 / Ligue 1 / Ligue 2 / MLS / Premier League
smt_tirs_dom,dom,Portsmouth,1.0067,0.9683,7.4032,8590,311,8,25.0,0.07,02/08/2024 - 01/08/2026,Bundesliga / Championship / LaLiga / LaLiga 2 / Ligue 1 / Ligue 2 / MLS / Premier League
smt_tirs_dom,dom,Martigues,0.8589,1.1856,7.4032,8590,311,8,25.0,0.07,02/08/2024 - 01/08/2026,Bundesliga / Championship / LaLiga / LaLiga 2 / Ligue 1 / Ligue 2 / MLS / Premier League
smt_tirs_dom,dom,NE Revolution,0.8829,1.1286,7.4032,8590,311,8,25.0,0.07,02/08/2024 - 01/08/2026,Bundesliga / Championship / LaLiga / LaLiga 2 / Ligue 1 / Ligue 2 / MLS / Premier League
smt_tirs_dom,dom,Stuttgart,1.0833,1.1065,7.4032,8590,311,8,25.0,0.07,02/08/2024 - 01/08/2026,Bundesliga / Championship / LaLiga / LaLiga 2 / Ligue 1 / Ligue 2 / MLS / Premier League
smt_tirs_dom,dom,Amiens,0.8751,1.0649,7.4032,8590,311,8,25.0,0.07,02/08/2024 - 01/08/2026,Bundesliga / Championship / LaLiga / LaLiga 2 / Ligue 1 / Ligue 2 / MLS / Premier League
smt_tirs_dom,dom,Oviedo,0.954,0.9893,7.4032,8590,311,8,25.0,0.07,02/08/2024 - 01/08/2026,Bundesliga / Championship / LaLiga / LaLiga 2 / Ligue 1 / Ligue 2 / MLS / Premier League
smt_tirs_dom,dom,Étienne - Grenoble Foot,1.0,1.039,7.4032,8590,311,8,25.0,0.07,02/08/2024 - 01/08/2026,Bundesliga / Championship / LaLiga / LaLiga 2 / Ligue 1 / Ligue 2 / MLS / Premier League
smt_tirs_dom,dom,EA Guingamp,1.0016,0.9256,7.4032,8590,311,8,25.0,0.07,02/08/2024 - 01/08/2026,Bundesliga / Championship / LaLiga / LaLiga 2 / Ligue 1 / Ligue 2 / MLS / Premier League
smt_tirs_dom,dom,Racing de Ferrol,0.8755,0.9511,7.4032,8590,311,8,25.0,0.07,02/08/2024 - 01/08/2026,Bundesliga / Championship / LaLiga / LaLiga 2 / Ligue 1 / Ligue 2 / MLS / Premier League
smt_tirs_dom,dom,Eldense,1.067,1.1263,7.4032,8590,311,8,25.0,0.07,02/08/2024 - 01/08/2026,Bundesliga / Championship / LaLiga / LaLiga 2 / Ligue 1 / Ligue 2 / MLS / Premier League
smt_tirs_dom,dom,Benfica II,1.015,0.9834,7.4032,8590,311,8,25.0,0.07,02/08/2024 - 01/08/2026,Bundesliga / Championship / LaLiga / LaLiga 2 / Ligue 1 / Ligue 2 / MLS / Premier League
smt_tirs_dom,dom,Sporting KC,0.9009,1.0363,7.4032,8590,311,8,25.0,0.07,02/08/2024 - 01/08/2026,Bundesliga / Championship / LaLiga / LaLiga 2 / Ligue 1 / Ligue 2 / MLS / Premier League
smt_tirs_dom,dom,Queens Park R.,0.9919,0.8852,7.4032,8590,311,8,25.0,0.07,02/08/2024 - 01/08/2026,Bundesliga / Championship / LaLiga / LaLiga 2 / Ligue 1 / Ligue 2 / MLS / Premier League
smt_tirs_dom,dom,Sunderland,0.9432,1.1234,7.4032,8590,311,8,25.0,0.07,02/08/2024 - 01/08/2026,Bundesliga / Championship / LaLiga / LaLiga 2 / Ligue 1 / Ligue 2 / MLS / Premier League
smt_tirs_dom,dom,Reims,0.9897,0.8993,7.4032,8590,311,8,25.0,0.07,02/08/2024 - 01/08/2026,Bundesliga / Championship / LaLiga / LaLiga 2 / Ligue 1 / Ligue 2 / MLS / Premier League
smt_tirs_dom,dom,Portimonense,0.9044,1.096,7.4032,8590,311,8,25.0,0.07,02/08/2024 - 01/08/2026,Bundesliga / Championship / LaLiga / LaLiga 2 / Ligue 1 / Ligue 2 / MLS / Premier League
smt_tirs_dom,dom,Marseille,1.1714,0.8921,7.4032,8590,311,8,25.0,0.07,02/08/2024 - 01/08/2026,Bundesliga / Championship / LaLiga / LaLiga 2 / Ligue 1 / Ligue 2 / MLS / Premier League
smt_tirs_dom,dom,Cremonese,1.0225,1.1379,7.4032,8590,311,8,25.0,0.07,02/08/2024 - 01/08/2026,Bundesliga / Championship / LaLiga / LaLiga 2 / Ligue 1 / Ligue 2 / MLS / Premier League
smt_tirs_dom,dom,Real Betis,1.1031,0.8997,7.4032,8590,311,8,25.0,0.07,02/08/2024 - 01/08/2026,Bundesliga / Championship / LaLiga / LaLiga 2 / Ligue 1 / Ligue 2 / MLS / Premier League
smt_tirs_dom,dom,Felgueiras,0.6827,0.7851,7.4032,8590,311,8,25.0,0.07,02/08/2024 - 01/08/2026,Bundesliga / Championship / LaLiga / LaLiga 2 / Ligue 1 / Ligue 2 / MLS / Premier League
smt_tirs_dom,dom,Avellino,0.9885,1.1058,7.4032,8590,311,8,25.0,0.07,02/08/2024 - 01/08/2026,Bundesliga / Championship / LaLiga / LaLiga 2 / Ligue 1 / Ligue 2 / MLS / Premier League
smt_tirs_dom,dom,Farense,1.0123,1.0665,7.4032,8590,311,8,25.0,0.07,02/08/2024 - 01/08/2026,Bundesliga / Championship / LaLiga / LaLiga 2 / Ligue 1 / Ligue 2 / MLS / Premier League
smt_tirs_dom,dom,Pescara,1.128,1.1037,7.4032,8590,311,8,25.0,0.07,02/08/2024 - 01/08/2026,Bundesliga / Championship / LaLiga / LaLiga 2 / Ligue 1 / Ligue 2 / MLS / Premier League
smt_tirs_dom,dom,Hoffenheim,1.0189,1.0315,7.4032,8590,311,8,25.0,0.07,02/08/2024 - 01/08/2026,Bundesliga / Championship / LaLiga / LaLiga 2 / Ligue 1 / Ligue 2 / MLS / Premier League
smt_tirs_dom,dom,Cologne,1.1437,1.028,7.4032,8590,311,8,25.0,0.07,02/08/2024 - 01/08/2026,Bundesliga / Championship / LaLiga / LaLiga 2 / Ligue 1 / Ligue 2 / MLS / Premier League
smt_tirs_dom,dom,Brunswick,1.0216,0.9858,7.4032,8590,311,8,25.0,0.07,02/08/2024 - 01/08/2026,Bundesliga / Championship / LaLiga / LaLiga 2 / Ligue 1 / Ligue 2 / MLS / Premier League
smt_tirs_dom,dom,Schalke 04,1.0987,0.9035,7.4032,8590,311,8,25.0,0.07,02/08/2024 - 01/08/2026,Bundesliga / Championship / LaLiga / LaLiga 2 / Ligue 1 / Ligue 2 / MLS / Premier League
smt_tirs_dom,dom,Étienne - Rodez,1.0,1.0555,7.4032,8590,311,8,25.0,0.07,02/08/2024 - 01/08/2026,Bundesliga / Championship / LaLiga / LaLiga 2 / Ligue 1 / Ligue 2 / MLS / Premier League
smt_tirs_dom,dom,Juventus,1.2541,0.9119,7.4032,8590,311,8,25.0,0.07,02/08/2024 - 01/08/2026,Bundesliga / Championship / LaLiga / LaLiga 2 / Ligue 1 / Ligue 2 / MLS / Premier League
smt_tirs_dom,dom,Osasuna,1.0085,1.0335,7.4032,8590,311,8,25.0,0.07,02/08/2024 - 01/08/2026,Bundesliga / Championship / LaLiga / LaLiga 2 / Ligue 1 / Ligue 2 / MLS / Premier League
smt_tirs_dom,dom,Viseu,0.8843,0.8385,7.4032,8590,311,8,25.0,0.07,02/08/2024 - 01/08/2026,Bundesliga / Championship / LaLiga / LaLiga 2 / Ligue 1 / Ligue 2 / MLS / Premier League
smt_tirs_dom,dom,PSG,1.3394,0.8674,7.4032,8590,311,8,25.0,0.07,02/08/2024 - 01/08/2026,Bundesliga / Championship / LaLiga / LaLiga 2 / Ligue 1 / Ligue 2 / MLS / Premier League
smt_tirs_dom,dom,Charlotte,0.943,1.0866,7.4032,8590,311,8,25.0,0.07,02/08/2024 - 01/08/2026,Bundesliga / Championship / LaLiga / LaLiga 2 / Ligue 1 / Ligue 2 / MLS / Premier League
smt_tirs_dom,dom,Étienne - Nantes,1.0,1.054,7.4032,8590,311,8,25.0,0.07,02/08/2024 - 01/08/2026,Bundesliga / Championship / LaLiga / LaLiga 2 / Ligue 1 / Ligue 2 / MLS / Premier League
smt_tirs_dom,dom,Preston,0.8562,1.0583,7.4032,8590,311,8,25.0,0.07,02/08/2024 - 01/08/2026,Bundesliga / Championship / LaLiga / LaLiga 2 / Ligue 1 / Ligue 2 / MLS / Premier League
smt_tirs_dom,dom,Gil Vicente,1.0143,0.824,7.4032,8590,311,8,25.0,0.07,02/08/2024 - 01/08/2026,Bundesliga / Championship / LaLiga / LaLiga 2 / Ligue 1 / Ligue 2 / MLS / Premier League
smt_tirs_dom,dom,Reggiana,0.8812,1.0814,7.4032,8590,311,8,25.0,0.07,02/08/2024 - 01/08/2026,Bundesliga / Championship / LaLiga / LaLiga 2 / Ligue 1 / Ligue 2 / MLS / Premier League
smt_tirs_dom,dom,AC Ajaccio,0.9649,1.1767,7.4032,8590,311,8,25.0,0.07,02/08/2024 - 01/08/2026,Bundesliga / Championship / LaLiga / LaLiga 2 / Ligue 1 / Ligue 2 / MLS / Premier League
smt_tirs_dom,dom,San Jose E.,1.181,1.0716,7.4032,8590,311,8,25.0,0.07,02/08/2024 - 01/08/2026,Bundesliga / Championship / LaLiga / LaLiga 2 / Ligue 1 / Ligue 2 / MLS / Premier League
smt_tirs_dom,dom,LA Galaxy,1.0562,1.0429,7.4032,8590,311,8,25.0,0.07,02/08/2024 - 01/08/2026,Bundesliga / Championship / LaLiga / LaLiga 2 / Ligue 1 / Ligue 2 / MLS / Premier League
smt_tirs_dom,dom,Wrexham,1.0417,1.1101,7.4032,8590,311,8,25.0,0.07,02/08/2024 - 01/08/2026,Bundesliga / Championship / LaLiga / LaLiga 2 / Ligue 1 / Ligue 2 / MLS / Premier League
smt_tirs_dom,dom,AS Monaco,0.9462,1.0314,7.4032,8590,311,8,25.0,0.07,02/08/2024 - 01/08/2026,Bundesliga / Championship / LaLiga / LaLiga 2 / Ligue 1 / Ligue 2 / MLS / Premier League
smt_tirs_dom,dom,Séville,0.9429,0.9161,7.4032,8590,311,8,25.0,0.07,02/08/2024 - 01/08/2026,Bundesliga / Championship / LaLiga / LaLiga 2 / Ligue 1 / Ligue 2 / MLS / Premier League
smt_tirs_dom,dom,Union Berlin,0.947,1.0296,7.4032,8590,311,8,25.0,0.07,02/08/2024 - 01/08/2026,Bundesliga / Championship / LaLiga / LaLiga 2 / Ligue 1 / Ligue 2 / MLS / Premier League
smt_tirs_dom,dom,Rayo Vallecano,1.151,0.9684,7.4032,8590,311,8,25.0,0.07,02/08/2024 - 01/08/2026,Bundesliga / Championship / LaLiga / LaLiga 2 / Ligue 1 / Ligue 2 / MLS / Premier League
smt_tirs_dom,dom,Atl. Madrid,0.9976,0.9869,7.4032,8590,311,8,25.0,0.07,02/08/2024 - 01/08/2026,Bundesliga / Championship / LaLiga / LaLiga 2 / Ligue 1 / Ligue 2 / MLS / Premier League
smt_tirs_dom,dom,Toulouse,1.0528,0.9831,7.4032,8590,311,8,25.0,0.07,02/08/2024 - 01/08/2026,Bundesliga / Championship / LaLiga / LaLiga 2 / Ligue 1 / Ligue 2 / MLS / Premier League
smt_tirs_dom,dom,Parme,0.9259,1.1143,7.4032,8590,311,8,25.0,0.07,02/08/2024 - 01/08/2026,Bundesliga / Championship / LaLiga / LaLiga 2 / Ligue 1 / Ligue 2 / MLS / Premier League
smt_tirs_dom,dom,Real Sociedad,0.9379,1.1039,7.4032,8590,311,8,25.0,0.07,02/08/2024 - 01/08/2026,Bundesliga / Championship / LaLiga / LaLiga 2 / Ligue 1 / Ligue 2 / MLS / Premier League
smt_tirs_dom,dom,US Boulogne,0.7611,0.8738,7.4032,8590,311,8,25.0,0.07,02/08/2024 - 01/08/2026,Bundesliga / Championship / LaLiga / LaLiga 2 / Ligue 1 / Ligue 2 / MLS / Premier League
smt_tirs_dom,dom,Cordoba,1.2228,0.9104,7.4032,8590,311,8,25.0,0.07,02/08/2024 - 01/08/2026,Bundesliga / Championship / LaLiga / LaLiga 2 / Ligue 1 / Ligue 2 / MLS / Premier League
smt_tirs_dom,dom,Étienne - PSG,1.0,0.9639,7.4032,8590,311,8,25.0,0.07,02/08/2024 - 01/08/2026,Bundesliga / Championship / LaLiga / LaLiga 2 / Ligue 1 / Ligue 2 / MLS / Premier League
smt_tirs_dom,dom,Inter Miami,1.146,0.9086,7.4032,8590,311,8,25.0,0.07,02/08/2024 - 01/08/2026,Bundesliga / Championship / LaLiga / LaLiga 2 / Ligue 1 / Ligue 2 / MLS / Premier League
smt_tirs_dom,dom,Virtus,1.0702,0.9428,7.4032,8590,311,8,25.0,0.07,02/08/2024 - 01/08/2026,Bundesliga / Championship / LaLiga / LaLiga 2 / Ligue 1 / Ligue 2 / MLS / Premier League
smt_tirs_dom,dom,Étienne - Le Mans,1.0,0.9639,7.4032,8590,311,8,25.0,0.07,02/08/2024 - 01/08/2026,Bundesliga / Championship / LaLiga / LaLiga 2 / Ligue 1 / Ligue 2 / MLS / Premier League
smt_tirs_dom,dom,Empoli,0.9136,1.1234,7.4032,8590,311,8,25.0,0.07,02/08/2024 - 01/08/2026,Bundesliga / Championship / LaLiga / LaLiga 2 / Ligue 1 / Ligue 2 / MLS / Premier League
smt_tirs_dom,dom,Plymouth,0.9115,1.2279,7.4032,8590,311,8,25.0,0.07,02/08/2024 - 01/08/2026,Bundesliga / Championship / LaLiga / LaLiga 2 / Ligue 1 / Ligue 2 / MLS / Premier League
smt_tirs_dom,dom,Fribourg,1.0031,1.0655,7.4032,8590,311,8,25.0,0.07,02/08/2024 - 01/08/2026,Bundesliga / Championship / LaLiga / LaLiga 2 / Ligue 1 / Ligue 2 / MLS / Premier League
smt_tirs_dom,dom,Strasbourg,0.8732,0.9215,7.4032,8590,311,8,25.0,0.07,02/08/2024 - 01/08/2026,Bundesliga / Championship / LaLiga / LaLiga 2 / Ligue 1 / Ligue 2 / MLS / Premier League
smt_tirs_dom,dom,E. Francfort,1.1029,1.1103,7.4032,8590,311,8,25.0,0.07,02/08/2024 - 01/08/2026,Bundesliga / Championship / LaLiga / LaLiga 2 / Ligue 1 / Ligue 2 / MLS / Premier League
smt_tirs_dom,dom,Nice,1.0585,1.1327,7.4032,8590,311,8,25.0,0.07,02/08/2024 - 01/08/2026,Bundesliga / Championship / LaLiga / LaLiga 2 / Ligue 1 / Ligue 2 / MLS / Premier League
smt_tirs_dom,dom,Tenerife,0.9027,0.897,7.4032,8590,311,8,25.0,0.07,02/08/2024 - 01/08/2026,Bundesliga / Championship / LaLiga / LaLiga 2 / Ligue 1 / Ligue 2 / MLS / Premier League
smt_tirs_dom,dom,Derby County,0.9387,1.0297,7.4032,8590,311,8,25.0,0.07,02/08/2024 - 01/08/2026,Bundesliga / Championship / LaLiga / LaLiga 2 / Ligue 1 / Ligue 2 / MLS / Premier League
smt_tirs_dom,dom,Brescia,1.0685,1.1106,7.4032,8590,311,8,25.0,0.07,02/08/2024 - 01/08/2026,Bundesliga / Championship / LaLiga / LaLiga 2 / Ligue 1 / Ligue 2 / MLS / Premier League
smt_tirs_dom,dom,Cosenza,1.0589,1.1266,7.4032,8590,311,8,25.0,0.07,02/08/2024 - 01/08/2026,Bundesliga / Championship / LaLiga / LaLiga 2 / Ligue 1 / Ligue 2 / MLS / Premier League
smt_tirs_dom,dom,Étienne - RC Lens,1.0,1.054,7.4032,8590,311,8,25.0,0.07,02/08/2024 - 01/08/2026,Bundesliga / Championship / LaLiga / LaLiga 2 / Ligue 1 / Ligue 2 / MLS / Premier League
smt_tirs_dom,dom,Étienne - Strasbourg,1.0,1.009,7.4032,8590,311,8,25.0,0.07,02/08/2024 - 01/08/2026,Bundesliga / Championship / LaLiga / LaLiga 2 / Ligue 1 / Ligue 2 / MLS / Premier League
smt_tirs_dom,dom,San Diego,0.963,1.0408,7.4032,8590,311,8,25.0,0.07,02/08/2024 - 01/08/2026,Bundesliga / Championship / LaLiga / LaLiga 2 / Ligue 1 / Ligue 2 / MLS / Premier League
smt_tirs_dom,dom,Leonesa,1.0062,1.1304,7.4032,8590,311,8,25.0,0.07,02/08/2024 - 01/08/2026,Bundesliga / Championship / LaLiga / LaLiga 2 / Ligue 1 / Ligue 2 / MLS / Premier League
smt_tirs_dom,dom,DC United,0.9347,1.0457,7.4032,8590,311,8,25.0,0.07,02/08/2024 - 01/08/2026,Bundesliga / Championship / LaLiga / LaLiga 2 / Ligue 1 / Ligue 2 / MLS / Premier League
smt_tirs_dom,dom,Ulm,0.993,1.1858,7.4032,8590,311,8,25.0,0.07,02/08/2024 - 01/08/2026,Bundesliga / Championship / LaLiga / LaLiga 2 / Ligue 1 / Ligue 2 / MLS / Premier League
smt_tirs_dom,dom,Lecce,0.9133,1.0451,7.4032,8590,311,8,25.0,0.07,02/08/2024 - 01/08/2026,Bundesliga / Championship / LaLiga / LaLiga 2 / Ligue 1 / Ligue 2 / MLS / Premier League
smt_tirs_dom,dom,Malaga,1.0505,1.1138,7.4032,8590,311,8,25.0,0.07,02/08/2024 - 01/08/2026,Bundesliga / Championship / LaLiga / LaLiga 2 / Ligue 1 / Ligue 2 / MLS / Premier League
smt_tirs_dom,dom,Majorque,0.9638,1.0784,7.4032,8590,311,8,25.0,0.07,02/08/2024 - 01/08/2026,Bundesliga / Championship / LaLiga / LaLiga 2 / Ligue 1 / Ligue 2 / MLS / Premier League
smt_tirs_dom,dom,Le Mans,0.9607,0.7883,7.4032,8590,311,8,25.0,0.07,02/08/2024 - 01/08/2026,Bundesliga / Championship / LaLiga / LaLiga 2 / Ligue 1 / Ligue 2 / MLS / Premier League
smt_tirs_dom,dom,Venise,1.1868,0.965,7.4032,8590,311,8,25.0,0.07,02/08/2024 - 01/08/2026,Bundesliga / Championship / LaLiga / LaLiga 2 / Ligue 1 / Ligue 2 / MLS / Premier League
smt_tirs_dom,dom,Man City,1.0347,0.9463,7.4032,8590,311,8,25.0,0.07,02/08/2024 - 01/08/2026,Bundesliga / Championship / LaLiga / LaLiga 2 / Ligue 1 / Ligue 2 / MLS / Premier League
smt_tirs_dom,dom,P. Ferreira,1.1535,1.0051,7.4032,8590,311,8,25.0,0.07,02/08/2024 - 01/08/2026,Bundesliga / Championship / LaLiga / LaLiga 2 / Ligue 1 / Ligue 2 / MLS / Premier League
smt_tirs_dom,dom,Norwich City,0.9694,0.9874,7.4032,8590,311,8,25.0,0.07,02/08/2024 - 01/08/2026,Bundesliga / Championship / LaLiga / LaLiga 2 / Ligue 1 / Ligue 2 / MLS / Premier League
smt_tirs_ext,ext,Orlando City,1.2208,1.1798,6.1543,8590,311,8,25.0,0.07,02/08/2024 - 01/08/2026,Bundesliga / Championship / LaLiga / LaLiga 2 / Ligue 1 / Ligue 2 / MLS / Premier League
smt_tirs_ext,ext,Crystal Palace,0.9113,0.9567,6.1543,8590,311,8,25.0,0.07,02/08/2024 - 01/08/2026,Bundesliga / Championship / LaLiga / LaLiga 2 / Ligue 1 / Ligue 2 / MLS / Premier League
smt_tirs_ext,ext,Sporting,1.3155,0.8142,6.1543,8590,311,8,25.0,0.07,02/08/2024 - 01/08/2026,Bundesliga / Championship / LaLiga / LaLiga 2 / Ligue 1 / Ligue 2 / MLS / Premier League
smt_tirs_ext,ext,Minnesota Utd,1.0753,0.9716,6.1543,8590,311,8,25.0,0.07,02/08/2024 - 01/08/2026,Bundesliga / Championship / LaLiga / LaLiga 2 / Ligue 1 / Ligue 2 / MLS / Premier League
smt_tirs_ext,ext,Leipzig,1.089,1.0491,6.1543,8590,311,8,25.0,0.07,02/08/2024 - 01/08/2026,Bundesliga / Championship / LaLiga / LaLiga 2 / Ligue 1 / Ligue 2 / MLS / Premier League
smt_tirs_ext,ext,Man United,1.1068,0.9344,6.1543,8590,311,8,25.0,0.07,02/08/2024 - 01/08/2026,Bundesliga / Championship / LaLiga / LaLiga 2 / Ligue 1 / Ligue 2 / MLS / Premier League
smt_tirs_ext,ext,Lazio,0.9595,0.9462,6.1543,8590,311,8,25.0,0.07,02/08/2024 - 01/08/2026,Bundesliga / Championship / LaLiga / LaLiga 2 / Ligue 1 / Ligue 2 / MLS / Premier League
smt_tirs_ext,ext,Modène,1.1591,0.9567,6.1543,8590,311,8,25.0,0.07,02/08/2024 - 01/08/2026,Bundesliga / Championship / LaLiga / LaLiga 2 / Ligue 1 / Ligue 2 / MLS / Premier League
smt_tirs_ext,ext,Nancy,0.8218,0.979,6.1543,8590,311,8,25.0,0.07,02/08/2024 - 01/08/2026,Bundesliga / Championship / LaLiga / LaLiga 2 / Ligue 1 / Ligue 2 / MLS / Premier League
smt_tirs_ext,ext,S. Wednesday,0.9263,1.1694,6.1543,8590,311,8,25.0,0.07,02/08/2024 - 01/08/2026,Bundesliga / Championship / LaLiga / LaLiga 2 / Ligue 1 / Ligue 2 / MLS / Premier League
smt_tirs_ext,ext,Torino,0.9144,1.1229,6.1543,8590,311,8,25.0,0.07,02/08/2024 - 01/08/2026,Bundesliga / Championship / LaLiga / LaLiga 2 / Ligue 1 / Ligue 2 / MLS / Premier League
smt_tirs_ext,ext,Porto II,1.0355,0.9622,6.1543,8590,311,8,25.0,0.07,02/08/2024 - 01/08/2026,Bundesliga / Championship / LaLiga / LaLiga 2 / Ligue 1 / Ligue 2 / MLS / Premier League
smt_tirs_ext,ext,Arsenal,1.0438,0.7873,6.1543,8590,311,8,25.0,0.07,02/08/2024 - 01/08/2026,Bundesliga / Championship / LaLiga / LaLiga 2 / Ligue 1 / Ligue 2 / MLS / Premier League
smt_tirs_ext,ext,Étienne - Reims,1.0435,1.0,6.1543,8590,311,8,25.0,0.07,02/08/2024 - 01/08/2026,Bundesliga / Championship / LaLiga / LaLiga 2 / Ligue 1 / Ligue 2 / MLS / Premier League
smt_tirs_ext,ext,Fiorentina,0.9101,1.0394,6.1543,8590,311,8,25.0,0.07,02/08/2024 - 01/08/2026,Bundesliga / Championship / LaLiga / LaLiga 2 / Ligue 1 / Ligue 2 / MLS / Premier League
smt_tirs_ext,ext,Sassuolo,0.963,1.081,6.1543,8590,311,8,25.0,0.07,02/08/2024 - 01/08/2026,Bundesliga / Championship / LaLiga / LaLiga 2 / Ligue 1 / Ligue 2 / MLS / Premier League
smt_tirs_ext,ext,Estoril,0.8788,0.9935,6.1543,8590,311,8,25.0,0.07,02/08/2024 - 01/08/2026,Bundesliga / Championship / LaLiga / LaLiga 2 / Ligue 1 / Ligue 2 / MLS / Premier League
smt_tirs_ext,ext,RC Lens,1.1707,0.9153,6.1543,8590,311,8,25.0,0.07,02/08/2024 - 01/08/2026,Bundesliga / Championship / LaLiga / LaLiga 2 / Ligue 1 / Ligue 2 / MLS / Premier League
smt_tirs_ext,ext,Aston Villa,1.055,1.0005,6.1543,8590,311,8,25.0,0.07,02/08/2024 - 01/08/2026,Bundesliga / Championship / LaLiga / LaLiga 2 / Ligue 1 / Ligue 2 / MLS / Premier League
smt_tirs_ext,ext,Cadix,0.8673,1.1634,6.1543,8590,311,8,25.0,0.07,02/08/2024 - 01/08/2026,Bundesliga / Championship / LaLiga / LaLiga 2 / Ligue 1 / Ligue 2 / MLS / Premier League
smt_tirs_ext,ext,Genoa,0.9121,0.8945,6.1543,8590,311,8,25.0,0.07,02/08/2024 - 01/08/2026,Bundesliga / Championship / LaLiga / LaLiga 2 / Ligue 1 / Ligue 2 / MLS / Premier League
smt_tirs_ext,ext,Ceuta,0.8686,0.9765,6.1543,8590,311,8,25.0,0.07,02/08/2024 - 01/08/2026,Bundesliga / Championship / LaLiga / LaLiga 2 / Ligue 1 / Ligue 2 / MLS / Premier League
smt_tirs_ext,ext,Werder Brême,0.9851,1.0541,6.1543,8590,311,8,25.0,0.07,02/08/2024 - 01/08/2026,Bundesliga / Championship / LaLiga / LaLiga 2 / Ligue 1 / Ligue 2 / MLS / Premier League
smt_tirs_ext,ext,Portland,0.9662,1.1759,6.1543,8590,311,8,25.0,0.07,02/08/2024 - 01/08/2026,Bundesliga / Championship / LaLiga / LaLiga 2 / Ligue 1 / Ligue 2 / MLS / Premier League
smt_tirs_ext,ext,Darmstadt,1.0897,0.9754,6.1543,8590,311,8,25.0,0.07,02/08/2024 - 01/08/2026,Bundesliga / Championship / LaLiga / LaLiga 2 / Ligue 1 / Ligue 2 / MLS / Premier League
smt_tirs_ext,ext,Luton,0.8517,1.0655,6.1543,8590,311,8,25.0,0.07,02/08/2024 - 01/08/2026,Bundesliga / Championship / LaLiga / LaLiga 2 / Ligue 1 / Ligue 2 / MLS / Premier League
smt_tirs_ext,ext,Vizela,1.035,0.883,6.1543,8590,311,8,25.0,0.07,02/08/2024 - 01/08/2026,Bundesliga / Championship / LaLiga / LaLiga 2 / Ligue 1 / Ligue 2 / MLS / Premier League
smt_tirs_ext,ext,Sankt Pauli,0.9341,1.0174,6.1543,8590,311,8,25.0,0.07,02/08/2024 - 01/08/2026,Bundesliga / Championship / LaLiga / LaLiga 2 / Ligue 1 / Ligue 2 / MLS / Premier League
smt_tirs_ext,ext,Grenade,0.9052,0.9342,6.1543,8590,311,8,25.0,0.07,02/08/2024 - 01/08/2026,Bundesliga / Championship / LaLiga / LaLiga 2 / Ligue 1 / Ligue 2 / MLS / Premier League
smt_tirs_ext,ext,Bochum,1.0939,1.0199,6.1543,8590,311,8,25.0,0.07,02/08/2024 - 01/08/2026,Bundesliga / Championship / LaLiga / LaLiga 2 / Ligue 1 / Ligue 2 / MLS / Premier League
smt_tirs_ext,ext,Chaves,1.0238,0.8966,6.1543,8590,311,8,25.0,0.07,02/08/2024 - 01/08/2026,Bundesliga / Championship / LaLiga / LaLiga 2 / Ligue 1 / Ligue 2 / MLS / Premier League
smt_tirs_ext,ext,Leganes,0.9401,1.0583,6.1543,8590,311,8,25.0,0.07,02/08/2024 - 01/08/2026,Bundesliga / Championship / LaLiga / LaLiga 2 / Ligue 1 / Ligue 2 / MLS / Premier League
smt_tirs_ext,ext,Chicago Fire,1.0394,1.0028,6.1543,8590,311,8,25.0,0.07,02/08/2024 - 01/08/2026,Bundesliga / Championship / LaLiga / LaLiga 2 / Ligue 1 / Ligue 2 / MLS / Premier League
smt_tirs_ext,ext,Palerme,1.1173,1.0489,6.1543,8590,311,8,25.0,0.07,02/08/2024 - 01/08/2026,Bundesliga / Championship / LaLiga / LaLiga 2 / Ligue 1 / Ligue 2 / MLS / Premier League
smt_tirs_ext,ext,Famalicão,0.9571,0.881,6.1543,8590,311,8,25.0,0.07,02/08/2024 - 01/08/2026,Bundesliga / Championship / LaLiga / LaLiga 2 / Ligue 1 / Ligue 2 / MLS / Premier League
smt_tirs_ext,ext,Mafra,0.8947,0.9792,6.1543,8590,311,8,25.0,0.07,02/08/2024 - 01/08/2026,Bundesliga / Championship / LaLiga / LaLiga 2 / Ligue 1 / Ligue 2 / MLS / Premier League
smt_tirs_ext,ext,Birmingham,0.9615,0.8619,6.1543,8590,311,8,25.0,0.07,02/08/2024 - 01/08/2026,Bundesliga / Championship / LaLiga / LaLiga 2 / Ligue 1 / Ligue 2 / MLS / Premier League
smt_tirs_ext,ext,Levante,0.9953,0.9944,6.1543,8590,311,8,25.0,0.07,02/08/2024 - 01/08/2026,Bundesliga / Championship / LaLiga / LaLiga 2 / Ligue 1 / Ligue 2 / MLS / Premier League
smt_tirs_ext,ext,Rennes,1.0205,1.0592,6.1543,8590,311,8,25.0,0.07,02/08/2024 - 01/08/2026,Bundesliga / Championship / LaLiga / LaLiga 2 / Ligue 1 / Ligue 2 / MLS / Premier League
smt_tirs_ext,ext,Real Salt Lake,1.2602,1.0113,6.1543,8590,311,8,25.0,0.07,02/08/2024 - 01/08/2026,Bundesliga / Championship / LaLiga / LaLiga 2 / Ligue 1 / Ligue 2 / MLS / Premier League
smt_tirs_ext,ext,Mirandés,0.8906,1.0044,6.1543,8590,311,8,25.0,0.07,02/08/2024 - 01/08/2026,Bundesliga / Championship / LaLiga / LaLiga 2 / Ligue 1 / Ligue 2 / MLS / Premier League
smt_tirs_ext,ext,Salernitana,0.9745,0.8132,6.1543,8590,311,8,25.0,0.07,02/08/2024 - 01/08/2026,Bundesliga / Championship / LaLiga / LaLiga 2 / Ligue 1 / Ligue 2 / MLS / Premier League
smt_tirs_ext,ext,Villarreal,1.1059,0.9939,6.1543,8590,311,8,25.0,0.07,02/08/2024 - 01/08/2026,Bundesliga / Championship / LaLiga / LaLiga 2 / Ligue 1 / Ligue 2 / MLS / Premier League
smt_tirs_ext,ext,Inter,1.1329,0.9121,6.1543,8590,311,8,25.0,0.07,02/08/2024 - 01/08/2026,Bundesliga / Championship / LaLiga / LaLiga 2 / Ligue 1 / Ligue 2 / MLS / Premier League
smt_tirs_ext,ext,Südtirol,1.0316,1.0759,6.1543,8590,311,8,25.0,0.07,02/08/2024 - 01/08/2026,Bundesliga / Championship / LaLiga / LaLiga 2 / Ligue 1 / Ligue 2 / MLS / Premier League
smt_tirs_ext,ext,Étienne - EA Guingamp,0.9972,1.0,6.1543,8590,311,8,25.0,0.07,02/08/2024 - 01/08/2026,Bundesliga / Championship / LaLiga / LaLiga 2 / Ligue 1 / Ligue 2 / MLS / Premier League
smt_tirs_ext,ext,Calcio Padova,0.9346,1.1808,6.1543,8590,311,8,25.0,0.07,02/08/2024 - 01/08/2026,Bundesliga / Championship / LaLiga / LaLiga 2 / Ligue 1 / Ligue 2 / MLS / Premier League
smt_tirs_ext,ext,Brentford,0.8815,1.1233,6.1543,8590,311,8,25.0,0.07,02/08/2024 - 01/08/2026,Bundesliga / Championship / LaLiga / LaLiga 2 / Ligue 1 / Ligue 2 / MLS / Premier League
smt_tirs_ext,ext,Chelsea,1.0474,0.9656,6.1543,8590,311,8,25.0,0.07,02/08/2024 - 01/08/2026,Bundesliga / Championship / LaLiga / LaLiga 2 / Ligue 1 / Ligue 2 / MLS / Premier League
smt_tirs_ext,ext,FC Andorra,1.0793,0.7762,6.1543,8590,311,8,25.0,0.07,02/08/2024 - 01/08/2026,Bundesliga / Championship / LaLiga / LaLiga 2 / Ligue 1 / Ligue 2 / MLS / Premier League
smt_tirs_ext,ext,Everton,0.9055,0.9275,6.1543,8590,311,8,25.0,0.07,02/08/2024 - 01/08/2026,Bundesliga / Championship / LaLiga / LaLiga 2 / Ligue 1 / Ligue 2 / MLS / Premier League
smt_tirs_ext,ext,Houston,1.0012,0.9837,6.1543,8590,311,8,25.0,0.07,02/08/2024 - 01/08/2026,Bundesliga / Championship / LaLiga / LaLiga 2 / Ligue 1 / Ligue 2 / MLS / Premier League
smt_tirs_ext,ext,Maritimo,0.8884,0.8248,6.1543,8590,311,8,25.0,0.07,02/08/2024 - 01/08/2026,Bundesliga / Championship / LaLiga / LaLiga 2 / Ligue 1 / Ligue 2 / MLS / Premier League
smt_tirs_ext,ext,R. Sociedad II,1.069,1.0839,6.1543,8590,311,8,25.0,0.07,02/08/2024 - 01/08/2026,Bundesliga / Championship / LaLiga / LaLiga 2 / Ligue 1 / Ligue 2 / MLS / Premier League
smt_tirs_ext,ext,Real Valladolid,0.9219,0.946,6.1543,8590,311,8,25.0,0.07,02/08/2024 - 01/08/2026,Bundesliga / Championship / LaLiga / LaLiga 2 / Ligue 1 / Ligue 2 / MLS / Premier League
smt_tirs_ext,ext,FC Porto,1.1535,0.8578,6.1543,8590,311,8,25.0,0.07,02/08/2024 - 01/08/2026,Bundesliga / Championship / LaLiga / LaLiga 2 / Ligue 1 / Ligue 2 / MLS / Premier League
smt_tirs_ext,ext,Not. Forest,0.9863,1.1191,6.1543,8590,311,8,25.0,0.07,02/08/2024 - 01/08/2026,Bundesliga / Championship / LaLiga / LaLiga 2 / Ligue 1 / Ligue 2 / MLS / Premier League
smt_tirs_ext,ext,Getafe,0.9324,0.911,6.1543,8590,311,8,25.0,0.07,02/08/2024 - 01/08/2026,Bundesliga / Championship / LaLiga / LaLiga 2 / Ligue 1 / Ligue 2 / MLS / Premier League
smt_tirs_ext,ext,Juve Stabia,0.8342,1.0398,6.1543,8590,311,8,25.0,0.07,02/08/2024 - 01/08/2026,Bundesliga / Championship / LaLiga / LaLiga 2 / Ligue 1 / Ligue 2 / MLS / Premier League
smt_tirs_ext,ext,Almería,1.1388,0.9739,6.1543,8590,311,8,25.0,0.07,02/08/2024 - 01/08/2026,Bundesliga / Championship / LaLiga / LaLiga 2 / Ligue 1 / Ligue 2 / MLS / Premier League
smt_tirs_ext,ext,Bristol City,0.9813,1.1647,6.1543,8590,311,8,25.0,0.07,02/08/2024 - 01/08/2026,Bundesliga / Championship / LaLiga / LaLiga 2 / Ligue 1 / Ligue 2 / MLS / Premier League
smt_tirs_ext,ext,Celta Vigo,0.8857,0.9785,6.1543,8590,311,8,25.0,0.07,02/08/2024 - 01/08/2026,Bundesliga / Championship / LaLiga / LaLiga 2 / Ligue 1 / Ligue 2 / MLS / Premier League
smt_tirs_ext,ext,Clermont,0.8582,0.97,6.1543,8590,311,8,25.0,0.07,02/08/2024 - 01/08/2026,Bundesliga / Championship / LaLiga / LaLiga 2 / Ligue 1 / Ligue 2 / MLS / Premier League
smt_tirs_ext,ext,USL Dunkerque,0.9481,0.8801,6.1543,8590,311,8,25.0,0.07,02/08/2024 - 01/08/2026,Bundesliga / Championship / LaLiga / LaLiga 2 / Ligue 1 / Ligue 2 / MLS / Premier League
smt_tirs_ext,ext,N. Madeira,1.0964,1.25,6.1543,8590,311,8,25.0,0.07,02/08/2024 - 01/08/2026,Bundesliga / Championship / LaLiga / LaLiga 2 / Ligue 1 / Ligue 2 / MLS / Premier League
smt_tirs_ext,ext,Uniao de Leiria,1.022,1.0121,6.1543,8590,311,8,25.0,0.07,02/08/2024 - 01/08/2026,Bundesliga / Championship / LaLiga / LaLiga 2 / Ligue 1 / Ligue 2 / MLS / Premier League
smt_tirs_ext,ext,Lille,1.0817,0.8761,6.1543,8590,311,8,25.0,0.07,02/08/2024 - 01/08/2026,Bundesliga / Championship / LaLiga / LaLiga 2 / Ligue 1 / Ligue 2 / MLS / Premier League
smt_tirs_ext,ext,Braga,1.0692,0.8455,6.1543,8590,311,8,25.0,0.07,02/08/2024 - 01/08/2026,Bundesliga / Championship / LaLiga / LaLiga 2 / Ligue 1 / Ligue 2 / MLS / Premier League
smt_tirs_ext,ext,S. Sounders,1.1971,0.945,6.1543,8590,311,8,25.0,0.07,02/08/2024 - 01/08/2026,Bundesliga / Championship / LaLiga / LaLiga 2 / Ligue 1 / Ligue 2 / MLS / Premier League
smt_tirs_ext,ext,Lourosa,0.7307,1.0847,6.1543,8590,311,8,25.0,0.07,02/08/2024 - 01/08/2026,Bundesliga / Championship / LaLiga / LaLiga 2 / Ligue 1 / Ligue 2 / MLS / Premier League
smt_tirs_ext,ext,Colorado,0.8566,1.0508,6.1543,8590,311,8,25.0,0.07,02/08/2024 - 01/08/2026,Bundesliga / Championship / LaLiga / LaLiga 2 / Ligue 1 / Ligue 2 / MLS / Premier League
smt_tirs_ext,ext,Albacete,0.9963,1.0913,6.1543,8590,311,8,25.0,0.07,02/08/2024 - 01/08/2026,Bundesliga / Championship / LaLiga / LaLiga 2 / Ligue 1 / Ligue 2 / MLS / Premier League
smt_tirs_ext,ext,Blackburn,0.957,0.8739,6.1543,8590,311,8,25.0,0.07,02/08/2024 - 01/08/2026,Bundesliga / Championship / LaLiga / LaLiga 2 / Ligue 1 / Ligue 2 / MLS / Premier League
smt_tirs_ext,ext,Troyes,1.0315,0.8535,6.1543,8590,311,8,25.0,0.07,02/08/2024 - 01/08/2026,Bundesliga / Championship / LaLiga / LaLiga 2 / Ligue 1 / Ligue 2 / MLS / Premier League
smt_tirs_ext,ext,Étienne - Montpellier,0.9457,1.0,6.1543,8590,311,8,25.0,0.07,02/08/2024 - 01/08/2026,Bundesliga / Championship / LaLiga / LaLiga 2 / Ligue 1 / Ligue 2 / MLS / Premier League
smt_tirs_ext,ext,Saint,1.0,0.8985,6.1543,8590,311,8,25.0,0.07,02/08/2024 - 01/08/2026,Bundesliga / Championship / LaLiga / LaLiga 2 / Ligue 1 / Ligue 2 / MLS / Premier League
smt_tirs_ext,ext,P. Münster,1.0157,1.0945,6.1543,8590,311,8,25.0,0.07,02/08/2024 - 01/08/2026,Bundesliga / Championship / LaLiga / LaLiga 2 / Ligue 1 / Ligue 2 / MLS / Premier League
smt_tirs_ext,ext,Rodez,0.9407,0.9451,6.1543,8590,311,8,25.0,0.07,02/08/2024 - 01/08/2026,Bundesliga / Championship / LaLiga / LaLiga 2 / Ligue 1 / Ligue 2 / MLS / Premier League
smt_tirs_ext,ext,SM Caen,1.0785,0.9699,6.1543,8590,311,8,25.0,0.07,02/08/2024 - 01/08/2026,Bundesliga / Championship / LaLiga / LaLiga 2 / Ligue 1 / Ligue 2 / MLS / Premier League
smt_tirs_ext,ext,Naples,0.9789,0.8662,6.1543,8590,311,8,25.0,0.07,02/08/2024 - 01/08/2026,Bundesliga / Championship / LaLiga / LaLiga 2 / Ligue 1 / Ligue 2 / MLS / Premier League
smt_tirs_ext,ext,Bournemouth,1.1567,0.9844,6.1543,8590,311,8,25.0,0.07,02/08/2024 - 01/08/2026,Bundesliga / Championship / LaLiga / LaLiga 2 / Ligue 1 / Ligue 2 / MLS / Premier League
smt_tirs_ext,ext,Newcastle,0.9707,1.1093,6.1543,8590,311,8,25.0,0.07,02/08/2024 - 01/08/2026,Bundesliga / Championship / LaLiga / LaLiga 2 / Ligue 1 / Ligue 2 / MLS / Premier League
smt_tirs_ext,ext,Étienne - Angers,0.9792,1.0,6.1543,8590,311,8,25.0,0.07,02/08/2024 - 01/08/2026,Bundesliga / Championship / LaLiga / LaLiga 2 / Ligue 1 / Ligue 2 / MLS / Premier League
smt_tirs_ext,ext,West Ham,1.025,1.1901,6.1543,8590,311,8,25.0,0.07,02/08/2024 - 01/08/2026,Bundesliga / Championship / LaLiga / LaLiga 2 / Ligue 1 / Ligue 2 / MLS / Premier League
smt_tirs_ext,ext,Milan,1.1249,0.9865,6.1543,8590,311,8,25.0,0.07,02/08/2024 - 01/08/2026,Bundesliga / Championship / LaLiga / LaLiga 2 / Ligue 1 / Ligue 2 / MLS / Premier League
smt_tirs_ext,ext,SC Bastia,0.955,0.8112,6.1543,8590,311,8,25.0,0.07,02/08/2024 - 01/08/2026,Bundesliga / Championship / LaLiga / LaLiga 2 / Ligue 1 / Ligue 2 / MLS / Premier League
smt_tirs_ext,ext,Karlsruher,1.0112,1.2515,6.1543,8590,311,8,25.0,0.07,02/08/2024 - 01/08/2026,Bundesliga / Championship / LaLiga / LaLiga 2 / Ligue 1 / Ligue 2 / MLS / Premier League
smt_tirs_ext,ext,Angers,0.8533,1.138,6.1543,8590,311,8,25.0,0.07,02/08/2024 - 01/08/2026,Bundesliga / Championship / LaLiga / LaLiga 2 / Ligue 1 / Ligue 2 / MLS / Premier League
smt_tirs_ext,ext,Spezia,1.0601,0.9362,6.1543,8590,311,8,25.0,0.07,02/08/2024 - 01/08/2026,Bundesliga / Championship / LaLiga / LaLiga 2 / Ligue 1 / Ligue 2 / MLS / Premier League
smt_tirs_ext,ext,D. Dresde,1.127,1.0639,6.1543,8590,311,8,25.0,0.07,02/08/2024 - 01/08/2026,Bundesliga / Championship / LaLiga / LaLiga 2 / Ligue 1 / Ligue 2 / MLS / Premier League
smt_tirs_ext,ext,Monza,1.0064,1.0478,6.1543,8590,311,8,25.0,0.07,02/08/2024 - 01/08/2026,Bundesliga / Championship / LaLiga / LaLiga 2 / Ligue 1 / Ligue 2 / MLS / Premier League
smt_tirs_ext,ext,Fulham,1.0521,0.9819,6.1543,8590,311,8,25.0,0.07,02/08/2024 - 01/08/2026,Bundesliga / Championship / LaLiga / LaLiga 2 / Ligue 1 / Ligue 2 / MLS / Premier League
smt_tirs_ext,ext,Los Angeles,1.0923,1.0853,6.1543,8590,311,8,25.0,0.07,02/08/2024 - 01/08/2026,Bundesliga / Championship / LaLiga / LaLiga 2 / Ligue 1 / Ligue 2 / MLS / Premier League
smt_tirs_ext,ext,Santa Clara,1.0053,0.7857,6.1543,8590,311,8,25.0,0.07,02/08/2024 - 01/08/2026,Bundesliga / Championship / LaLiga / LaLiga 2 / Ligue 1 / Ligue 2 / MLS / Premier League
smt_tirs_ext,ext,Valence,0.9095,0.8994,6.1543,8590,311,8,25.0,0.07,02/08/2024 - 01/08/2026,Bundesliga / Championship / LaLiga / LaLiga 2 / Ligue 1 / Ligue 2 / MLS / Premier League
smt_tirs_ext,ext,Hambourg,1.079,1.0721,6.1543,8590,311,8,25.0,0.07,02/08/2024 - 01/08/2026,Bundesliga / Championship / LaLiga / LaLiga 2 / Ligue 1 / Ligue 2 / MLS / Premier League
smt_tirs_ext,ext,Hellas Verone,1.0121,1.0364,6.1543,8590,311,8,25.0,0.07,02/08/2024 - 01/08/2026,Bundesliga / Championship / LaLiga / LaLiga 2 / Ligue 1 / Ligue 2 / MLS / Premier League
smt_tirs_ext,ext,Toronto,0.9411,0.9927,6.1543,8590,311,8,25.0,0.07,02/08/2024 - 01/08/2026,Bundesliga / Championship / LaLiga / LaLiga 2 / Ligue 1 / Ligue 2 / MLS / Premier League
smt_tirs_ext,ext,Catanzaro,0.9979,0.8993,6.1543,8590,311,8,25.0,0.07,02/08/2024 - 01/08/2026,Bundesliga / Championship / LaLiga / LaLiga 2 / Ligue 1 / Ligue 2 / MLS / Premier League
smt_tirs_ext,ext,Moreirense,0.8411,1.0662,6.1543,8590,311,8,25.0,0.07,02/08/2024 - 01/08/2026,Bundesliga / Championship / LaLiga / LaLiga 2 / Ligue 1 / Ligue 2 / MLS / Premier League
smt_tirs_ext,ext,Lorient,1.0453,0.8661,6.1543,8590,311,8,25.0,0.07,02/08/2024 - 01/08/2026,Bundesliga / Championship / LaLiga / LaLiga 2 / Ligue 1 / Ligue 2 / MLS / Premier League
smt_tirs_ext,ext,Étienne - Nancy,0.9792,1.0,6.1543,8590,311,8,25.0,0.07,02/08/2024 - 01/08/2026,Bundesliga / Championship / LaLiga / LaLiga 2 / Ligue 1 / Ligue 2 / MLS / Premier League
smt_tirs_ext,ext,Greuther Fürth,1.1431,1.2043,6.1543,8590,311,8,25.0,0.07,02/08/2024 - 01/08/2026,Bundesliga / Championship / LaLiga / LaLiga 2 / Ligue 1 / Ligue 2 / MLS / Premier League
smt_tirs_ext,ext,Frosinone,1.1517,1.0722,6.1543,8590,311,8,25.0,0.07,02/08/2024 - 01/08/2026,Bundesliga / Championship / LaLiga / LaLiga 2 / Ligue 1 / Ligue 2 / MLS / Premier League
smt_tirs_ext,ext,Rome,0.9804,0.8505,6.1543,8590,311,8,25.0,0.07,02/08/2024 - 01/08/2026,Bundesliga / Championship / LaLiga / LaLiga 2 / Ligue 1 / Ligue 2 / MLS / Premier League
smt_tirs_ext,ext,Carthagène,0.8217,1.1567,6.1543,8590,311,8,25.0,0.07,02/08/2024 - 01/08/2026,Bundesliga / Championship / LaLiga / LaLiga 2 / Ligue 1 / Ligue 2 / MLS / Premier League
smt_tirs_ext,ext,M'gladbach,1.0383,1.3453,6.1543,8590,311,8,25.0,0.07,02/08/2024 - 01/08/2026,Bundesliga / Championship / LaLiga / LaLiga 2 / Ligue 1 / Ligue 2 / MLS / Premier League
smt_tirs_ext,ext,Ath. Bilbao,1.0117,0.7859,6.1543,8590,311,8,25.0,0.07,02/08/2024 - 01/08/2026,Bundesliga / Championship / LaLiga / LaLiga 2 / Ligue 1 / Ligue 2 / MLS / Premier League
smt_tirs_ext,ext,Estrela,0.8991,1.0612,6.1543,8590,311,8,25.0,0.07,02/08/2024 - 01/08/2026,Bundesliga / Championship / LaLiga / LaLiga 2 / Ligue 1 / Ligue 2 / MLS / Premier League
smt_tirs_ext,ext,Hull City,0.9823,1.0567,6.1543,8590,311,8,25.0,0.07,02/08/2024 - 01/08/2026,Bundesliga / Championship / LaLiga / LaLiga 2 / Ligue 1 / Ligue 2 / MLS / Premier League
smt_tirs_ext,ext,Nuremberg,1.0979,1.0923,6.1543,8590,311,8,25.0,0.07,02/08/2024 - 01/08/2026,Bundesliga / Championship / LaLiga / LaLiga 2 / Ligue 1 / Ligue 2 / MLS / Premier League
smt_tirs_ext,ext,Hanovre,1.0441,1.1091,6.1543,8590,311,8,25.0,0.07,02/08/2024 - 01/08/2026,Bundesliga / Championship / LaLiga / LaLiga 2 / Ligue 1 / Ligue 2 / MLS / Premier League
smt_tirs_ext,ext,Paderborn,1.1328,1.0743,6.1543,8590,311,8,25.0,0.07,02/08/2024 - 01/08/2026,Bundesliga / Championship / LaLiga / LaLiga 2 / Ligue 1 / Ligue 2 / MLS / Premier League
smt_tirs_ext,ext,AJ Auxerre,0.9392,0.9878,6.1543,8590,311,8,25.0,0.07,02/08/2024 - 01/08/2026,Bundesliga / Championship / LaLiga / LaLiga 2 / Ligue 1 / Ligue 2 / MLS / Premier League
smt_tirs_ext,ext,Étienne - Troyes,1.0875,1.0,6.1543,8590,311,8,25.0,0.07,02/08/2024 - 01/08/2026,Bundesliga / Championship / LaLiga / LaLiga 2 / Ligue 1 / Ligue 2 / MLS / Premier League
smt_tirs_ext,ext,Millwall,0.9774,0.9191,6.1543,8590,311,8,25.0,0.07,02/08/2024 - 01/08/2026,Bundesliga / Championship / LaLiga / LaLiga 2 / Ligue 1 / Ligue 2 / MLS / Premier League
smt_tirs_ext,ext,Gérone,0.995,1.0183,6.1543,8590,311,8,25.0,0.07,02/08/2024 - 01/08/2026,Bundesliga / Championship / LaLiga / LaLiga 2 / Ligue 1 / Ligue 2 / MLS / Premier League
smt_tirs_ext,ext,Düsseldorf,1.0725,1.2002,6.1543,8590,311,8,25.0,0.07,02/08/2024 - 01/08/2026,Bundesliga / Championship / LaLiga / LaLiga 2 / Ligue 1 / Ligue 2 / MLS / Premier League
smt_tirs_ext,ext,Bayern Munich,1.4221,0.8474,6.1543,8590,311,8,25.0,0.07,02/08/2024 - 01/08/2026,Bundesliga / Championship / LaLiga / LaLiga 2 / Ligue 1 / Ligue 2 / MLS / Premier League
smt_tirs_ext,ext,Ipswich Town,1.0974,0.9569,6.1543,8590,311,8,25.0,0.07,02/08/2024 - 01/08/2026,Bundesliga / Championship / LaLiga / LaLiga 2 / Ligue 1 / Ligue 2 / MLS / Premier League
smt_tirs_ext,ext,Real Madrid,1.1667,0.9786,6.1543,8590,311,8,25.0,0.07,02/08/2024 - 01/08/2026,Bundesliga / Championship / LaLiga / LaLiga 2 / Ligue 1 / Ligue 2 / MLS / Premier League
smt_tirs_ext,ext,Elversberg,1.1816,0.9926,6.1543,8590,311,8,25.0,0.07,02/08/2024 - 01/08/2026,Bundesliga / Championship / LaLiga / LaLiga 2 / Ligue 1 / Ligue 2 / MLS / Premier League
smt_tirs_ext,ext,Étienne - USL Dunkerque,0.925,1.0,6.1543,8590,311,8,25.0,0.07,02/08/2024 - 01/08/2026,Bundesliga / Championship / LaLiga / LaLiga 2 / Ligue 1 / Ligue 2 / MLS / Premier League
smt_tirs_ext,ext,Mayence,0.9531,1.0782,6.1543,8590,311,8,25.0,0.07,02/08/2024 - 01/08/2026,Bundesliga / Championship / LaLiga / LaLiga 2 / Ligue 1 / Ligue 2 / MLS / Premier League
smt_tirs_ext,ext,Magdebourg,1.2217,1.0166,6.1543,8590,311,8,25.0,0.07,02/08/2024 - 01/08/2026,Bundesliga / Championship / LaLiga / LaLiga 2 / Ligue 1 / Ligue 2 / MLS / Premier League
smt_tirs_ext,ext,Tottenham,0.942,0.978,6.1543,8590,311,8,25.0,0.07,02/08/2024 - 01/08/2026,Bundesliga / Championship / LaLiga / LaLiga 2 / Ligue 1 / Ligue 2 / MLS / Premier League
smt_tirs_ext,ext,Watford,1.0246,0.977,6.1543,8590,311,8,25.0,0.07,02/08/2024 - 01/08/2026,Bundesliga / Championship / LaLiga / LaLiga 2 / Ligue 1 / Ligue 2 / MLS / Premier League
smt_tirs_ext,ext,Rio Ave,0.8357,1.1466,6.1543,8590,311,8,25.0,0.07,02/08/2024 - 01/08/2026,Bundesliga / Championship / LaLiga / LaLiga 2 / Ligue 1 / Ligue 2 / MLS / Premier League
smt_tirs_ext,ext,Sheffield Utd,0.9895,0.8975,6.1543,8590,311,8,25.0,0.07,02/08/2024 - 01/08/2026,Bundesliga / Championship / LaLiga / LaLiga 2 / Ligue 1 / Ligue 2 / MLS / Premier League
smt_tirs_ext,ext,Nashville SC,1.0067,1.0594,6.1543,8590,311,8,25.0,0.07,02/08/2024 - 01/08/2026,Bundesliga / Championship / LaLiga / LaLiga 2 / Ligue 1 / Ligue 2 / MLS / Premier League
smt_tirs_ext,ext,Ratisbonne,1.0016,1.0779,6.1543,8590,311,8,25.0,0.07,02/08/2024 - 01/08/2026,Bundesliga / Championship / LaLiga / LaLiga 2 / Ligue 1 / Ligue 2 / MLS / Premier League
smt_tirs_ext,ext,St. Lavallois,0.7863,1.0482,6.1543,8590,311,8,25.0,0.07,02/08/2024 - 01/08/2026,Bundesliga / Championship / LaLiga / LaLiga 2 / Ligue 1 / Ligue 2 / MLS / Premier League
smt_tirs_ext,ext,Oxford Utd,0.8548,1.0032,6.1543,8590,311,8,25.0,0.07,02/08/2024 - 01/08/2026,Bundesliga / Championship / LaLiga / LaLiga 2 / Ligue 1 / Ligue 2 / MLS / Premier League
smt_tirs_ext,ext,Annecy,0.8926,0.9296,6.1543,8590,311,8,25.0,0.07,02/08/2024 - 01/08/2026,Bundesliga / Championship / LaLiga / LaLiga 2 / Ligue 1 / Ligue 2 / MLS / Premier League
smt_tirs_ext,ext,Elche,0.8648,1.0304,6.1543,8590,311,8,25.0,0.07,02/08/2024 - 01/08/2026,Bundesliga / Championship / LaLiga / LaLiga 2 / Ligue 1 / Ligue 2 / MLS / Premier League
smt_tirs_ext,ext,Cesena,0.9752,1.1048,6.1543,8590,311,8,25.0,0.07,02/08/2024 - 01/08/2026,Bundesliga / Championship / LaLiga / LaLiga 2 / Ligue 1 / Ligue 2 / MLS / Premier League
smt_tirs_ext,ext,Arouca,1.0011,1.1236,6.1543,8590,311,8,25.0,0.07,02/08/2024 - 01/08/2026,Bundesliga / Championship / LaLiga / LaLiga 2 / Ligue 1 / Ligue 2 / MLS / Premier League
smt_tirs_ext,ext,Havre AC,0.9197,1.024,6.1543,8590,311,8,25.0,0.07,02/08/2024 - 01/08/2026,Bundesliga / Championship / LaLiga / LaLiga 2 / Ligue 1 / Ligue 2 / MLS / Premier League
smt_tirs_ext,ext,Bologne,0.8767,0.7764,6.1543,8590,311,8,25.0,0.07,02/08/2024 - 01/08/2026,Bundesliga / Championship / LaLiga / LaLiga 2 / Ligue 1 / Ligue 2 / MLS / Premier League
smt_tirs_ext,ext,Mantoue,1.0627,1.0502,6.1543,8590,311,8,25.0,0.07,02/08/2024 - 01/08/2026,Bundesliga / Championship / LaLiga / LaLiga 2 / Ligue 1 / Ligue 2 / MLS / Premier League
smt_tirs_ext,ext,Red Star,0.9537,0.9049,6.1543,8590,311,8,25.0,0.07,02/08/2024 - 01/08/2026,Bundesliga / Championship / LaLiga / LaLiga 2 / Ligue 1 / Ligue 2 / MLS / Premier League
smt_tirs_ext,ext,Montpellier,0.9092,0.9794,6.1543,8590,311,8,25.0,0.07,02/08/2024 - 01/08/2026,Bundesliga / Championship / LaLiga / LaLiga 2 / Ligue 1 / Ligue 2 / MLS / Premier League
smt_tirs_ext,ext,Southampton,1.0206,1.0603,6.1543,8590,311,8,25.0,0.07,02/08/2024 - 01/08/2026,Bundesliga / Championship / LaLiga / LaLiga 2 / Ligue 1 / Ligue 2 / MLS / Premier League
smt_tirs_ext,ext,Alavés,1.079,0.9922,6.1543,8590,311,8,25.0,0.07,02/08/2024 - 01/08/2026,Bundesliga / Championship / LaLiga / LaLiga 2 / Ligue 1 / Ligue 2 / MLS / Premier League
smt_tirs_ext,ext,Étienne - Havre AC,1.0153,1.0,6.1543,8590,311,8,25.0,0.07,02/08/2024 - 01/08/2026,Bundesliga / Championship / LaLiga / LaLiga 2 / Ligue 1 / Ligue 2 / MLS / Premier League
smt_tirs_ext,ext,Étienne - Pau,0.925,1.0,6.1543,8590,311,8,25.0,0.07,02/08/2024 - 01/08/2026,Bundesliga / Championship / LaLiga / LaLiga 2 / Ligue 1 / Ligue 2 / MLS / Premier League
smt_tirs_ext,ext,Austin,0.9088,1.0479,6.1543,8590,311,8,25.0,0.07,02/08/2024 - 01/08/2026,Bundesliga / Championship / LaLiga / LaLiga 2 / Ligue 1 / Ligue 2 / MLS / Premier League
smt_tirs_ext,ext,Liverpool,1.3103,0.9361,6.1543,8590,311,8,25.0,0.07,02/08/2024 - 01/08/2026,Bundesliga / Championship / LaLiga / LaLiga 2 / Ligue 1 / Ligue 2 / MLS / Premier League
smt_tirs_ext,ext,Tondela,0.9183,1.0397,6.1543,8590,311,8,25.0,0.07,02/08/2024 - 01/08/2026,Bundesliga / Championship / LaLiga / LaLiga 2 / Ligue 1 / Ligue 2 / MLS / Premier League
smt_tirs_ext,ext,Étienne - Nice,0.929,1.0,6.1543,8590,311,8,25.0,0.07,02/08/2024 - 01/08/2026,Bundesliga / Championship / LaLiga / LaLiga 2 / Ligue 1 / Ligue 2 / MLS / Premier League
smt_tirs_ext,ext,Lyon,0.9886,1.0863,6.1543,8590,311,8,25.0,0.07,02/08/2024 - 01/08/2026,Bundesliga / Championship / LaLiga / LaLiga 2 / Ligue 1 / Ligue 2 / MLS / Premier League
smt_tirs_ext,ext,Cincinnati,0.9856,1.1283,6.1543,8590,311,8,25.0,0.07,02/08/2024 - 01/08/2026,Bundesliga / Championship / LaLiga / LaLiga 2 / Ligue 1 / Ligue 2 / MLS / Premier League
smt_tirs_ext,ext,Barcelone,1.3773,0.7312,6.1543,8590,311,8,25.0,0.07,02/08/2024 - 01/08/2026,Bundesliga / Championship / LaLiga / LaLiga 2 / Ligue 1 / Ligue 2 / MLS / Premier League
smt_tirs_ext,ext,Bari,0.9554,1.1738,6.1543,8590,311,8,25.0,0.07,02/08/2024 - 01/08/2026,Bundesliga / Championship / LaLiga / LaLiga 2 / Ligue 1 / Ligue 2 / MLS / Premier League
smt_tirs_ext,ext,Étienne - Rennes,1.1055,1.0,6.1543,8590,311,8,25.0,0.07,02/08/2024 - 01/08/2026,Bundesliga / Championship / LaLiga / LaLiga 2 / Ligue 1 / Ligue 2 / MLS / Premier League
smt_tirs_ext,ext,Dallas,0.943,1.0931,6.1543,8590,311,8,25.0,0.07,02/08/2024 - 01/08/2026,Bundesliga / Championship / LaLiga / LaLiga 2 / Ligue 1 / Ligue 2 / MLS / Premier League
smt_tirs_ext,ext,Udinese,0.9989,0.9633,6.1543,8590,311,8,25.0,0.07,02/08/2024 - 01/08/2026,Bundesliga / Championship / LaLiga / LaLiga 2 / Ligue 1 / Ligue 2 / MLS / Premier League
smt_tirs_ext,ext,Carrarese,1.0068,1.1097,6.1543,8590,311,8,25.0,0.07,02/08/2024 - 01/08/2026,Bundesliga / Championship / LaLiga / LaLiga 2 / Ligue 1 / Ligue 2 / MLS / Premier League
smt_tirs_ext,ext,Atlanta Utd,1.0337,0.9908,6.1543,8590,311,8,25.0,0.07,02/08/2024 - 01/08/2026,Bundesliga / Championship / LaLiga / LaLiga 2 / Ligue 1 / Ligue 2 / MLS / Premier League
smt_tirs_ext,ext,Grenoble Foot,1.0104,1.0395,6.1543,8590,311,8,25.0,0.07,02/08/2024 - 01/08/2026,Bundesliga / Championship / LaLiga / LaLiga 2 / Ligue 1 / Ligue 2 / MLS / Premier League
smt_tirs_ext,ext,Boavista,0.9168,1.0487,6.1543,8590,311,8,25.0,0.07,02/08/2024 - 01/08/2026,Bundesliga / Championship / LaLiga / LaLiga 2 / Ligue 1 / Ligue 2 / MLS / Premier League
smt_tirs_ext,ext,Penafiel,0.9222,0.9642,6.1543,8590,311,8,25.0,0.07,02/08/2024 - 01/08/2026,Bundesliga / Championship / LaLiga / LaLiga 2 / Ligue 1 / Ligue 2 / MLS / Premier League
smt_tirs_ext,ext,Santander,0.9757,1.0538,6.1543,8590,311,8,25.0,0.07,02/08/2024 - 01/08/2026,Bundesliga / Championship / LaLiga / LaLiga 2 / Ligue 1 / Ligue 2 / MLS / Premier League
smt_tirs_ext,ext,NY Red Bulls,1.0908,1.1135,6.1543,8590,311,8,25.0,0.07,02/08/2024 - 01/08/2026,Bundesliga / Championship / LaLiga / LaLiga 2 / Ligue 1 / Ligue 2 / MLS / Premier League
smt_tirs_ext,ext,Pau,1.0388,0.8923,6.1543,8590,311,8,25.0,0.07,02/08/2024 - 01/08/2026,Bundesliga / Championship / LaLiga / LaLiga 2 / Ligue 1 / Ligue 2 / MLS / Premier League
smt_tirs_ext,ext,St. Louis,1.0055,0.9273,6.1543,8590,311,8,25.0,0.07,02/08/2024 - 01/08/2026,Bundesliga / Championship / LaLiga / LaLiga 2 / Ligue 1 / Ligue 2 / MLS / Premier League
smt_tirs_ext,ext,Cardiff,0.8822,0.8873,6.1543,8590,311,8,25.0,0.07,02/08/2024 - 01/08/2026,Bundesliga / Championship / LaLiga / LaLiga 2 / Ligue 1 / Ligue 2 / MLS / Premier League
smt_tirs_ext,ext,Dortmund,0.9985,0.8874,6.1543,8590,311,8,25.0,0.07,02/08/2024 - 01/08/2026,Bundesliga / Championship / LaLiga / LaLiga 2 / Ligue 1 / Ligue 2 / MLS / Premier League
smt_tirs_ext,ext,Casa Pia,0.8288,1.0506,6.1543,8590,311,8,25.0,0.07,02/08/2024 - 01/08/2026,Bundesliga / Championship / LaLiga / LaLiga 2 / Ligue 1 / Ligue 2 / MLS / Premier League
smt_tirs_ext,ext,Burnley,0.8409,1.1217,6.1543,8590,311,8,25.0,0.07,02/08/2024 - 01/08/2026,Bundesliga / Championship / LaLiga / LaLiga 2 / Ligue 1 / Ligue 2 / MLS / Premier League
smt_tirs_ext,ext,Montreal,1.1188,1.0535,6.1543,8590,311,8,25.0,0.07,02/08/2024 - 01/08/2026,Bundesliga / Championship / LaLiga / LaLiga 2 / Ligue 1 / Ligue 2 / MLS / Premier League
smt_tirs_ext,ext,Atalanta,1.1195,0.9081,6.1543,8590,311,8,25.0,0.07,02/08/2024 - 01/08/2026,Bundesliga / Championship / LaLiga / LaLiga 2 / Ligue 1 / Ligue 2 / MLS / Premier League
smt_tirs_ext,ext,Nantes,0.8581,0.9958,6.1543,8590,311,8,25.0,0.07,02/08/2024 - 01/08/2026,Bundesliga / Championship / LaLiga / LaLiga 2 / Ligue 1 / Ligue 2 / MLS / Premier League
smt_tirs_ext,ext,Étienne - Annecy,0.925,1.0,6.1543,8590,311,8,25.0,0.07,02/08/2024 - 01/08/2026,Bundesliga / Championship / LaLiga / LaLiga 2 / Ligue 1 / Ligue 2 / MLS / Premier League
smt_tirs_ext,ext,Étienne - St. Lavallois,0.9431,1.0,6.1543,8590,311,8,25.0,0.07,02/08/2024 - 01/08/2026,Bundesliga / Championship / LaLiga / LaLiga 2 / Ligue 1 / Ligue 2 / MLS / Premier League
smt_tirs_ext,ext,V. Guimaraes,1.1401,0.9172,6.1543,8590,311,8,25.0,0.07,02/08/2024 - 01/08/2026,Bundesliga / Championship / LaLiga / LaLiga 2 / Ligue 1 / Ligue 2 / MLS / Premier League
smt_tirs_ext,ext,Las Palmas,0.9565,0.99,6.1543,8590,311,8,25.0,0.07,02/08/2024 - 01/08/2026,Bundesliga / Championship / LaLiga / LaLiga 2 / Ligue 1 / Ligue 2 / MLS / Premier League
smt_tirs_ext,ext,Charlton,0.8472,1.0875,6.1543,8590,311,8,25.0,0.07,02/08/2024 - 01/08/2026,Bundesliga / Championship / LaLiga / LaLiga 2 / Ligue 1 / Ligue 2 / MLS / Premier League
smt_tirs_ext,ext,Brest,0.8938,1.0377,6.1543,8590,311,8,25.0,0.07,02/08/2024 - 01/08/2026,Bundesliga / Championship / LaLiga / LaLiga 2 / Ligue 1 / Ligue 2 / MLS / Premier League
smt_tirs_ext,ext,Pise,0.8524,1.0517,6.1543,8590,311,8,25.0,0.07,02/08/2024 - 01/08/2026,Bundesliga / Championship / LaLiga / LaLiga 2 / Ligue 1 / Ligue 2 / MLS / Premier League
smt_tirs_ext,ext,A. Bielefeld,1.1938,0.9303,6.1543,8590,311,8,25.0,0.07,02/08/2024 - 01/08/2026,Bundesliga / Championship / LaLiga / LaLiga 2 / Ligue 1 / Ligue 2 / MLS / Premier League
smt_tirs_ext,ext,Real Saragosse,1.1103,0.8754,6.1543,8590,311,8,25.0,0.07,02/08/2024 - 01/08/2026,Bundesliga / Championship / LaLiga / LaLiga 2 / Ligue 1 / Ligue 2 / MLS / Premier League
smt_tirs_ext,ext,West Bromwich,0.9939,0.8897,6.1543,8590,311,8,25.0,0.07,02/08/2024 - 01/08/2026,Bundesliga / Championship / LaLiga / LaLiga 2 / Ligue 1 / Ligue 2 / MLS / Premier League
smt_tirs_ext,ext,V. Whitecaps,1.171,0.8453,6.1543,8590,311,8,25.0,0.07,02/08/2024 - 01/08/2026,Bundesliga / Championship / LaLiga / LaLiga 2 / Ligue 1 / Ligue 2 / MLS / Premier League
smt_tirs_ext,ext,Alverca,0.863,1.0559,6.1543,8590,311,8,25.0,0.07,02/08/2024 - 01/08/2026,Bundesliga / Championship / LaLiga / LaLiga 2 / Ligue 1 / Ligue 2 / MLS / Premier League
smt_tirs_ext,ext,Wolverhampton,0.9531,1.0544,6.1543,8590,311,8,25.0,0.07,02/08/2024 - 01/08/2026,Bundesliga / Championship / LaLiga / LaLiga 2 / Ligue 1 / Ligue 2 / MLS / Premier League
smt_tirs_ext,ext,Stoke,0.8543,1.0833,6.1543,8590,311,8,25.0,0.07,02/08/2024 - 01/08/2026,Bundesliga / Championship / LaLiga / LaLiga 2 / Ligue 1 / Ligue 2 / MLS / Premier League
smt_tirs_ext,ext,Feirense,1.0285,0.904,6.1543,8590,311,8,25.0,0.07,02/08/2024 - 01/08/2026,Bundesliga / Championship / LaLiga / LaLiga 2 / Ligue 1 / Ligue 2 / MLS / Premier League
smt_tirs_ext,ext,Metz,0.8867,1.0773,6.1543,8590,311,8,25.0,0.07,02/08/2024 - 01/08/2026,Bundesliga / Championship / LaLiga / LaLiga 2 / Ligue 1 / Ligue 2 / MLS / Premier League
smt_tirs_ext,ext,Sporting CP II,0.9249,0.9703,6.1543,8590,311,8,25.0,0.07,02/08/2024 - 01/08/2026,Bundesliga / Championship / LaLiga / LaLiga 2 / Ligue 1 / Ligue 2 / MLS / Premier League
smt_tirs_ext,ext,Saint-Étienne,0.8799,1.0,6.1543,8590,311,8,25.0,0.07,02/08/2024 - 01/08/2026,Bundesliga / Championship / LaLiga / LaLiga 2 / Ligue 1 / Ligue 2 / MLS / Premier League
smt_tirs_ext,ext,New York City,0.8877,0.9474,6.1543,8590,311,8,25.0,0.07,02/08/2024 - 01/08/2026,Bundesliga / Championship / LaLiga / LaLiga 2 / Ligue 1 / Ligue 2 / MLS / Premier League
smt_tirs_ext,ext,Augsbourg,1.0847,1.1965,6.1543,8590,311,8,25.0,0.07,02/08/2024 - 01/08/2026,Bundesliga / Championship / LaLiga / LaLiga 2 / Ligue 1 / Ligue 2 / MLS / Premier League
smt_tirs_ext,ext,Étienne - Red Star,0.9611,1.0,6.1543,8590,311,8,25.0,0.07,02/08/2024 - 01/08/2026,Bundesliga / Championship / LaLiga / LaLiga 2 / Ligue 1 / Ligue 2 / MLS / Premier League
smt_tirs_ext,ext,Leixões,0.8828,0.9454,6.1543,8590,311,8,25.0,0.07,02/08/2024 - 01/08/2026,Bundesliga / Championship / LaLiga / LaLiga 2 / Ligue 1 / Ligue 2 / MLS / Premier League
smt_tirs_ext,ext,Phila. Union,1.2398,0.8521,6.1543,8590,311,8,25.0,0.07,02/08/2024 - 01/08/2026,Bundesliga / Championship / LaLiga / LaLiga 2 / Ligue 1 / Ligue 2 / MLS / Premier League
smt_tirs_ext,ext,Coventry,1.1167,0.8248,6.1543,8590,311,8,25.0,0.07,02/08/2024 - 01/08/2026,Bundesliga / Championship / LaLiga / LaLiga 2 / Ligue 1 / Ligue 2 / MLS / Premier League
smt_tirs_ext,ext,Étienne - SC Bastia,0.9069,1.0,6.1543,8590,311,8,25.0,0.07,02/08/2024 - 01/08/2026,Bundesliga / Championship / LaLiga / LaLiga 2 / Ligue 1 / Ligue 2 / MLS / Premier League
smt_tirs_ext,ext,Columbus,1.0091,0.9103,6.1543,8590,311,8,25.0,0.07,02/08/2024 - 01/08/2026,Bundesliga / Championship / LaLiga / LaLiga 2 / Ligue 1 / Ligue 2 / MLS / Premier League
smt_tirs_ext,ext,Kiel,1.0259,1.0361,6.1543,8590,311,8,25.0,0.07,02/08/2024 - 01/08/2026,Bundesliga / Championship / LaLiga / LaLiga 2 / Ligue 1 / Ligue 2 / MLS / Premier League
smt_tirs_ext,ext,Middlesbrough,1.1893,0.9061,6.1543,8590,311,8,25.0,0.07,02/08/2024 - 01/08/2026,Bundesliga / Championship / LaLiga / LaLiga 2 / Ligue 1 / Ligue 2 / MLS / Premier League
smt_tirs_ext,ext,UD Oliveirense,0.8695,1.0172,6.1543,8590,311,8,25.0,0.07,02/08/2024 - 01/08/2026,Bundesliga / Championship / LaLiga / LaLiga 2 / Ligue 1 / Ligue 2 / MLS / Premier League
smt_tirs_ext,ext,Étienne - Marseille,1.1055,1.0,6.1543,8590,311,8,25.0,0.07,02/08/2024 - 01/08/2026,Bundesliga / Championship / LaLiga / LaLiga 2 / Ligue 1 / Ligue 2 / MLS / Premier League
smt_tirs_ext,ext,AVS,0.9247,1.1696,6.1543,8590,311,8,25.0,0.07,02/08/2024 - 01/08/2026,Bundesliga / Championship / LaLiga / LaLiga 2 / Ligue 1 / Ligue 2 / MLS / Premier League
smt_tirs_ext,ext,Deportivo,1.0778,1.0156,6.1543,8590,311,8,25.0,0.07,02/08/2024 - 01/08/2026,Bundesliga / Championship / LaLiga / LaLiga 2 / Ligue 1 / Ligue 2 / MLS / Premier League
smt_tirs_ext,ext,Gijon,0.8755,1.0685,6.1543,8590,311,8,25.0,0.07,02/08/2024 - 01/08/2026,Bundesliga / Championship / LaLiga / LaLiga 2 / Ligue 1 / Ligue 2 / MLS / Premier League
smt_tirs_ext,ext,Étienne - AJ Auxerre,1.0514,1.0,6.1543,8590,311,8,25.0,0.07,02/08/2024 - 01/08/2026,Bundesliga / Championship / LaLiga / LaLiga 2 / Ligue 1 / Ligue 2 / MLS / Premier League
smt_tirs_ext,ext,Castellon,1.1558,0.9308,6.1543,8590,311,8,25.0,0.07,02/08/2024 - 01/08/2026,Bundesliga / Championship / LaLiga / LaLiga 2 / Ligue 1 / Ligue 2 / MLS / Premier League
smt_tirs_ext,ext,Cittadella,0.8791,1.1055,6.1543,8590,311,8,25.0,0.07,02/08/2024 - 01/08/2026,Bundesliga / Championship / LaLiga / LaLiga 2 / Ligue 1 / Ligue 2 / MLS / Premier League
smt_tirs_ext,ext,B. Leverkusen,1.0439,0.8782,6.1543,8590,311,8,25.0,0.07,02/08/2024 - 01/08/2026,Bundesliga / Championship / LaLiga / LaLiga 2 / Ligue 1 / Ligue 2 / MLS / Premier League
smt_tirs_ext,ext,Cagliari,0.8842,1.0461,6.1543,8590,311,8,25.0,0.07,02/08/2024 - 01/08/2026,Bundesliga / Championship / LaLiga / LaLiga 2 / Ligue 1 / Ligue 2 / MLS / Premier League
smt_tirs_ext,ext,Swansea,1.0243,1.0117,6.1543,8590,311,8,25.0,0.07,02/08/2024 - 01/08/2026,Bundesliga / Championship / LaLiga / LaLiga 2 / Ligue 1 / Ligue 2 / MLS / Premier League
smt_tirs_ext,ext,Heidenheim,1.1443,1.2216,6.1543,8590,311,8,25.0,0.07,02/08/2024 - 01/08/2026,Bundesliga / Championship / LaLiga / LaLiga 2 / Ligue 1 / Ligue 2 / MLS / Premier League
smt_tirs_ext,ext,Hertha BSC,1.0746,1.1471,6.1543,8590,311,8,25.0,0.07,02/08/2024 - 01/08/2026,Bundesliga / Championship / LaLiga / LaLiga 2 / Ligue 1 / Ligue 2 / MLS / Premier League
smt_tirs_ext,ext,Paris FC,1.0006,0.9976,6.1543,8590,311,8,25.0,0.07,02/08/2024 - 01/08/2026,Bundesliga / Championship / LaLiga / LaLiga 2 / Ligue 1 / Ligue 2 / MLS / Premier League
smt_tirs_ext,ext,Étienne - US Boulogne,1.0153,1.0,6.1543,8590,311,8,25.0,0.07,02/08/2024 - 01/08/2026,Bundesliga / Championship / LaLiga / LaLiga 2 / Ligue 1 / Ligue 2 / MLS / Premier League
smt_tirs_ext,ext,Benfica,1.2507,0.7223,6.1543,8590,311,8,25.0,0.07,02/08/2024 - 01/08/2026,Bundesliga / Championship / LaLiga / LaLiga 2 / Ligue 1 / Ligue 2 / MLS / Premier League
smt_tirs_ext,ext,Burgos,0.873,0.9944,6.1543,8590,311,8,25.0,0.07,02/08/2024 - 01/08/2026,Bundesliga / Championship / LaLiga / LaLiga 2 / Ligue 1 / Ligue 2 / MLS / Premier League
smt_tirs_ext,ext,Étienne - Lille,1.0514,1.0,6.1543,8590,311,8,25.0,0.07,02/08/2024 - 01/08/2026,Bundesliga / Championship / LaLiga / LaLiga 2 / Ligue 1 / Ligue 2 / MLS / Premier League
smt_tirs_ext,ext,Étienne - Clermont,0.9792,1.0,6.1543,8590,311,8,25.0,0.07,02/08/2024 - 01/08/2026,Bundesliga / Championship / LaLiga / LaLiga 2 / Ligue 1 / Ligue 2 / MLS / Premier League
smt_tirs_ext,ext,Brighton,1.0901,0.9546,6.1543,8590,311,8,25.0,0.07,02/08/2024 - 01/08/2026,Bundesliga / Championship / LaLiga / LaLiga 2 / Ligue 1 / Ligue 2 / MLS / Premier League
smt_tirs_ext,ext,Torreense,1.0284,1.0041,6.1543,8590,311,8,25.0,0.07,02/08/2024 - 01/08/2026,Bundesliga / Championship / LaLiga / LaLiga 2 / Ligue 1 / Ligue 2 / MLS / Premier League
smt_tirs_ext,ext,Eibar,0.893,0.9678,6.1543,8590,311,8,25.0,0.07,02/08/2024 - 01/08/2026,Bundesliga / Championship / LaLiga / LaLiga 2 / Ligue 1 / Ligue 2 / MLS / Premier League
smt_tirs_ext,ext,Wolfsbourg,0.9434,1.0717,6.1543,8590,311,8,25.0,0.07,02/08/2024 - 01/08/2026,Bundesliga / Championship / LaLiga / LaLiga 2 / Ligue 1 / Ligue 2 / MLS / Premier League
smt_tirs_ext,ext,Sampdoria,1.1167,1.0563,6.1543,8590,311,8,25.0,0.07,02/08/2024 - 01/08/2026,Bundesliga / Championship / LaLiga / LaLiga 2 / Ligue 1 / Ligue 2 / MLS / Premier League
smt_tirs_ext,ext,Kaiserslautern,0.9786,1.1579,6.1543,8590,311,8,25.0,0.07,02/08/2024 - 01/08/2026,Bundesliga / Championship / LaLiga / LaLiga 2 / Ligue 1 / Ligue 2 / MLS / Premier League
smt_tirs_ext,ext,Côme,1.0525,0.7501,6.1543,8590,311,8,25.0,0.07,02/08/2024 - 01/08/2026,Bundesliga / Championship / LaLiga / LaLiga 2 / Ligue 1 / Ligue 2 / MLS / Premier League
smt_tirs_ext,ext,Leicester,0.9892,1.0676,6.1543,8590,311,8,25.0,0.07,02/08/2024 - 01/08/2026,Bundesliga / Championship / LaLiga / LaLiga 2 / Ligue 1 / Ligue 2 / MLS / Premier League
smt_tirs_ext,ext,Étienne - Amiens,0.9972,1.0,6.1543,8590,311,8,25.0,0.07,02/08/2024 - 01/08/2026,Bundesliga / Championship / LaLiga / LaLiga 2 / Ligue 1 / Ligue 2 / MLS / Premier League
smt_tirs_ext,ext,Huesca,0.8999,1.0679,6.1543,8590,311,8,25.0,0.07,02/08/2024 - 01/08/2026,Bundesliga / Championship / LaLiga / LaLiga 2 / Ligue 1 / Ligue 2 / MLS / Premier League
smt_tirs_ext,ext,Espanyol,0.9901,1.1629,6.1543,8590,311,8,25.0,0.07,02/08/2024 - 01/08/2026,Bundesliga / Championship / LaLiga / LaLiga 2 / Ligue 1 / Ligue 2 / MLS / Premier League
smt_tirs_ext,ext,Leeds United,1.0943,0.8665,6.1543,8590,311,8,25.0,0.07,02/08/2024 - 01/08/2026,Bundesliga / Championship / LaLiga / LaLiga 2 / Ligue 1 / Ligue 2 / MLS / Premier League
smt_tirs_ext,ext,Portsmouth,0.8502,0.9693,6.1543,8590,311,8,25.0,0.07,02/08/2024 - 01/08/2026,Bundesliga / Championship / LaLiga / LaLiga 2 / Ligue 1 / Ligue 2 / MLS / Premier League
smt_tirs_ext,ext,Martigues,0.8435,1.236,6.1543,8590,311,8,25.0,0.07,02/08/2024 - 01/08/2026,Bundesliga / Championship / LaLiga / LaLiga 2 / Ligue 1 / Ligue 2 / MLS / Premier League
smt_tirs_ext,ext,NE Revolution,0.9974,1.1438,6.1543,8590,311,8,25.0,0.07,02/08/2024 - 01/08/2026,Bundesliga / Championship / LaLiga / LaLiga 2 / Ligue 1 / Ligue 2 / MLS / Premier League
smt_tirs_ext,ext,Stuttgart,1.1172,0.9838,6.1543,8590,311,8,25.0,0.07,02/08/2024 - 01/08/2026,Bundesliga / Championship / LaLiga / LaLiga 2 / Ligue 1 / Ligue 2 / MLS / Premier League
smt_tirs_ext,ext,Amiens,0.8721,1.1272,6.1543,8590,311,8,25.0,0.07,02/08/2024 - 01/08/2026,Bundesliga / Championship / LaLiga / LaLiga 2 / Ligue 1 / Ligue 2 / MLS / Premier League
smt_tirs_ext,ext,Oviedo,0.9069,1.0328,6.1543,8590,311,8,25.0,0.07,02/08/2024 - 01/08/2026,Bundesliga / Championship / LaLiga / LaLiga 2 / Ligue 1 / Ligue 2 / MLS / Premier League
smt_tirs_ext,ext,Étienne - Grenoble Foot,0.9431,1.0,6.1543,8590,311,8,25.0,0.07,02/08/2024 - 01/08/2026,Bundesliga / Championship / LaLiga / LaLiga 2 / Ligue 1 / Ligue 2 / MLS / Premier League
smt_tirs_ext,ext,EA Guingamp,0.9632,0.9651,6.1543,8590,311,8,25.0,0.07,02/08/2024 - 01/08/2026,Bundesliga / Championship / LaLiga / LaLiga 2 / Ligue 1 / Ligue 2 / MLS / Premier League
smt_tirs_ext,ext,Racing de Ferrol,0.8539,0.9958,6.1543,8590,311,8,25.0,0.07,02/08/2024 - 01/08/2026,Bundesliga / Championship / LaLiga / LaLiga 2 / Ligue 1 / Ligue 2 / MLS / Premier League
smt_tirs_ext,ext,Eldense,1.0275,0.9568,6.1543,8590,311,8,25.0,0.07,02/08/2024 - 01/08/2026,Bundesliga / Championship / LaLiga / LaLiga 2 / Ligue 1 / Ligue 2 / MLS / Premier League
smt_tirs_ext,ext,Benfica II,1.0459,0.8968,6.1543,8590,311,8,25.0,0.07,02/08/2024 - 01/08/2026,Bundesliga / Championship / LaLiga / LaLiga 2 / Ligue 1 / Ligue 2 / MLS / Premier League
smt_tirs_ext,ext,Sporting KC,0.9857,1.0729,6.1543,8590,311,8,25.0,0.07,02/08/2024 - 01/08/2026,Bundesliga / Championship / LaLiga / LaLiga 2 / Ligue 1 / Ligue 2 / MLS / Premier League
smt_tirs_ext,ext,Queens Park R.,1.0931,1.0231,6.1543,8590,311,8,25.0,0.07,02/08/2024 - 01/08/2026,Bundesliga / Championship / LaLiga / LaLiga 2 / Ligue 1 / Ligue 2 / MLS / Premier League
smt_tirs_ext,ext,Sunderland,0.9404,0.9283,6.1543,8590,311,8,25.0,0.07,02/08/2024 - 01/08/2026,Bundesliga / Championship / LaLiga / LaLiga 2 / Ligue 1 / Ligue 2 / MLS / Premier League
smt_tirs_ext,ext,Reims,1.1291,0.9088,6.1543,8590,311,8,25.0,0.07,02/08/2024 - 01/08/2026,Bundesliga / Championship / LaLiga / LaLiga 2 / Ligue 1 / Ligue 2 / MLS / Premier League
smt_tirs_ext,ext,Portimonense,0.9506,0.9809,6.1543,8590,311,8,25.0,0.07,02/08/2024 - 01/08/2026,Bundesliga / Championship / LaLiga / LaLiga 2 / Ligue 1 / Ligue 2 / MLS / Premier League
smt_tirs_ext,ext,Marseille,1.1863,0.9528,6.1543,8590,311,8,25.0,0.07,02/08/2024 - 01/08/2026,Bundesliga / Championship / LaLiga / LaLiga 2 / Ligue 1 / Ligue 2 / MLS / Premier League
smt_tirs_ext,ext,Cremonese,0.9392,0.9811,6.1543,8590,311,8,25.0,0.07,02/08/2024 - 01/08/2026,Bundesliga / Championship / LaLiga / LaLiga 2 / Ligue 1 / Ligue 2 / MLS / Premier League
smt_tirs_ext,ext,Real Betis,1.0269,0.9301,6.1543,8590,311,8,25.0,0.07,02/08/2024 - 01/08/2026,Bundesliga / Championship / LaLiga / LaLiga 2 / Ligue 1 / Ligue 2 / MLS / Premier League
smt_tirs_ext,ext,Felgueiras,0.8044,0.9569,6.1543,8590,311,8,25.0,0.07,02/08/2024 - 01/08/2026,Bundesliga / Championship / LaLiga / LaLiga 2 / Ligue 1 / Ligue 2 / MLS / Premier League
smt_tirs_ext,ext,Avellino,0.7973,1.0418,6.1543,8590,311,8,25.0,0.07,02/08/2024 - 01/08/2026,Bundesliga / Championship / LaLiga / LaLiga 2 / Ligue 1 / Ligue 2 / MLS / Premier League
smt_tirs_ext,ext,Farense,1.0364,0.9437,6.1543,8590,311,8,25.0,0.07,02/08/2024 - 01/08/2026,Bundesliga / Championship / LaLiga / LaLiga 2 / Ligue 1 / Ligue 2 / MLS / Premier League
smt_tirs_ext,ext,Pescara,1.0641,1.021,6.1543,8590,311,8,25.0,0.07,02/08/2024 - 01/08/2026,Bundesliga / Championship / LaLiga / LaLiga 2 / Ligue 1 / Ligue 2 / MLS / Premier League
smt_tirs_ext,ext,Hoffenheim,0.9997,1.1494,6.1543,8590,311,8,25.0,0.07,02/08/2024 - 01/08/2026,Bundesliga / Championship / LaLiga / LaLiga 2 / Ligue 1 / Ligue 2 / MLS / Premier League
smt_tirs_ext,ext,Cologne,1.0529,0.9426,6.1543,8590,311,8,25.0,0.07,02/08/2024 - 01/08/2026,Bundesliga / Championship / LaLiga / LaLiga 2 / Ligue 1 / Ligue 2 / MLS / Premier League
smt_tirs_ext,ext,Brunswick,0.9878,1.2612,6.1543,8590,311,8,25.0,0.07,02/08/2024 - 01/08/2026,Bundesliga / Championship / LaLiga / LaLiga 2 / Ligue 1 / Ligue 2 / MLS / Premier League
smt_tirs_ext,ext,Schalke 04,1.0972,0.9675,6.1543,8590,311,8,25.0,0.07,02/08/2024 - 01/08/2026,Bundesliga / Championship / LaLiga / LaLiga 2 / Ligue 1 / Ligue 2 / MLS / Premier League
smt_tirs_ext,ext,Étienne - Rodez,0.8669,1.0,6.1543,8590,311,8,25.0,0.07,02/08/2024 - 01/08/2026,Bundesliga / Championship / LaLiga / LaLiga 2 / Ligue 1 / Ligue 2 / MLS / Premier League
smt_tirs_ext,ext,Juventus,1.1182,0.8397,6.1543,8590,311,8,25.0,0.07,02/08/2024 - 01/08/2026,Bundesliga / Championship / LaLiga / LaLiga 2 / Ligue 1 / Ligue 2 / MLS / Premier League
smt_tirs_ext,ext,Osasuna,0.9115,0.9532,6.1543,8590,311,8,25.0,0.07,02/08/2024 - 01/08/2026,Bundesliga / Championship / LaLiga / LaLiga 2 / Ligue 1 / Ligue 2 / MLS / Premier League
smt_tirs_ext,ext,Viseu,0.8731,0.9167,6.1543,8590,311,8,25.0,0.07,02/08/2024 - 01/08/2026,Bundesliga / Championship / LaLiga / LaLiga 2 / Ligue 1 / Ligue 2 / MLS / Premier League
smt_tirs_ext,ext,PSG,1.3448,0.7695,6.1543,8590,311,8,25.0,0.07,02/08/2024 - 01/08/2026,Bundesliga / Championship / LaLiga / LaLiga 2 / Ligue 1 / Ligue 2 / MLS / Premier League
smt_tirs_ext,ext,Charlotte,0.8386,1.1053,6.1543,8590,311,8,25.0,0.07,02/08/2024 - 01/08/2026,Bundesliga / Championship / LaLiga / LaLiga 2 / Ligue 1 / Ligue 2 / MLS / Premier League
smt_tirs_ext,ext,Étienne - Nantes,0.9972,1.0,6.1543,8590,311,8,25.0,0.07,02/08/2024 - 01/08/2026,Bundesliga / Championship / LaLiga / LaLiga 2 / Ligue 1 / Ligue 2 / MLS / Premier League
smt_tirs_ext,ext,Preston,0.8693,1.1933,6.1543,8590,311,8,25.0,0.07,02/08/2024 - 01/08/2026,Bundesliga / Championship / LaLiga / LaLiga 2 / Ligue 1 / Ligue 2 / MLS / Premier League
smt_tirs_ext,ext,Gil Vicente,1.0428,1.0665,6.1543,8590,311,8,25.0,0.07,02/08/2024 - 01/08/2026,Bundesliga / Championship / LaLiga / LaLiga 2 / Ligue 1 / Ligue 2 / MLS / Premier League
smt_tirs_ext,ext,Reggiana,1.038,1.0882,6.1543,8590,311,8,25.0,0.07,02/08/2024 - 01/08/2026,Bundesliga / Championship / LaLiga / LaLiga 2 / Ligue 1 / Ligue 2 / MLS / Premier League
smt_tirs_ext,ext,AC Ajaccio,0.8319,0.9346,6.1543,8590,311,8,25.0,0.07,02/08/2024 - 01/08/2026,Bundesliga / Championship / LaLiga / LaLiga 2 / Ligue 1 / Ligue 2 / MLS / Premier League
smt_tirs_ext,ext,San Jose E.,0.8372,1.0133,6.1543,8590,311,8,25.0,0.07,02/08/2024 - 01/08/2026,Bundesliga / Championship / LaLiga / LaLiga 2 / Ligue 1 / Ligue 2 / MLS / Premier League
smt_tirs_ext,ext,LA Galaxy,1.1402,1.0991,6.1543,8590,311,8,25.0,0.07,02/08/2024 - 01/08/2026,Bundesliga / Championship / LaLiga / LaLiga 2 / Ligue 1 / Ligue 2 / MLS / Premier League
smt_tirs_ext,ext,Wrexham,0.8659,0.9461,6.1543,8590,311,8,25.0,0.07,02/08/2024 - 01/08/2026,Bundesliga / Championship / LaLiga / LaLiga 2 / Ligue 1 / Ligue 2 / MLS / Premier League
smt_tirs_ext,ext,AS Monaco,1.0839,1.0094,6.1543,8590,311,8,25.0,0.07,02/08/2024 - 01/08/2026,Bundesliga / Championship / LaLiga / LaLiga 2 / Ligue 1 / Ligue 2 / MLS / Premier League
smt_tirs_ext,ext,Séville,0.9528,0.8994,6.1543,8590,311,8,25.0,0.07,02/08/2024 - 01/08/2026,Bundesliga / Championship / LaLiga / LaLiga 2 / Ligue 1 / Ligue 2 / MLS / Premier League
smt_tirs_ext,ext,Union Berlin,1.0681,0.948,6.1543,8590,311,8,25.0,0.07,02/08/2024 - 01/08/2026,Bundesliga / Championship / LaLiga / LaLiga 2 / Ligue 1 / Ligue 2 / MLS / Premier League
smt_tirs_ext,ext,Rayo Vallecano,1.0734,1.0369,6.1543,8590,311,8,25.0,0.07,02/08/2024 - 01/08/2026,Bundesliga / Championship / LaLiga / LaLiga 2 / Ligue 1 / Ligue 2 / MLS / Premier League
smt_tirs_ext,ext,Atl. Madrid,0.897,0.9279,6.1543,8590,311,8,25.0,0.07,02/08/2024 - 01/08/2026,Bundesliga / Championship / LaLiga / LaLiga 2 / Ligue 1 / Ligue 2 / MLS / Premier League
smt_tirs_ext,ext,Toulouse,1.0434,0.8694,6.1543,8590,311,8,25.0,0.07,02/08/2024 - 01/08/2026,Bundesliga / Championship / LaLiga / LaLiga 2 / Ligue 1 / Ligue 2 / MLS / Premier League
smt_tirs_ext,ext,Parme,0.905,0.9929,6.1543,8590,311,8,25.0,0.07,02/08/2024 - 01/08/2026,Bundesliga / Championship / LaLiga / LaLiga 2 / Ligue 1 / Ligue 2 / MLS / Premier League
smt_tirs_ext,ext,Real Sociedad,0.9514,1.0468,6.1543,8590,311,8,25.0,0.07,02/08/2024 - 01/08/2026,Bundesliga / Championship / LaLiga / LaLiga 2 / Ligue 1 / Ligue 2 / MLS / Premier League
smt_tirs_ext,ext,US Boulogne,0.9453,0.9398,6.1543,8590,311,8,25.0,0.07,02/08/2024 - 01/08/2026,Bundesliga / Championship / LaLiga / LaLiga 2 / Ligue 1 / Ligue 2 / MLS / Premier League
smt_tirs_ext,ext,Cordoba,1.2493,0.8781,6.1543,8590,311,8,25.0,0.07,02/08/2024 - 01/08/2026,Bundesliga / Championship / LaLiga / LaLiga 2 / Ligue 1 / Ligue 2 / MLS / Premier League
smt_tirs_ext,ext,Étienne - PSG,1.1416,1.0,6.1543,8590,311,8,25.0,0.07,02/08/2024 - 01/08/2026,Bundesliga / Championship / LaLiga / LaLiga 2 / Ligue 1 / Ligue 2 / MLS / Premier League
smt_tirs_ext,ext,Inter Miami,1.0445,1.072,6.1543,8590,311,8,25.0,0.07,02/08/2024 - 01/08/2026,Bundesliga / Championship / LaLiga / LaLiga 2 / Ligue 1 / Ligue 2 / MLS / Premier League
smt_tirs_ext,ext,Virtus,1.0598,1.0221,6.1543,8590,311,8,25.0,0.07,02/08/2024 - 01/08/2026,Bundesliga / Championship / LaLiga / LaLiga 2 / Ligue 1 / Ligue 2 / MLS / Premier League
smt_tirs_ext,ext,Étienne - Le Mans,1.0514,1.0,6.1543,8590,311,8,25.0,0.07,02/08/2024 - 01/08/2026,Bundesliga / Championship / LaLiga / LaLiga 2 / Ligue 1 / Ligue 2 / MLS / Premier League
smt_tirs_ext,ext,Empoli,0.8563,0.9787,6.1543,8590,311,8,25.0,0.07,02/08/2024 - 01/08/2026,Bundesliga / Championship / LaLiga / LaLiga 2 / Ligue 1 / Ligue 2 / MLS / Premier League
smt_tirs_ext,ext,Plymouth,0.7505,1.0414,6.1543,8590,311,8,25.0,0.07,02/08/2024 - 01/08/2026,Bundesliga / Championship / LaLiga / LaLiga 2 / Ligue 1 / Ligue 2 / MLS / Premier League
smt_tirs_ext,ext,Fribourg,0.9908,1.0856,6.1543,8590,311,8,25.0,0.07,02/08/2024 - 01/08/2026,Bundesliga / Championship / LaLiga / LaLiga 2 / Ligue 1 / Ligue 2 / MLS / Premier League
smt_tirs_ext,ext,Strasbourg,1.0083,1.0479,6.1543,8590,311,8,25.0,0.07,02/08/2024 - 01/08/2026,Bundesliga / Championship / LaLiga / LaLiga 2 / Ligue 1 / Ligue 2 / MLS / Premier League
smt_tirs_ext,ext,E. Francfort,1.0425,1.0251,6.1543,8590,311,8,25.0,0.07,02/08/2024 - 01/08/2026,Bundesliga / Championship / LaLiga / LaLiga 2 / Ligue 1 / Ligue 2 / MLS / Premier League
smt_tirs_ext,ext,Nice,0.8992,1.1161,6.1543,8590,311,8,25.0,0.07,02/08/2024 - 01/08/2026,Bundesliga / Championship / LaLiga / LaLiga 2 / Ligue 1 / Ligue 2 / MLS / Premier League
smt_tirs_ext,ext,Tenerife,1.001,1.0301,6.1543,8590,311,8,25.0,0.07,02/08/2024 - 01/08/2026,Bundesliga / Championship / LaLiga / LaLiga 2 / Ligue 1 / Ligue 2 / MLS / Premier League
smt_tirs_ext,ext,Derby County,0.9081,0.9698,6.1543,8590,311,8,25.0,0.07,02/08/2024 - 01/08/2026,Bundesliga / Championship / LaLiga / LaLiga 2 / Ligue 1 / Ligue 2 / MLS / Premier League
smt_tirs_ext,ext,Brescia,1.0784,1.0615,6.1543,8590,311,8,25.0,0.07,02/08/2024 - 01/08/2026,Bundesliga / Championship / LaLiga / LaLiga 2 / Ligue 1 / Ligue 2 / MLS / Premier League
smt_tirs_ext,ext,Cosenza,1.0483,0.9397,6.1543,8590,311,8,25.0,0.07,02/08/2024 - 01/08/2026,Bundesliga / Championship / LaLiga / LaLiga 2 / Ligue 1 / Ligue 2 / MLS / Premier League
smt_tirs_ext,ext,Étienne - RC Lens,0.9069,1.0,6.1543,8590,311,8,25.0,0.07,02/08/2024 - 01/08/2026,Bundesliga / Championship / LaLiga / LaLiga 2 / Ligue 1 / Ligue 2 / MLS / Premier League
smt_tirs_ext,ext,Étienne - Strasbourg,0.9611,1.0,6.1543,8590,311,8,25.0,0.07,02/08/2024 - 01/08/2026,Bundesliga / Championship / LaLiga / LaLiga 2 / Ligue 1 / Ligue 2 / MLS / Premier League
smt_tirs_ext,ext,San Diego,1.0145,0.986,6.1543,8590,311,8,25.0,0.07,02/08/2024 - 01/08/2026,Bundesliga / Championship / LaLiga / LaLiga 2 / Ligue 1 / Ligue 2 / MLS / Premier League
smt_tirs_ext,ext,Leonesa,0.9841,1.0154,6.1543,8590,311,8,25.0,0.07,02/08/2024 - 01/08/2026,Bundesliga / Championship / LaLiga / LaLiga 2 / Ligue 1 / Ligue 2 / MLS / Premier League
smt_tirs_ext,ext,DC United,1.0412,1.1432,6.1543,8590,311,8,25.0,0.07,02/08/2024 - 01/08/2026,Bundesliga / Championship / LaLiga / LaLiga 2 / Ligue 1 / Ligue 2 / MLS / Premier League
smt_tirs_ext,ext,Ulm,1.0098,1.0323,6.1543,8590,311,8,25.0,0.07,02/08/2024 - 01/08/2026,Bundesliga / Championship / LaLiga / LaLiga 2 / Ligue 1 / Ligue 2 / MLS / Premier League
smt_tirs_ext,ext,Lecce,0.8476,0.9916,6.1543,8590,311,8,25.0,0.07,02/08/2024 - 01/08/2026,Bundesliga / Championship / LaLiga / LaLiga 2 / Ligue 1 / Ligue 2 / MLS / Premier League
smt_tirs_ext,ext,Malaga,1.0645,1.0979,6.1543,8590,311,8,25.0,0.07,02/08/2024 - 01/08/2026,Bundesliga / Championship / LaLiga / LaLiga 2 / Ligue 1 / Ligue 2 / MLS / Premier League
smt_tirs_ext,ext,Majorque,0.8477,1.16,6.1543,8590,311,8,25.0,0.07,02/08/2024 - 01/08/2026,Bundesliga / Championship / LaLiga / LaLiga 2 / Ligue 1 / Ligue 2 / MLS / Premier League
smt_tirs_ext,ext,Le Mans,0.9033,0.9752,6.1543,8590,311,8,25.0,0.07,02/08/2024 - 01/08/2026,Bundesliga / Championship / LaLiga / LaLiga 2 / Ligue 1 / Ligue 2 / MLS / Premier League
smt_tirs_ext,ext,Venise,1.0284,0.9089,6.1543,8590,311,8,25.0,0.07,02/08/2024 - 01/08/2026,Bundesliga / Championship / LaLiga / LaLiga 2 / Ligue 1 / Ligue 2 / MLS / Premier League
smt_tirs_ext,ext,Man City,1.2409,0.9185,6.1543,8590,311,8,25.0,0.07,02/08/2024 - 01/08/2026,Bundesliga / Championship / LaLiga / LaLiga 2 / Ligue 1 / Ligue 2 / MLS / Premier League
smt_tirs_ext,ext,P. Ferreira,0.9775,1.1019,6.1543,8590,311,8,25.0,0.07,02/08/2024 - 01/08/2026,Bundesliga / Championship / LaLiga / LaLiga 2 / Ligue 1 / Ligue 2 / MLS / Premier League
smt_tirs_ext,ext,Norwich City,0.9676,0.9265,6.1543,8590,311,8,25.0,0.07,02/08/2024 - 01/08/2026,Bundesliga / Championship / LaLiga / LaLiga 2 / Ligue 1 / Ligue 2 / MLS / Premier League
smt_cadres_dom,dom,Orlando City,1.0979,1.3354,2.5373,8590,311,8,25.0,0.07,02/08/2024 - 01/08/2026,Bundesliga / Championship / LaLiga / LaLiga 2 / Ligue 1 / Ligue 2 / MLS / Premier League
smt_cadres_dom,dom,Crystal Palace,0.9866,0.9307,2.5373,8590,311,8,25.0,0.07,02/08/2024 - 01/08/2026,Bundesliga / Championship / LaLiga / LaLiga 2 / Ligue 1 / Ligue 2 / MLS / Premier League
smt_cadres_dom,dom,Sporting,1.2669,0.7948,2.5373,8590,311,8,25.0,0.07,02/08/2024 - 01/08/2026,Bundesliga / Championship / LaLiga / LaLiga 2 / Ligue 1 / Ligue 2 / MLS / Premier League
smt_cadres_dom,dom,Minnesota Utd,1.0392,1.0988,2.5373,8590,311,8,25.0,0.07,02/08/2024 - 01/08/2026,Bundesliga / Championship / LaLiga / LaLiga 2 / Ligue 1 / Ligue 2 / MLS / Premier League
smt_cadres_dom,dom,Leipzig,1.2065,0.9546,2.5373,8590,311,8,25.0,0.07,02/08/2024 - 01/08/2026,Bundesliga / Championship / LaLiga / LaLiga 2 / Ligue 1 / Ligue 2 / MLS / Premier League
smt_cadres_dom,dom,Man United,1.2965,0.9014,2.5373,8590,311,8,25.0,0.07,02/08/2024 - 01/08/2026,Bundesliga / Championship / LaLiga / LaLiga 2 / Ligue 1 / Ligue 2 / MLS / Premier League
smt_cadres_dom,dom,Lazio,1.0729,0.9545,2.5373,8590,311,8,25.0,0.07,02/08/2024 - 01/08/2026,Bundesliga / Championship / LaLiga / LaLiga 2 / Ligue 1 / Ligue 2 / MLS / Premier League
smt_cadres_dom,dom,Modène,0.9955,0.8743,2.5373,8590,311,8,25.0,0.07,02/08/2024 - 01/08/2026,Bundesliga / Championship / LaLiga / LaLiga 2 / Ligue 1 / Ligue 2 / MLS / Premier League
smt_cadres_dom,dom,Nancy,0.7911,0.993,2.5373,8590,311,8,25.0,0.07,02/08/2024 - 01/08/2026,Bundesliga / Championship / LaLiga / LaLiga 2 / Ligue 1 / Ligue 2 / MLS / Premier League
smt_cadres_dom,dom,S. Wednesday,0.831,0.9776,2.5373,8590,311,8,25.0,0.07,02/08/2024 - 01/08/2026,Bundesliga / Championship / LaLiga / LaLiga 2 / Ligue 1 / Ligue 2 / MLS / Premier League
smt_cadres_dom,dom,Torino,0.951,0.9776,2.5373,8590,311,8,25.0,0.07,02/08/2024 - 01/08/2026,Bundesliga / Championship / LaLiga / LaLiga 2 / Ligue 1 / Ligue 2 / MLS / Premier League
smt_cadres_dom,dom,Porto II,0.9261,0.8087,2.5373,8590,311,8,25.0,0.07,02/08/2024 - 01/08/2026,Bundesliga / Championship / LaLiga / LaLiga 2 / Ligue 1 / Ligue 2 / MLS / Premier League
smt_cadres_dom,dom,Arsenal,1.1045,0.8934,2.5373,8590,311,8,25.0,0.07,02/08/2024 - 01/08/2026,Bundesliga / Championship / LaLiga / LaLiga 2 / Ligue 1 / Ligue 2 / MLS / Premier League
smt_cadres_dom,dom,Étienne - Reims,1.0,1.1151,2.5373,8590,311,8,25.0,0.07,02/08/2024 - 01/08/2026,Bundesliga / Championship / LaLiga / LaLiga 2 / Ligue 1 / Ligue 2 / MLS / Premier League
smt_cadres_dom,dom,Fiorentina,1.0072,1.1298,2.5373,8590,311,8,25.0,0.07,02/08/2024 - 01/08/2026,Bundesliga / Championship / LaLiga / LaLiga 2 / Ligue 1 / Ligue 2 / MLS / Premier League
smt_cadres_dom,dom,Sassuolo,0.9026,1.0649,2.5373,8590,311,8,25.0,0.07,02/08/2024 - 01/08/2026,Bundesliga / Championship / LaLiga / LaLiga 2 / Ligue 1 / Ligue 2 / MLS / Premier League
smt_cadres_dom,dom,Estoril,0.9588,0.9111,2.5373,8590,311,8,25.0,0.07,02/08/2024 - 01/08/2026,Bundesliga / Championship / LaLiga / LaLiga 2 / Ligue 1 / Ligue 2 / MLS / Premier League
smt_cadres_dom,dom,RC Lens,1.1155,0.9986,2.5373,8590,311,8,25.0,0.07,02/08/2024 - 01/08/2026,Bundesliga / Championship / LaLiga / LaLiga 2 / Ligue 1 / Ligue 2 / MLS / Premier League
smt_cadres_dom,dom,Aston Villa,1.0834,0.9223,2.5373,8590,311,8,25.0,0.07,02/08/2024 - 01/08/2026,Bundesliga / Championship / LaLiga / LaLiga 2 / Ligue 1 / Ligue 2 / MLS / Premier League
smt_cadres_dom,dom,Cadix,0.7379,1.0787,2.5373,8590,311,8,25.0,0.07,02/08/2024 - 01/08/2026,Bundesliga / Championship / LaLiga / LaLiga 2 / Ligue 1 / Ligue 2 / MLS / Premier League
smt_cadres_dom,dom,Genoa,0.9931,1.0046,2.5373,8590,311,8,25.0,0.07,02/08/2024 - 01/08/2026,Bundesliga / Championship / LaLiga / LaLiga 2 / Ligue 1 / Ligue 2 / MLS / Premier League
smt_cadres_dom,dom,Ceuta,0.8897,1.1125,2.5373,8590,311,8,25.0,0.07,02/08/2024 - 01/08/2026,Bundesliga / Championship / LaLiga / LaLiga 2 / Ligue 1 / Ligue 2 / MLS / Premier League
smt_cadres_dom,dom,Werder Brême,1.0744,1.1422,2.5373,8590,311,8,25.0,0.07,02/08/2024 - 01/08/2026,Bundesliga / Championship / LaLiga / LaLiga 2 / Ligue 1 / Ligue 2 / MLS / Premier League
smt_cadres_dom,dom,Portland,1.2773,1.1958,2.5373,8590,311,8,25.0,0.07,02/08/2024 - 01/08/2026,Bundesliga / Championship / LaLiga / LaLiga 2 / Ligue 1 / Ligue 2 / MLS / Premier League
smt_cadres_dom,dom,Darmstadt,1.203,1.2731,2.5373,8590,311,8,25.0,0.07,02/08/2024 - 01/08/2026,Bundesliga / Championship / LaLiga / LaLiga 2 / Ligue 1 / Ligue 2 / MLS / Premier League
smt_cadres_dom,dom,Luton,0.7789,1.0605,2.5373,8590,311,8,25.0,0.07,02/08/2024 - 01/08/2026,Bundesliga / Championship / LaLiga / LaLiga 2 / Ligue 1 / Ligue 2 / MLS / Premier League
smt_cadres_dom,dom,Vizela,1.0297,0.8049,2.5373,8590,311,8,25.0,0.07,02/08/2024 - 01/08/2026,Bundesliga / Championship / LaLiga / LaLiga 2 / Ligue 1 / Ligue 2 / MLS / Premier League
smt_cadres_dom,dom,Sankt Pauli,0.945,1.0967,2.5373,8590,311,8,25.0,0.07,02/08/2024 - 01/08/2026,Bundesliga / Championship / LaLiga / LaLiga 2 / Ligue 1 / Ligue 2 / MLS / Premier League
smt_cadres_dom,dom,Grenade,0.8911,0.8964,2.5373,8590,311,8,25.0,0.07,02/08/2024 - 01/08/2026,Bundesliga / Championship / LaLiga / LaLiga 2 / Ligue 1 / Ligue 2 / MLS / Premier League
smt_cadres_dom,dom,Bochum,1.1085,1.1876,2.5373,8590,311,8,25.0,0.07,02/08/2024 - 01/08/2026,Bundesliga / Championship / LaLiga / LaLiga 2 / Ligue 1 / Ligue 2 / MLS / Premier League
smt_cadres_dom,dom,Chaves,0.9409,0.766,2.5373,8590,311,8,25.0,0.07,02/08/2024 - 01/08/2026,Bundesliga / Championship / LaLiga / LaLiga 2 / Ligue 1 / Ligue 2 / MLS / Premier League
smt_cadres_dom,dom,Leganes,0.9413,1.0531,2.5373,8590,311,8,25.0,0.07,02/08/2024 - 01/08/2026,Bundesliga / Championship / LaLiga / LaLiga 2 / Ligue 1 / Ligue 2 / MLS / Premier League
smt_cadres_dom,dom,Chicago Fire,1.1797,0.9865,2.5373,8590,311,8,25.0,0.07,02/08/2024 - 01/08/2026,Bundesliga / Championship / LaLiga / LaLiga 2 / Ligue 1 / Ligue 2 / MLS / Premier League
smt_cadres_dom,dom,Palerme,1.0167,0.9555,2.5373,8590,311,8,25.0,0.07,02/08/2024 - 01/08/2026,Bundesliga / Championship / LaLiga / LaLiga 2 / Ligue 1 / Ligue 2 / MLS / Premier League
smt_cadres_dom,dom,Famalicão,1.0066,0.9273,2.5373,8590,311,8,25.0,0.07,02/08/2024 - 01/08/2026,Bundesliga / Championship / LaLiga / LaLiga 2 / Ligue 1 / Ligue 2 / MLS / Premier League
smt_cadres_dom,dom,Mafra,0.7858,0.9552,2.5373,8590,311,8,25.0,0.07,02/08/2024 - 01/08/2026,Bundesliga / Championship / LaLiga / LaLiga 2 / Ligue 1 / Ligue 2 / MLS / Premier League
smt_cadres_dom,dom,Birmingham,1.0242,0.8273,2.5373,8590,311,8,25.0,0.07,02/08/2024 - 01/08/2026,Bundesliga / Championship / LaLiga / LaLiga 2 / Ligue 1 / Ligue 2 / MLS / Premier League
smt_cadres_dom,dom,Levante,1.0536,1.1978,2.5373,8590,311,8,25.0,0.07,02/08/2024 - 01/08/2026,Bundesliga / Championship / LaLiga / LaLiga 2 / Ligue 1 / Ligue 2 / MLS / Premier League
smt_cadres_dom,dom,Rennes,1.093,1.1624,2.5373,8590,311,8,25.0,0.07,02/08/2024 - 01/08/2026,Bundesliga / Championship / LaLiga / LaLiga 2 / Ligue 1 / Ligue 2 / MLS / Premier League
smt_cadres_dom,dom,Real Salt Lake,1.0053,1.0716,2.5373,8590,311,8,25.0,0.07,02/08/2024 - 01/08/2026,Bundesliga / Championship / LaLiga / LaLiga 2 / Ligue 1 / Ligue 2 / MLS / Premier League
smt_cadres_dom,dom,Mirandés,1.1702,0.9882,2.5373,8590,311,8,25.0,0.07,02/08/2024 - 01/08/2026,Bundesliga / Championship / LaLiga / LaLiga 2 / Ligue 1 / Ligue 2 / MLS / Premier League
smt_cadres_dom,dom,Salernitana,1.094,0.8944,2.5373,8590,311,8,25.0,0.07,02/08/2024 - 01/08/2026,Bundesliga / Championship / LaLiga / LaLiga 2 / Ligue 1 / Ligue 2 / MLS / Premier League
smt_cadres_dom,dom,Villarreal,1.0259,0.991,2.5373,8590,311,8,25.0,0.07,02/08/2024 - 01/08/2026,Bundesliga / Championship / LaLiga / LaLiga 2 / Ligue 1 / Ligue 2 / MLS / Premier League
smt_cadres_dom,dom,Inter,1.3341,0.813,2.5373,8590,311,8,25.0,0.07,02/08/2024 - 01/08/2026,Bundesliga / Championship / LaLiga / LaLiga 2 / Ligue 1 / Ligue 2 / MLS / Premier League
smt_cadres_dom,dom,Südtirol,0.7545,0.9189,2.5373,8590,311,8,25.0,0.07,02/08/2024 - 01/08/2026,Bundesliga / Championship / LaLiga / LaLiga 2 / Ligue 1 / Ligue 2 / MLS / Premier League
smt_cadres_dom,dom,Étienne - EA Guingamp,1.0,0.9765,2.5373,8590,311,8,25.0,0.07,02/08/2024 - 01/08/2026,Bundesliga / Championship / LaLiga / LaLiga 2 / Ligue 1 / Ligue 2 / MLS / Premier League
smt_cadres_dom,dom,Calcio Padova,0.8934,1.077,2.5373,8590,311,8,25.0,0.07,02/08/2024 - 01/08/2026,Bundesliga / Championship / LaLiga / LaLiga 2 / Ligue 1 / Ligue 2 / MLS / Premier League
smt_cadres_dom,dom,Brentford,0.9713,1.0667,2.5373,8590,311,8,25.0,0.07,02/08/2024 - 01/08/2026,Bundesliga / Championship / LaLiga / LaLiga 2 / Ligue 1 / Ligue 2 / MLS / Premier League
smt_cadres_dom,dom,Chelsea,0.9669,0.9788,2.5373,8590,311,8,25.0,0.07,02/08/2024 - 01/08/2026,Bundesliga / Championship / LaLiga / LaLiga 2 / Ligue 1 / Ligue 2 / MLS / Premier League
smt_cadres_dom,dom,FC Andorra,1.0447,1.2005,2.5373,8590,311,8,25.0,0.07,02/08/2024 - 01/08/2026,Bundesliga / Championship / LaLiga / LaLiga 2 / Ligue 1 / Ligue 2 / MLS / Premier League
smt_cadres_dom,dom,Everton,0.9846,0.9314,2.5373,8590,311,8,25.0,0.07,02/08/2024 - 01/08/2026,Bundesliga / Championship / LaLiga / LaLiga 2 / Ligue 1 / Ligue 2 / MLS / Premier League
smt_cadres_dom,dom,Houston,1.0305,1.0379,2.5373,8590,311,8,25.0,0.07,02/08/2024 - 01/08/2026,Bundesliga / Championship / LaLiga / LaLiga 2 / Ligue 1 / Ligue 2 / MLS / Premier League
smt_cadres_dom,dom,Maritimo,0.8499,0.7309,2.5373,8590,311,8,25.0,0.07,02/08/2024 - 01/08/2026,Bundesliga / Championship / LaLiga / LaLiga 2 / Ligue 1 / Ligue 2 / MLS / Premier League
smt_cadres_dom,dom,R. Sociedad II,0.9667,1.0181,2.5373,8590,311,8,25.0,0.07,02/08/2024 - 01/08/2026,Bundesliga / Championship / LaLiga / LaLiga 2 / Ligue 1 / Ligue 2 / MLS / Premier League
smt_cadres_dom,dom,Real Valladolid,0.8469,1.1913,2.5373,8590,311,8,25.0,0.07,02/08/2024 - 01/08/2026,Bundesliga / Championship / LaLiga / LaLiga 2 / Ligue 1 / Ligue 2 / MLS / Premier League
smt_cadres_dom,dom,FC Porto,1.1812,0.6656,2.5373,8590,311,8,25.0,0.07,02/08/2024 - 01/08/2026,Bundesliga / Championship / LaLiga / LaLiga 2 / Ligue 1 / Ligue 2 / MLS / Premier League
smt_cadres_dom,dom,Not. Forest,0.9329,0.9647,2.5373,8590,311,8,25.0,0.07,02/08/2024 - 01/08/2026,Bundesliga / Championship / LaLiga / LaLiga 2 / Ligue 1 / Ligue 2 / MLS / Premier League
smt_cadres_dom,dom,Getafe,0.7317,1.0166,2.5373,8590,311,8,25.0,0.07,02/08/2024 - 01/08/2026,Bundesliga / Championship / LaLiga / LaLiga 2 / Ligue 1 / Ligue 2 / MLS / Premier League
smt_cadres_dom,dom,Juve Stabia,0.8323,0.9868,2.5373,8590,311,8,25.0,0.07,02/08/2024 - 01/08/2026,Bundesliga / Championship / LaLiga / LaLiga 2 / Ligue 1 / Ligue 2 / MLS / Premier League
smt_cadres_dom,dom,Almería,1.2301,1.0182,2.5373,8590,311,8,25.0,0.07,02/08/2024 - 01/08/2026,Bundesliga / Championship / LaLiga / LaLiga 2 / Ligue 1 / Ligue 2 / MLS / Premier League
smt_cadres_dom,dom,Bristol City,0.9834,0.9451,2.5373,8590,311,8,25.0,0.07,02/08/2024 - 01/08/2026,Bundesliga / Championship / LaLiga / LaLiga 2 / Ligue 1 / Ligue 2 / MLS / Premier League
smt_cadres_dom,dom,Celta Vigo,1.0372,0.9646,2.5373,8590,311,8,25.0,0.07,02/08/2024 - 01/08/2026,Bundesliga / Championship / LaLiga / LaLiga 2 / Ligue 1 / Ligue 2 / MLS / Premier League
smt_cadres_dom,dom,Clermont,0.8296,0.9504,2.5373,8590,311,8,25.0,0.07,02/08/2024 - 01/08/2026,Bundesliga / Championship / LaLiga / LaLiga 2 / Ligue 1 / Ligue 2 / MLS / Premier League
smt_cadres_dom,dom,USL Dunkerque,0.955,0.8546,2.5373,8590,311,8,25.0,0.07,02/08/2024 - 01/08/2026,Bundesliga / Championship / LaLiga / LaLiga 2 / Ligue 1 / Ligue 2 / MLS / Premier League
smt_cadres_dom,dom,N. Madeira,0.9304,1.0705,2.5373,8590,311,8,25.0,0.07,02/08/2024 - 01/08/2026,Bundesliga / Championship / LaLiga / LaLiga 2 / Ligue 1 / Ligue 2 / MLS / Premier League
smt_cadres_dom,dom,Uniao de Leiria,0.9672,0.8948,2.5373,8590,311,8,25.0,0.07,02/08/2024 - 01/08/2026,Bundesliga / Championship / LaLiga / LaLiga 2 / Ligue 1 / Ligue 2 / MLS / Premier League
smt_cadres_dom,dom,Lille,0.9774,0.9053,2.5373,8590,311,8,25.0,0.07,02/08/2024 - 01/08/2026,Bundesliga / Championship / LaLiga / LaLiga 2 / Ligue 1 / Ligue 2 / MLS / Premier League
smt_cadres_dom,dom,Braga,0.957,0.8886,2.5373,8590,311,8,25.0,0.07,02/08/2024 - 01/08/2026,Bundesliga / Championship / LaLiga / LaLiga 2 / Ligue 1 / Ligue 2 / MLS / Premier League
smt_cadres_dom,dom,S. Sounders,1.1723,1.0793,2.5373,8590,311,8,25.0,0.07,02/08/2024 - 01/08/2026,Bundesliga / Championship / LaLiga / LaLiga 2 / Ligue 1 / Ligue 2 / MLS / Premier League
smt_cadres_dom,dom,Lourosa,0.7448,1.1898,2.5373,8590,311,8,25.0,0.07,02/08/2024 - 01/08/2026,Bundesliga / Championship / LaLiga / LaLiga 2 / Ligue 1 / Ligue 2 / MLS / Premier League
smt_cadres_dom,dom,Colorado,1.1054,1.1543,2.5373,8590,311,8,25.0,0.07,02/08/2024 - 01/08/2026,Bundesliga / Championship / LaLiga / LaLiga 2 / Ligue 1 / Ligue 2 / MLS / Premier League
smt_cadres_dom,dom,Albacete,0.9411,0.9672,2.5373,8590,311,8,25.0,0.07,02/08/2024 - 01/08/2026,Bundesliga / Championship / LaLiga / LaLiga 2 / Ligue 1 / Ligue 2 / MLS / Premier League
smt_cadres_dom,dom,Blackburn,0.84,0.8797,2.5373,8590,311,8,25.0,0.07,02/08/2024 - 01/08/2026,Bundesliga / Championship / LaLiga / LaLiga 2 / Ligue 1 / Ligue 2 / MLS / Premier League
smt_cadres_dom,dom,Troyes,1.2472,0.8354,2.5373,8590,311,8,25.0,0.07,02/08/2024 - 01/08/2026,Bundesliga / Championship / LaLiga / LaLiga 2 / Ligue 1 / Ligue 2 / MLS / Premier League
smt_cadres_dom,dom,Étienne - Montpellier,1.0,0.9581,2.5373,8590,311,8,25.0,0.07,02/08/2024 - 01/08/2026,Bundesliga / Championship / LaLiga / LaLiga 2 / Ligue 1 / Ligue 2 / MLS / Premier League
smt_cadres_dom,dom,Saint,0.8686,1.0,2.5373,8590,311,8,25.0,0.07,02/08/2024 - 01/08/2026,Bundesliga / Championship / LaLiga / LaLiga 2 / Ligue 1 / Ligue 2 / MLS / Premier League
smt_cadres_dom,dom,P. Münster,0.8391,0.9792,2.5373,8590,311,8,25.0,0.07,02/08/2024 - 01/08/2026,Bundesliga / Championship / LaLiga / LaLiga 2 / Ligue 1 / Ligue 2 / MLS / Premier League
smt_cadres_dom,dom,Rodez,0.9431,1.0999,2.5373,8590,311,8,25.0,0.07,02/08/2024 - 01/08/2026,Bundesliga / Championship / LaLiga / LaLiga 2 / Ligue 1 / Ligue 2 / MLS / Premier League
smt_cadres_dom,dom,SM Caen,0.8342,1.033,2.5373,8590,311,8,25.0,0.07,02/08/2024 - 01/08/2026,Bundesliga / Championship / LaLiga / LaLiga 2 / Ligue 1 / Ligue 2 / MLS / Premier League
smt_cadres_dom,dom,Naples,1.1238,0.7248,2.5373,8590,311,8,25.0,0.07,02/08/2024 - 01/08/2026,Bundesliga / Championship / LaLiga / LaLiga 2 / Ligue 1 / Ligue 2 / MLS / Premier League
smt_cadres_dom,dom,Bournemouth,1.0037,1.0513,2.5373,8590,311,8,25.0,0.07,02/08/2024 - 01/08/2026,Bundesliga / Championship / LaLiga / LaLiga 2 / Ligue 1 / Ligue 2 / MLS / Premier League
smt_cadres_dom,dom,Newcastle,1.0087,0.9038,2.5373,8590,311,8,25.0,0.07,02/08/2024 - 01/08/2026,Bundesliga / Championship / LaLiga / LaLiga 2 / Ligue 1 / Ligue 2 / MLS / Premier League
smt_cadres_dom,dom,Étienne - Angers,1.0,1.0203,2.5373,8590,311,8,25.0,0.07,02/08/2024 - 01/08/2026,Bundesliga / Championship / LaLiga / LaLiga 2 / Ligue 1 / Ligue 2 / MLS / Premier League
smt_cadres_dom,dom,West Ham,0.8346,1.0696,2.5373,8590,311,8,25.0,0.07,02/08/2024 - 01/08/2026,Bundesliga / Championship / LaLiga / LaLiga 2 / Ligue 1 / Ligue 2 / MLS / Premier League
smt_cadres_dom,dom,Milan,1.065,0.8028,2.5373,8590,311,8,25.0,0.07,02/08/2024 - 01/08/2026,Bundesliga / Championship / LaLiga / LaLiga 2 / Ligue 1 / Ligue 2 / MLS / Premier League
smt_cadres_dom,dom,SC Bastia,0.8698,0.6254,2.5373,8590,311,8,25.0,0.07,02/08/2024 - 01/08/2026,Bundesliga / Championship / LaLiga / LaLiga 2 / Ligue 1 / Ligue 2 / MLS / Premier League
smt_cadres_dom,dom,Karlsruher,1.1062,1.1591,2.5373,8590,311,8,25.0,0.07,02/08/2024 - 01/08/2026,Bundesliga / Championship / LaLiga / LaLiga 2 / Ligue 1 / Ligue 2 / MLS / Premier League
smt_cadres_dom,dom,Angers,0.8822,1.0784,2.5373,8590,311,8,25.0,0.07,02/08/2024 - 01/08/2026,Bundesliga / Championship / LaLiga / LaLiga 2 / Ligue 1 / Ligue 2 / MLS / Premier League
smt_cadres_dom,dom,Spezia,1.0529,1.0252,2.5373,8590,311,8,25.0,0.07,02/08/2024 - 01/08/2026,Bundesliga / Championship / LaLiga / LaLiga 2 / Ligue 1 / Ligue 2 / MLS / Premier League
smt_cadres_dom,dom,D. Dresde,0.9828,0.9683,2.5373,8590,311,8,25.0,0.07,02/08/2024 - 01/08/2026,Bundesliga / Championship / LaLiga / LaLiga 2 / Ligue 1 / Ligue 2 / MLS / Premier League
smt_cadres_dom,dom,Monza,0.9277,0.8854,2.5373,8590,311,8,25.0,0.07,02/08/2024 - 01/08/2026,Bundesliga / Championship / LaLiga / LaLiga 2 / Ligue 1 / Ligue 2 / MLS / Premier League
smt_cadres_dom,dom,Fulham,0.8856,0.8771,2.5373,8590,311,8,25.0,0.07,02/08/2024 - 01/08/2026,Bundesliga / Championship / LaLiga / LaLiga 2 / Ligue 1 / Ligue 2 / MLS / Premier League
smt_cadres_dom,dom,Los Angeles,1.1317,0.8985,2.5373,8590,311,8,25.0,0.07,02/08/2024 - 01/08/2026,Bundesliga / Championship / LaLiga / LaLiga 2 / Ligue 1 / Ligue 2 / MLS / Premier League
smt_cadres_dom,dom,Santa Clara,0.8297,0.8436,2.5373,8590,311,8,25.0,0.07,02/08/2024 - 01/08/2026,Bundesliga / Championship / LaLiga / LaLiga 2 / Ligue 1 / Ligue 2 / MLS / Premier League
smt_cadres_dom,dom,Valence,0.9132,0.9117,2.5373,8590,311,8,25.0,0.07,02/08/2024 - 01/08/2026,Bundesliga / Championship / LaLiga / LaLiga 2 / Ligue 1 / Ligue 2 / MLS / Premier League
smt_cadres_dom,dom,Hambourg,0.9705,1.2192,2.5373,8590,311,8,25.0,0.07,02/08/2024 - 01/08/2026,Bundesliga / Championship / LaLiga / LaLiga 2 / Ligue 1 / Ligue 2 / MLS / Premier League
smt_cadres_dom,dom,Hellas Verone,0.7523,1.0477,2.5373,8590,311,8,25.0,0.07,02/08/2024 - 01/08/2026,Bundesliga / Championship / LaLiga / LaLiga 2 / Ligue 1 / Ligue 2 / MLS / Premier League
smt_cadres_dom,dom,Toronto,0.9709,0.904,2.5373,8590,311,8,25.0,0.07,02/08/2024 - 01/08/2026,Bundesliga / Championship / LaLiga / LaLiga 2 / Ligue 1 / Ligue 2 / MLS / Premier League
smt_cadres_dom,dom,Catanzaro,1.085,0.9855,2.5373,8590,311,8,25.0,0.07,02/08/2024 - 01/08/2026,Bundesliga / Championship / LaLiga / LaLiga 2 / Ligue 1 / Ligue 2 / MLS / Premier League
smt_cadres_dom,dom,Moreirense,0.7539,1.059,2.5373,8590,311,8,25.0,0.07,02/08/2024 - 01/08/2026,Bundesliga / Championship / LaLiga / LaLiga 2 / Ligue 1 / Ligue 2 / MLS / Premier League
smt_cadres_dom,dom,Lorient,1.1369,0.8367,2.5373,8590,311,8,25.0,0.07,02/08/2024 - 01/08/2026,Bundesliga / Championship / LaLiga / LaLiga 2 / Ligue 1 / Ligue 2 / MLS / Premier League
smt_cadres_dom,dom,Étienne - Nancy,1.0,0.9327,2.5373,8590,311,8,25.0,0.07,02/08/2024 - 01/08/2026,Bundesliga / Championship / LaLiga / LaLiga 2 / Ligue 1 / Ligue 2 / MLS / Premier League
smt_cadres_dom,dom,Greuther Fürth,0.843,1.1842,2.5373,8590,311,8,25.0,0.07,02/08/2024 - 01/08/2026,Bundesliga / Championship / LaLiga / LaLiga 2 / Ligue 1 / Ligue 2 / MLS / Premier League
smt_cadres_dom,dom,Frosinone,1.1813,1.0149,2.5373,8590,311,8,25.0,0.07,02/08/2024 - 01/08/2026,Bundesliga / Championship / LaLiga / LaLiga 2 / Ligue 1 / Ligue 2 / MLS / Premier League
smt_cadres_dom,dom,Rome,1.1065,0.9942,2.5373,8590,311,8,25.0,0.07,02/08/2024 - 01/08/2026,Bundesliga / Championship / LaLiga / LaLiga 2 / Ligue 1 / Ligue 2 / MLS / Premier League
smt_cadres_dom,dom,Carthagène,0.701,1.2781,2.5373,8590,311,8,25.0,0.07,02/08/2024 - 01/08/2026,Bundesliga / Championship / LaLiga / LaLiga 2 / Ligue 1 / Ligue 2 / MLS / Premier League
smt_cadres_dom,dom,M'gladbach,0.9158,1.193,2.5373,8590,311,8,25.0,0.07,02/08/2024 - 01/08/2026,Bundesliga / Championship / LaLiga / LaLiga 2 / Ligue 1 / Ligue 2 / MLS / Premier League
smt_cadres_dom,dom,Ath. Bilbao,1.0352,0.9843,2.5373,8590,311,8,25.0,0.07,02/08/2024 - 01/08/2026,Bundesliga / Championship / LaLiga / LaLiga 2 / Ligue 1 / Ligue 2 / MLS / Premier League
smt_cadres_dom,dom,Estrela,0.889,0.9815,2.5373,8590,311,8,25.0,0.07,02/08/2024 - 01/08/2026,Bundesliga / Championship / LaLiga / LaLiga 2 / Ligue 1 / Ligue 2 / MLS / Premier League
smt_cadres_dom,dom,Hull City,0.8116,0.9873,2.5373,8590,311,8,25.0,0.07,02/08/2024 - 01/08/2026,Bundesliga / Championship / LaLiga / LaLiga 2 / Ligue 1 / Ligue 2 / MLS / Premier League
smt_cadres_dom,dom,Nuremberg,1.1122,1.0267,2.5373,8590,311,8,25.0,0.07,02/08/2024 - 01/08/2026,Bundesliga / Championship / LaLiga / LaLiga 2 / Ligue 1 / Ligue 2 / MLS / Premier League
smt_cadres_dom,dom,Hanovre,1.0526,0.9771,2.5373,8590,311,8,25.0,0.07,02/08/2024 - 01/08/2026,Bundesliga / Championship / LaLiga / LaLiga 2 / Ligue 1 / Ligue 2 / MLS / Premier League
smt_cadres_dom,dom,Paderborn,1.2372,0.9483,2.5373,8590,311,8,25.0,0.07,02/08/2024 - 01/08/2026,Bundesliga / Championship / LaLiga / LaLiga 2 / Ligue 1 / Ligue 2 / MLS / Premier League
smt_cadres_dom,dom,AJ Auxerre,0.9956,1.1787,2.5373,8590,311,8,25.0,0.07,02/08/2024 - 01/08/2026,Bundesliga / Championship / LaLiga / LaLiga 2 / Ligue 1 / Ligue 2 / MLS / Premier League
smt_cadres_dom,dom,Étienne - Troyes,1.0,0.9765,2.5373,8590,311,8,25.0,0.07,02/08/2024 - 01/08/2026,Bundesliga / Championship / LaLiga / LaLiga 2 / Ligue 1 / Ligue 2 / MLS / Premier League
smt_cadres_dom,dom,Millwall,0.9184,0.7795,2.5373,8590,311,8,25.0,0.07,02/08/2024 - 01/08/2026,Bundesliga / Championship / LaLiga / LaLiga 2 / Ligue 1 / Ligue 2 / MLS / Premier League
smt_cadres_dom,dom,Gérone,1.0664,1.0671,2.5373,8590,311,8,25.0,0.07,02/08/2024 - 01/08/2026,Bundesliga / Championship / LaLiga / LaLiga 2 / Ligue 1 / Ligue 2 / MLS / Premier League
smt_cadres_dom,dom,Düsseldorf,1.0681,1.0586,2.5373,8590,311,8,25.0,0.07,02/08/2024 - 01/08/2026,Bundesliga / Championship / LaLiga / LaLiga 2 / Ligue 1 / Ligue 2 / MLS / Premier League
smt_cadres_dom,dom,Bayern Munich,1.6097,0.6897,2.5373,8590,311,8,25.0,0.07,02/08/2024 - 01/08/2026,Bundesliga / Championship / LaLiga / LaLiga 2 / Ligue 1 / Ligue 2 / MLS / Premier League
smt_cadres_dom,dom,Ipswich Town,1.004,0.8693,2.5373,8590,311,8,25.0,0.07,02/08/2024 - 01/08/2026,Bundesliga / Championship / LaLiga / LaLiga 2 / Ligue 1 / Ligue 2 / MLS / Premier League
smt_cadres_dom,dom,Real Madrid,1.4892,0.8234,2.5373,8590,311,8,25.0,0.07,02/08/2024 - 01/08/2026,Bundesliga / Championship / LaLiga / LaLiga 2 / Ligue 1 / Ligue 2 / MLS / Premier League
smt_cadres_dom,dom,Elversberg,1.0683,0.8391,2.5373,8590,311,8,25.0,0.07,02/08/2024 - 01/08/2026,Bundesliga / Championship / LaLiga / LaLiga 2 / Ligue 1 / Ligue 2 / MLS / Premier League
smt_cadres_dom,dom,Étienne - USL Dunkerque,1.0,0.9765,2.5373,8590,311,8,25.0,0.07,02/08/2024 - 01/08/2026,Bundesliga / Championship / LaLiga / LaLiga 2 / Ligue 1 / Ligue 2 / MLS / Premier League
smt_cadres_dom,dom,Mayence,0.918,1.1655,2.5373,8590,311,8,25.0,0.07,02/08/2024 - 01/08/2026,Bundesliga / Championship / LaLiga / LaLiga 2 / Ligue 1 / Ligue 2 / MLS / Premier League
smt_cadres_dom,dom,Magdebourg,1.1023,1.2009,2.5373,8590,311,8,25.0,0.07,02/08/2024 - 01/08/2026,Bundesliga / Championship / LaLiga / LaLiga 2 / Ligue 1 / Ligue 2 / MLS / Premier League
smt_cadres_dom,dom,Tottenham,1.0154,0.9393,2.5373,8590,311,8,25.0,0.07,02/08/2024 - 01/08/2026,Bundesliga / Championship / LaLiga / LaLiga 2 / Ligue 1 / Ligue 2 / MLS / Premier League
smt_cadres_dom,dom,Watford,1.1879,0.9892,2.5373,8590,311,8,25.0,0.07,02/08/2024 - 01/08/2026,Bundesliga / Championship / LaLiga / LaLiga 2 / Ligue 1 / Ligue 2 / MLS / Premier League
smt_cadres_dom,dom,Rio Ave,0.8857,1.0924,2.5373,8590,311,8,25.0,0.07,02/08/2024 - 01/08/2026,Bundesliga / Championship / LaLiga / LaLiga 2 / Ligue 1 / Ligue 2 / MLS / Premier League
smt_cadres_dom,dom,Sheffield Utd,0.9866,0.902,2.5373,8590,311,8,25.0,0.07,02/08/2024 - 01/08/2026,Bundesliga / Championship / LaLiga / LaLiga 2 / Ligue 1 / Ligue 2 / MLS / Premier League
smt_cadres_dom,dom,Nashville SC,1.0547,0.9376,2.5373,8590,311,8,25.0,0.07,02/08/2024 - 01/08/2026,Bundesliga / Championship / LaLiga / LaLiga 2 / Ligue 1 / Ligue 2 / MLS / Premier League
smt_cadres_dom,dom,Ratisbonne,0.7176,1.1254,2.5373,8590,311,8,25.0,0.07,02/08/2024 - 01/08/2026,Bundesliga / Championship / LaLiga / LaLiga 2 / Ligue 1 / Ligue 2 / MLS / Premier League
smt_cadres_dom,dom,St. Lavallois,0.8864,1.0587,2.5373,8590,311,8,25.0,0.07,02/08/2024 - 01/08/2026,Bundesliga / Championship / LaLiga / LaLiga 2 / Ligue 1 / Ligue 2 / MLS / Premier League
smt_cadres_dom,dom,Oxford Utd,0.8395,1.0917,2.5373,8590,311,8,25.0,0.07,02/08/2024 - 01/08/2026,Bundesliga / Championship / LaLiga / LaLiga 2 / Ligue 1 / Ligue 2 / MLS / Premier League
smt_cadres_dom,dom,Annecy,0.8506,0.8657,2.5373,8590,311,8,25.0,0.07,02/08/2024 - 01/08/2026,Bundesliga / Championship / LaLiga / LaLiga 2 / Ligue 1 / Ligue 2 / MLS / Premier League
smt_cadres_dom,dom,Elche,1.1071,1.0665,2.5373,8590,311,8,25.0,0.07,02/08/2024 - 01/08/2026,Bundesliga / Championship / LaLiga / LaLiga 2 / Ligue 1 / Ligue 2 / MLS / Premier League
smt_cadres_dom,dom,Cesena,1.0379,0.8207,2.5373,8590,311,8,25.0,0.07,02/08/2024 - 01/08/2026,Bundesliga / Championship / LaLiga / LaLiga 2 / Ligue 1 / Ligue 2 / MLS / Premier League
smt_cadres_dom,dom,Arouca,0.9462,1.0374,2.5373,8590,311,8,25.0,0.07,02/08/2024 - 01/08/2026,Bundesliga / Championship / LaLiga / LaLiga 2 / Ligue 1 / Ligue 2 / MLS / Premier League
smt_cadres_dom,dom,Havre AC,0.7893,1.0704,2.5373,8590,311,8,25.0,0.07,02/08/2024 - 01/08/2026,Bundesliga / Championship / LaLiga / LaLiga 2 / Ligue 1 / Ligue 2 / MLS / Premier League
smt_cadres_dom,dom,Bologne,1.018,0.8974,2.5373,8590,311,8,25.0,0.07,02/08/2024 - 01/08/2026,Bundesliga / Championship / LaLiga / LaLiga 2 / Ligue 1 / Ligue 2 / MLS / Premier League
smt_cadres_dom,dom,Mantoue,1.0137,1.0553,2.5373,8590,311,8,25.0,0.07,02/08/2024 - 01/08/2026,Bundesliga / Championship / LaLiga / LaLiga 2 / Ligue 1 / Ligue 2 / MLS / Premier League
smt_cadres_dom,dom,Red Star,0.8358,0.9685,2.5373,8590,311,8,25.0,0.07,02/08/2024 - 01/08/2026,Bundesliga / Championship / LaLiga / LaLiga 2 / Ligue 1 / Ligue 2 / MLS / Premier League
smt_cadres_dom,dom,Montpellier,1.0232,1.1062,2.5373,8590,311,8,25.0,0.07,02/08/2024 - 01/08/2026,Bundesliga / Championship / LaLiga / LaLiga 2 / Ligue 1 / Ligue 2 / MLS / Premier League
smt_cadres_dom,dom,Southampton,0.9047,1.0615,2.5373,8590,311,8,25.0,0.07,02/08/2024 - 01/08/2026,Bundesliga / Championship / LaLiga / LaLiga 2 / Ligue 1 / Ligue 2 / MLS / Premier League
smt_cadres_dom,dom,Alavés,0.9152,1.0714,2.5373,8590,311,8,25.0,0.07,02/08/2024 - 01/08/2026,Bundesliga / Championship / LaLiga / LaLiga 2 / Ligue 1 / Ligue 2 / MLS / Premier League
smt_cadres_dom,dom,Étienne - Havre AC,1.0,1.0203,2.5373,8590,311,8,25.0,0.07,02/08/2024 - 01/08/2026,Bundesliga / Championship / LaLiga / LaLiga 2 / Ligue 1 / Ligue 2 / MLS / Premier League
smt_cadres_dom,dom,Étienne - Pau,1.0,0.9765,2.5373,8590,311,8,25.0,0.07,02/08/2024 - 01/08/2026,Bundesliga / Championship / LaLiga / LaLiga 2 / Ligue 1 / Ligue 2 / MLS / Premier League
smt_cadres_dom,dom,Austin,0.8717,1.4577,2.5373,8590,311,8,25.0,0.07,02/08/2024 - 01/08/2026,Bundesliga / Championship / LaLiga / LaLiga 2 / Ligue 1 / Ligue 2 / MLS / Premier League
smt_cadres_dom,dom,Liverpool,1.0584,0.9711,2.5373,8590,311,8,25.0,0.07,02/08/2024 - 01/08/2026,Bundesliga / Championship / LaLiga / LaLiga 2 / Ligue 1 / Ligue 2 / MLS / Premier League
smt_cadres_dom,dom,Tondela,0.8574,0.8999,2.5373,8590,311,8,25.0,0.07,02/08/2024 - 01/08/2026,Bundesliga / Championship / LaLiga / LaLiga 2 / Ligue 1 / Ligue 2 / MLS / Premier League
smt_cadres_dom,dom,Étienne - Nice,1.0,0.8791,2.5373,8590,311,8,25.0,0.07,02/08/2024 - 01/08/2026,Bundesliga / Championship / LaLiga / LaLiga 2 / Ligue 1 / Ligue 2 / MLS / Premier League
smt_cadres_dom,dom,Lyon,1.1628,1.0208,2.5373,8590,311,8,25.0,0.07,02/08/2024 - 01/08/2026,Bundesliga / Championship / LaLiga / LaLiga 2 / Ligue 1 / Ligue 2 / MLS / Premier League
smt_cadres_dom,dom,Cincinnati,1.2635,1.1685,2.5373,8590,311,8,25.0,0.07,02/08/2024 - 01/08/2026,Bundesliga / Championship / LaLiga / LaLiga 2 / Ligue 1 / Ligue 2 / MLS / Premier League
smt_cadres_dom,dom,Barcelone,1.3796,0.9445,2.5373,8590,311,8,25.0,0.07,02/08/2024 - 01/08/2026,Bundesliga / Championship / LaLiga / LaLiga 2 / Ligue 1 / Ligue 2 / MLS / Premier League
smt_cadres_dom,dom,Bari,0.7316,1.3937,2.5373,8590,311,8,25.0,0.07,02/08/2024 - 01/08/2026,Bundesliga / Championship / LaLiga / LaLiga 2 / Ligue 1 / Ligue 2 / MLS / Premier League
smt_cadres_dom,dom,Étienne - Rennes,1.0,1.0203,2.5373,8590,311,8,25.0,0.07,02/08/2024 - 01/08/2026,Bundesliga / Championship / LaLiga / LaLiga 2 / Ligue 1 / Ligue 2 / MLS / Premier League
smt_cadres_dom,dom,Dallas,0.8188,1.1358,2.5373,8590,311,8,25.0,0.07,02/08/2024 - 01/08/2026,Bundesliga / Championship / LaLiga / LaLiga 2 / Ligue 1 / Ligue 2 / MLS / Premier League
smt_cadres_dom,dom,Udinese,0.8231,0.9766,2.5373,8590,311,8,25.0,0.07,02/08/2024 - 01/08/2026,Bundesliga / Championship / LaLiga / LaLiga 2 / Ligue 1 / Ligue 2 / MLS / Premier League
smt_cadres_dom,dom,Carrarese,1.0382,0.9514,2.5373,8590,311,8,25.0,0.07,02/08/2024 - 01/08/2026,Bundesliga / Championship / LaLiga / LaLiga 2 / Ligue 1 / Ligue 2 / MLS / Premier League
smt_cadres_dom,dom,Atlanta Utd,1.107,1.1909,2.5373,8590,311,8,25.0,0.07,02/08/2024 - 01/08/2026,Bundesliga / Championship / LaLiga / LaLiga 2 / Ligue 1 / Ligue 2 / MLS / Premier League
smt_cadres_dom,dom,Grenoble Foot,0.7941,1.1483,2.5373,8590,311,8,25.0,0.07,02/08/2024 - 01/08/2026,Bundesliga / Championship / LaLiga / LaLiga 2 / Ligue 1 / Ligue 2 / MLS / Premier League
smt_cadres_dom,dom,Boavista,0.8046,1.1336,2.5373,8590,311,8,25.0,0.07,02/08/2024 - 01/08/2026,Bundesliga / Championship / LaLiga / LaLiga 2 / Ligue 1 / Ligue 2 / MLS / Premier League
smt_cadres_dom,dom,Penafiel,0.7317,0.8959,2.5373,8590,311,8,25.0,0.07,02/08/2024 - 01/08/2026,Bundesliga / Championship / LaLiga / LaLiga 2 / Ligue 1 / Ligue 2 / MLS / Premier League
smt_cadres_dom,dom,Santander,1.3119,0.9601,2.5373,8590,311,8,25.0,0.07,02/08/2024 - 01/08/2026,Bundesliga / Championship / LaLiga / LaLiga 2 / Ligue 1 / Ligue 2 / MLS / Premier League
smt_cadres_dom,dom,NY Red Bulls,0.99,1.1994,2.5373,8590,311,8,25.0,0.07,02/08/2024 - 01/08/2026,Bundesliga / Championship / LaLiga / LaLiga 2 / Ligue 1 / Ligue 2 / MLS / Premier League
smt_cadres_dom,dom,Pau,0.9546,0.9416,2.5373,8590,311,8,25.0,0.07,02/08/2024 - 01/08/2026,Bundesliga / Championship / LaLiga / LaLiga 2 / Ligue 1 / Ligue 2 / MLS / Premier League
smt_cadres_dom,dom,St. Louis,1.2016,1.1383,2.5373,8590,311,8,25.0,0.07,02/08/2024 - 01/08/2026,Bundesliga / Championship / LaLiga / LaLiga 2 / Ligue 1 / Ligue 2 / MLS / Premier League
smt_cadres_dom,dom,Cardiff,1.2063,0.919,2.5373,8590,311,8,25.0,0.07,02/08/2024 - 01/08/2026,Bundesliga / Championship / LaLiga / LaLiga 2 / Ligue 1 / Ligue 2 / MLS / Premier League
smt_cadres_dom,dom,Dortmund,1.1448,0.9555,2.5373,8590,311,8,25.0,0.07,02/08/2024 - 01/08/2026,Bundesliga / Championship / LaLiga / LaLiga 2 / Ligue 1 / Ligue 2 / MLS / Premier League
smt_cadres_dom,dom,Casa Pia,0.7094,1.0345,2.5373,8590,311,8,25.0,0.07,02/08/2024 - 01/08/2026,Bundesliga / Championship / LaLiga / LaLiga 2 / Ligue 1 / Ligue 2 / MLS / Premier League
smt_cadres_dom,dom,Burnley,0.8363,0.9888,2.5373,8590,311,8,25.0,0.07,02/08/2024 - 01/08/2026,Bundesliga / Championship / LaLiga / LaLiga 2 / Ligue 1 / Ligue 2 / MLS / Premier League
smt_cadres_dom,dom,Montreal,0.9326,1.1029,2.5373,8590,311,8,25.0,0.07,02/08/2024 - 01/08/2026,Bundesliga / Championship / LaLiga / LaLiga 2 / Ligue 1 / Ligue 2 / MLS / Premier League
smt_cadres_dom,dom,Atalanta,1.1077,1.001,2.5373,8590,311,8,25.0,0.07,02/08/2024 - 01/08/2026,Bundesliga / Championship / LaLiga / LaLiga 2 / Ligue 1 / Ligue 2 / MLS / Premier League
smt_cadres_dom,dom,Nantes,0.9322,1.0075,2.5373,8590,311,8,25.0,0.07,02/08/2024 - 01/08/2026,Bundesliga / Championship / LaLiga / LaLiga 2 / Ligue 1 / Ligue 2 / MLS / Premier League
smt_cadres_dom,dom,Étienne - Annecy,1.0,0.9765,2.5373,8590,311,8,25.0,0.07,02/08/2024 - 01/08/2026,Bundesliga / Championship / LaLiga / LaLiga 2 / Ligue 1 / Ligue 2 / MLS / Premier League
smt_cadres_dom,dom,Étienne - St. Lavallois,1.0,0.8889,2.5373,8590,311,8,25.0,0.07,02/08/2024 - 01/08/2026,Bundesliga / Championship / LaLiga / LaLiga 2 / Ligue 1 / Ligue 2 / MLS / Premier League
smt_cadres_dom,dom,V. Guimaraes,0.8737,0.8771,2.5373,8590,311,8,25.0,0.07,02/08/2024 - 01/08/2026,Bundesliga / Championship / LaLiga / LaLiga 2 / Ligue 1 / Ligue 2 / MLS / Premier League
smt_cadres_dom,dom,Las Palmas,1.0424,1.0623,2.5373,8590,311,8,25.0,0.07,02/08/2024 - 01/08/2026,Bundesliga / Championship / LaLiga / LaLiga 2 / Ligue 1 / Ligue 2 / MLS / Premier League
smt_cadres_dom,dom,Charlton,0.9034,1.1378,2.5373,8590,311,8,25.0,0.07,02/08/2024 - 01/08/2026,Bundesliga / Championship / LaLiga / LaLiga 2 / Ligue 1 / Ligue 2 / MLS / Premier League
smt_cadres_dom,dom,Brest,0.927,1.1604,2.5373,8590,311,8,25.0,0.07,02/08/2024 - 01/08/2026,Bundesliga / Championship / LaLiga / LaLiga 2 / Ligue 1 / Ligue 2 / MLS / Premier League
smt_cadres_dom,dom,Pise,0.9321,0.997,2.5373,8590,311,8,25.0,0.07,02/08/2024 - 01/08/2026,Bundesliga / Championship / LaLiga / LaLiga 2 / Ligue 1 / Ligue 2 / MLS / Premier League
smt_cadres_dom,dom,A. Bielefeld,1.1968,1.1583,2.5373,8590,311,8,25.0,0.07,02/08/2024 - 01/08/2026,Bundesliga / Championship / LaLiga / LaLiga 2 / Ligue 1 / Ligue 2 / MLS / Premier League
smt_cadres_dom,dom,Real Saragosse,0.9107,0.9391,2.5373,8590,311,8,25.0,0.07,02/08/2024 - 01/08/2026,Bundesliga / Championship / LaLiga / LaLiga 2 / Ligue 1 / Ligue 2 / MLS / Premier League
smt_cadres_dom,dom,West Bromwich,0.8317,0.7463,2.5373,8590,311,8,25.0,0.07,02/08/2024 - 01/08/2026,Bundesliga / Championship / LaLiga / LaLiga 2 / Ligue 1 / Ligue 2 / MLS / Premier League
smt_cadres_dom,dom,V. Whitecaps,1.1548,0.8364,2.5373,8590,311,8,25.0,0.07,02/08/2024 - 01/08/2026,Bundesliga / Championship / LaLiga / LaLiga 2 / Ligue 1 / Ligue 2 / MLS / Premier League
smt_cadres_dom,dom,Alverca,0.8698,0.9965,2.5373,8590,311,8,25.0,0.07,02/08/2024 - 01/08/2026,Bundesliga / Championship / LaLiga / LaLiga 2 / Ligue 1 / Ligue 2 / MLS / Premier League
smt_cadres_dom,dom,Wolverhampton,0.8804,0.9452,2.5373,8590,311,8,25.0,0.07,02/08/2024 - 01/08/2026,Bundesliga / Championship / LaLiga / LaLiga 2 / Ligue 1 / Ligue 2 / MLS / Premier League
smt_cadres_dom,dom,Stoke,0.8282,0.9393,2.5373,8590,311,8,25.0,0.07,02/08/2024 - 01/08/2026,Bundesliga / Championship / LaLiga / LaLiga 2 / Ligue 1 / Ligue 2 / MLS / Premier League
smt_cadres_dom,dom,Feirense,0.8196,0.8158,2.5373,8590,311,8,25.0,0.07,02/08/2024 - 01/08/2026,Bundesliga / Championship / LaLiga / LaLiga 2 / Ligue 1 / Ligue 2 / MLS / Premier League
smt_cadres_dom,dom,Metz,1.0109,1.1397,2.5373,8590,311,8,25.0,0.07,02/08/2024 - 01/08/2026,Bundesliga / Championship / LaLiga / LaLiga 2 / Ligue 1 / Ligue 2 / MLS / Premier League
smt_cadres_dom,dom,Sporting CP II,0.9087,0.8714,2.5373,8590,311,8,25.0,0.07,02/08/2024 - 01/08/2026,Bundesliga / Championship / LaLiga / LaLiga 2 / Ligue 1 / Ligue 2 / MLS / Premier League
smt_cadres_dom,dom,Saint-Étienne,1.0,1.1653,2.5373,8590,311,8,25.0,0.07,02/08/2024 - 01/08/2026,Bundesliga / Championship / LaLiga / LaLiga 2 / Ligue 1 / Ligue 2 / MLS / Premier League
smt_cadres_dom,dom,New York City,1.1701,1.1021,2.5373,8590,311,8,25.0,0.07,02/08/2024 - 01/08/2026,Bundesliga / Championship / LaLiga / LaLiga 2 / Ligue 1 / Ligue 2 / MLS / Premier League
smt_cadres_dom,dom,Augsbourg,1.0419,1.0754,2.5373,8590,311,8,25.0,0.07,02/08/2024 - 01/08/2026,Bundesliga / Championship / LaLiga / LaLiga 2 / Ligue 1 / Ligue 2 / MLS / Premier League
smt_cadres_dom,dom,Étienne - Red Star,1.0,1.0203,2.5373,8590,311,8,25.0,0.07,02/08/2024 - 01/08/2026,Bundesliga / Championship / LaLiga / LaLiga 2 / Ligue 1 / Ligue 2 / MLS / Premier League
smt_cadres_dom,dom,Leixões,0.9988,0.8982,2.5373,8590,311,8,25.0,0.07,02/08/2024 - 01/08/2026,Bundesliga / Championship / LaLiga / LaLiga 2 / Ligue 1 / Ligue 2 / MLS / Premier League
smt_cadres_dom,dom,Phila. Union,1.113,1.0737,2.5373,8590,311,8,25.0,0.07,02/08/2024 - 01/08/2026,Bundesliga / Championship / LaLiga / LaLiga 2 / Ligue 1 / Ligue 2 / MLS / Premier League
smt_cadres_dom,dom,Coventry,1.2209,0.981,2.5373,8590,311,8,25.0,0.07,02/08/2024 - 01/08/2026,Bundesliga / Championship / LaLiga / LaLiga 2 / Ligue 1 / Ligue 2 / MLS / Premier League
smt_cadres_dom,dom,Étienne - SC Bastia,1.0,1.1078,2.5373,8590,311,8,25.0,0.07,02/08/2024 - 01/08/2026,Bundesliga / Championship / LaLiga / LaLiga 2 / Ligue 1 / Ligue 2 / MLS / Premier League
smt_cadres_dom,dom,Columbus,1.1163,1.112,2.5373,8590,311,8,25.0,0.07,02/08/2024 - 01/08/2026,Bundesliga / Championship / LaLiga / LaLiga 2 / Ligue 1 / Ligue 2 / MLS / Premier League
smt_cadres_dom,dom,Kiel,0.8872,1.1662,2.5373,8590,311,8,25.0,0.07,02/08/2024 - 01/08/2026,Bundesliga / Championship / LaLiga / LaLiga 2 / Ligue 1 / Ligue 2 / MLS / Premier League
smt_cadres_dom,dom,Middlesbrough,1.0761,0.7812,2.5373,8590,311,8,25.0,0.07,02/08/2024 - 01/08/2026,Bundesliga / Championship / LaLiga / LaLiga 2 / Ligue 1 / Ligue 2 / MLS / Premier League
smt_cadres_dom,dom,UD Oliveirense,0.6832,1.0001,2.5373,8590,311,8,25.0,0.07,02/08/2024 - 01/08/2026,Bundesliga / Championship / LaLiga / LaLiga 2 / Ligue 1 / Ligue 2 / MLS / Premier League
smt_cadres_dom,dom,Étienne - Marseille,1.0,0.9327,2.5373,8590,311,8,25.0,0.07,02/08/2024 - 01/08/2026,Bundesliga / Championship / LaLiga / LaLiga 2 / Ligue 1 / Ligue 2 / MLS / Premier League
smt_cadres_dom,dom,AVS,0.9066,1.0821,2.5373,8590,311,8,25.0,0.07,02/08/2024 - 01/08/2026,Bundesliga / Championship / LaLiga / LaLiga 2 / Ligue 1 / Ligue 2 / MLS / Premier League
smt_cadres_dom,dom,Deportivo,1.0414,0.8548,2.5373,8590,311,8,25.0,0.07,02/08/2024 - 01/08/2026,Bundesliga / Championship / LaLiga / LaLiga 2 / Ligue 1 / Ligue 2 / MLS / Premier League
smt_cadres_dom,dom,Gijon,1.0354,1.1082,2.5373,8590,311,8,25.0,0.07,02/08/2024 - 01/08/2026,Bundesliga / Championship / LaLiga / LaLiga 2 / Ligue 1 / Ligue 2 / MLS / Premier League
smt_cadres_dom,dom,Étienne - AJ Auxerre,1.0,0.9765,2.5373,8590,311,8,25.0,0.07,02/08/2024 - 01/08/2026,Bundesliga / Championship / LaLiga / LaLiga 2 / Ligue 1 / Ligue 2 / MLS / Premier League
smt_cadres_dom,dom,Castellon,1.1103,1.0235,2.5373,8590,311,8,25.0,0.07,02/08/2024 - 01/08/2026,Bundesliga / Championship / LaLiga / LaLiga 2 / Ligue 1 / Ligue 2 / MLS / Premier League
smt_cadres_dom,dom,Cittadella,0.7729,1.0403,2.5373,8590,311,8,25.0,0.07,02/08/2024 - 01/08/2026,Bundesliga / Championship / LaLiga / LaLiga 2 / Ligue 1 / Ligue 2 / MLS / Premier League
smt_cadres_dom,dom,B. Leverkusen,1.2785,1.0835,2.5373,8590,311,8,25.0,0.07,02/08/2024 - 01/08/2026,Bundesliga / Championship / LaLiga / LaLiga 2 / Ligue 1 / Ligue 2 / MLS / Premier League
smt_cadres_dom,dom,Cagliari,0.8395,1.067,2.5373,8590,311,8,25.0,0.07,02/08/2024 - 01/08/2026,Bundesliga / Championship / LaLiga / LaLiga 2 / Ligue 1 / Ligue 2 / MLS / Premier League
smt_cadres_dom,dom,Swansea,0.8526,1.0467,2.5373,8590,311,8,25.0,0.07,02/08/2024 - 01/08/2026,Bundesliga / Championship / LaLiga / LaLiga 2 / Ligue 1 / Ligue 2 / MLS / Premier League
smt_cadres_dom,dom,Heidenheim,1.0209,1.1642,2.5373,8590,311,8,25.0,0.07,02/08/2024 - 01/08/2026,Bundesliga / Championship / LaLiga / LaLiga 2 / Ligue 1 / Ligue 2 / MLS / Premier League
smt_cadres_dom,dom,Hertha BSC,1.1653,1.0151,2.5373,8590,311,8,25.0,0.07,02/08/2024 - 01/08/2026,Bundesliga / Championship / LaLiga / LaLiga 2 / Ligue 1 / Ligue 2 / MLS / Premier League
smt_cadres_dom,dom,Paris FC,0.9565,0.9184,2.5373,8590,311,8,25.0,0.07,02/08/2024 - 01/08/2026,Bundesliga / Championship / LaLiga / LaLiga 2 / Ligue 1 / Ligue 2 / MLS / Premier League
smt_cadres_dom,dom,Étienne - US Boulogne,1.0,0.8889,2.5373,8590,311,8,25.0,0.07,02/08/2024 - 01/08/2026,Bundesliga / Championship / LaLiga / LaLiga 2 / Ligue 1 / Ligue 2 / MLS / Premier League
smt_cadres_dom,dom,Benfica,1.3805,0.8884,2.5373,8590,311,8,25.0,0.07,02/08/2024 - 01/08/2026,Bundesliga / Championship / LaLiga / LaLiga 2 / Ligue 1 / Ligue 2 / MLS / Premier League
smt_cadres_dom,dom,Burgos,0.8174,0.9095,2.5373,8590,311,8,25.0,0.07,02/08/2024 - 01/08/2026,Bundesliga / Championship / LaLiga / LaLiga 2 / Ligue 1 / Ligue 2 / MLS / Premier League
smt_cadres_dom,dom,Étienne - Lille,1.0,0.9327,2.5373,8590,311,8,25.0,0.07,02/08/2024 - 01/08/2026,Bundesliga / Championship / LaLiga / LaLiga 2 / Ligue 1 / Ligue 2 / MLS / Premier League
smt_cadres_dom,dom,Étienne - Clermont,1.0,1.0641,2.5373,8590,311,8,25.0,0.07,02/08/2024 - 01/08/2026,Bundesliga / Championship / LaLiga / LaLiga 2 / Ligue 1 / Ligue 2 / MLS / Premier League
smt_cadres_dom,dom,Brighton,1.0521,0.8213,2.5373,8590,311,8,25.0,0.07,02/08/2024 - 01/08/2026,Bundesliga / Championship / LaLiga / LaLiga 2 / Ligue 1 / Ligue 2 / MLS / Premier League
smt_cadres_dom,dom,Torreense,0.9611,0.8998,2.5373,8590,311,8,25.0,0.07,02/08/2024 - 01/08/2026,Bundesliga / Championship / LaLiga / LaLiga 2 / Ligue 1 / Ligue 2 / MLS / Premier League
smt_cadres_dom,dom,Eibar,1.094,0.9098,2.5373,8590,311,8,25.0,0.07,02/08/2024 - 01/08/2026,Bundesliga / Championship / LaLiga / LaLiga 2 / Ligue 1 / Ligue 2 / MLS / Premier League
smt_cadres_dom,dom,Wolfsbourg,1.0718,1.2091,2.5373,8590,311,8,25.0,0.07,02/08/2024 - 01/08/2026,Bundesliga / Championship / LaLiga / LaLiga 2 / Ligue 1 / Ligue 2 / MLS / Premier League
smt_cadres_dom,dom,Sampdoria,0.964,0.9968,2.5373,8590,311,8,25.0,0.07,02/08/2024 - 01/08/2026,Bundesliga / Championship / LaLiga / LaLiga 2 / Ligue 1 / Ligue 2 / MLS / Premier League
smt_cadres_dom,dom,Kaiserslautern,1.2518,1.1786,2.5373,8590,311,8,25.0,0.07,02/08/2024 - 01/08/2026,Bundesliga / Championship / LaLiga / LaLiga 2 / Ligue 1 / Ligue 2 / MLS / Premier League
smt_cadres_dom,dom,Côme,1.1432,0.8692,2.5373,8590,311,8,25.0,0.07,02/08/2024 - 01/08/2026,Bundesliga / Championship / LaLiga / LaLiga 2 / Ligue 1 / Ligue 2 / MLS / Premier League
smt_cadres_dom,dom,Leicester,0.7589,0.9892,2.5373,8590,311,8,25.0,0.07,02/08/2024 - 01/08/2026,Bundesliga / Championship / LaLiga / LaLiga 2 / Ligue 1 / Ligue 2 / MLS / Premier League
smt_cadres_dom,dom,Étienne - Amiens,1.0,1.0203,2.5373,8590,311,8,25.0,0.07,02/08/2024 - 01/08/2026,Bundesliga / Championship / LaLiga / LaLiga 2 / Ligue 1 / Ligue 2 / MLS / Premier League
smt_cadres_dom,dom,Huesca,0.9093,1.055,2.5373,8590,311,8,25.0,0.07,02/08/2024 - 01/08/2026,Bundesliga / Championship / LaLiga / LaLiga 2 / Ligue 1 / Ligue 2 / MLS / Premier League
smt_cadres_dom,dom,Espanyol,0.9635,1.263,2.5373,8590,311,8,25.0,0.07,02/08/2024 - 01/08/2026,Bundesliga / Championship / LaLiga / LaLiga 2 / Ligue 1 / Ligue 2 / MLS / Premier League
smt_cadres_dom,dom,Leeds United,1.0974,0.9174,2.5373,8590,311,8,25.0,0.07,02/08/2024 - 01/08/2026,Bundesliga / Championship / LaLiga / LaLiga 2 / Ligue 1 / Ligue 2 / MLS / Premier League
smt_cadres_dom,dom,Portsmouth,0.9304,1.0757,2.5373,8590,311,8,25.0,0.07,02/08/2024 - 01/08/2026,Bundesliga / Championship / LaLiga / LaLiga 2 / Ligue 1 / Ligue 2 / MLS / Premier League
smt_cadres_dom,dom,Martigues,0.74,1.2518,2.5373,8590,311,8,25.0,0.07,02/08/2024 - 01/08/2026,Bundesliga / Championship / LaLiga / LaLiga 2 / Ligue 1 / Ligue 2 / MLS / Premier League
smt_cadres_dom,dom,NE Revolution,0.8977,1.2289,2.5373,8590,311,8,25.0,0.07,02/08/2024 - 01/08/2026,Bundesliga / Championship / LaLiga / LaLiga 2 / Ligue 1 / Ligue 2 / MLS / Premier League
smt_cadres_dom,dom,Stuttgart,1.2361,1.177,2.5373,8590,311,8,25.0,0.07,02/08/2024 - 01/08/2026,Bundesliga / Championship / LaLiga / LaLiga 2 / Ligue 1 / Ligue 2 / MLS / Premier League
smt_cadres_dom,dom,Amiens,0.9872,1.0338,2.5373,8590,311,8,25.0,0.07,02/08/2024 - 01/08/2026,Bundesliga / Championship / LaLiga / LaLiga 2 / Ligue 1 / Ligue 2 / MLS / Premier League
smt_cadres_dom,dom,Oviedo,0.8711,1.1934,2.5373,8590,311,8,25.0,0.07,02/08/2024 - 01/08/2026,Bundesliga / Championship / LaLiga / LaLiga 2 / Ligue 1 / Ligue 2 / MLS / Premier League
smt_cadres_dom,dom,Étienne - Grenoble Foot,1.0,1.0203,2.5373,8590,311,8,25.0,0.07,02/08/2024 - 01/08/2026,Bundesliga / Championship / LaLiga / LaLiga 2 / Ligue 1 / Ligue 2 / MLS / Premier League
smt_cadres_dom,dom,EA Guingamp,0.958,1.0447,2.5373,8590,311,8,25.0,0.07,02/08/2024 - 01/08/2026,Bundesliga / Championship / LaLiga / LaLiga 2 / Ligue 1 / Ligue 2 / MLS / Premier League
smt_cadres_dom,dom,Racing de Ferrol,0.7887,0.893,2.5373,8590,311,8,25.0,0.07,02/08/2024 - 01/08/2026,Bundesliga / Championship / LaLiga / LaLiga 2 / Ligue 1 / Ligue 2 / MLS / Premier League
smt_cadres_dom,dom,Eldense,0.9961,0.9612,2.5373,8590,311,8,25.0,0.07,02/08/2024 - 01/08/2026,Bundesliga / Championship / LaLiga / LaLiga 2 / Ligue 1 / Ligue 2 / MLS / Premier League
smt_cadres_dom,dom,Benfica II,1.0092,1.0077,2.5373,8590,311,8,25.0,0.07,02/08/2024 - 01/08/2026,Bundesliga / Championship / LaLiga / LaLiga 2 / Ligue 1 / Ligue 2 / MLS / Premier League
smt_cadres_dom,dom,Sporting KC,1.1424,1.0622,2.5373,8590,311,8,25.0,0.07,02/08/2024 - 01/08/2026,Bundesliga / Championship / LaLiga / LaLiga 2 / Ligue 1 / Ligue 2 / MLS / Premier League
smt_cadres_dom,dom,Queens Park R.,0.966,0.8852,2.5373,8590,311,8,25.0,0.07,02/08/2024 - 01/08/2026,Bundesliga / Championship / LaLiga / LaLiga 2 / Ligue 1 / Ligue 2 / MLS / Premier League
smt_cadres_dom,dom,Sunderland,0.8594,1.0067,2.5373,8590,311,8,25.0,0.07,02/08/2024 - 01/08/2026,Bundesliga / Championship / LaLiga / LaLiga 2 / Ligue 1 / Ligue 2 / MLS / Premier League
smt_cadres_dom,dom,Reims,0.9215,0.7614,2.5373,8590,311,8,25.0,0.07,02/08/2024 - 01/08/2026,Bundesliga / Championship / LaLiga / LaLiga 2 / Ligue 1 / Ligue 2 / MLS / Premier League
smt_cadres_dom,dom,Portimonense,0.8184,1.0299,2.5373,8590,311,8,25.0,0.07,02/08/2024 - 01/08/2026,Bundesliga / Championship / LaLiga / LaLiga 2 / Ligue 1 / Ligue 2 / MLS / Premier League
smt_cadres_dom,dom,Marseille,1.3171,0.8902,2.5373,8590,311,8,25.0,0.07,02/08/2024 - 01/08/2026,Bundesliga / Championship / LaLiga / LaLiga 2 / Ligue 1 / Ligue 2 / MLS / Premier League
smt_cadres_dom,dom,Cremonese,1.0049,1.0385,2.5373,8590,311,8,25.0,0.07,02/08/2024 - 01/08/2026,Bundesliga / Championship / LaLiga / LaLiga 2 / Ligue 1 / Ligue 2 / MLS / Premier League
smt_cadres_dom,dom,Real Betis,1.1394,0.9609,2.5373,8590,311,8,25.0,0.07,02/08/2024 - 01/08/2026,Bundesliga / Championship / LaLiga / LaLiga 2 / Ligue 1 / Ligue 2 / MLS / Premier League
smt_cadres_dom,dom,Felgueiras,0.5936,0.7081,2.5373,8590,311,8,25.0,0.07,02/08/2024 - 01/08/2026,Bundesliga / Championship / LaLiga / LaLiga 2 / Ligue 1 / Ligue 2 / MLS / Premier League
smt_cadres_dom,dom,Avellino,1.1497,1.0024,2.5373,8590,311,8,25.0,0.07,02/08/2024 - 01/08/2026,Bundesliga / Championship / LaLiga / LaLiga 2 / Ligue 1 / Ligue 2 / MLS / Premier League
smt_cadres_dom,dom,Farense,0.9882,1.0841,2.5373,8590,311,8,25.0,0.07,02/08/2024 - 01/08/2026,Bundesliga / Championship / LaLiga / LaLiga 2 / Ligue 1 / Ligue 2 / MLS / Premier League
smt_cadres_dom,dom,Pescara,1.214,1.1774,2.5373,8590,311,8,25.0,0.07,02/08/2024 - 01/08/2026,Bundesliga / Championship / LaLiga / LaLiga 2 / Ligue 1 / Ligue 2 / MLS / Premier League
smt_cadres_dom,dom,Hoffenheim,1.0621,1.0202,2.5373,8590,311,8,25.0,0.07,02/08/2024 - 01/08/2026,Bundesliga / Championship / LaLiga / LaLiga 2 / Ligue 1 / Ligue 2 / MLS / Premier League
smt_cadres_dom,dom,Cologne,1.1099,1.0564,2.5373,8590,311,8,25.0,0.07,02/08/2024 - 01/08/2026,Bundesliga / Championship / LaLiga / LaLiga 2 / Ligue 1 / Ligue 2 / MLS / Premier League
smt_cadres_dom,dom,Brunswick,0.9236,1.009,2.5373,8590,311,8,25.0,0.07,02/08/2024 - 01/08/2026,Bundesliga / Championship / LaLiga / LaLiga 2 / Ligue 1 / Ligue 2 / MLS / Premier League
smt_cadres_dom,dom,Schalke 04,1.2051,0.863,2.5373,8590,311,8,25.0,0.07,02/08/2024 - 01/08/2026,Bundesliga / Championship / LaLiga / LaLiga 2 / Ligue 1 / Ligue 2 / MLS / Premier League
smt_cadres_dom,dom,Étienne - Rodez,1.0,0.957,2.5373,8590,311,8,25.0,0.07,02/08/2024 - 01/08/2026,Bundesliga / Championship / LaLiga / LaLiga 2 / Ligue 1 / Ligue 2 / MLS / Premier League
smt_cadres_dom,dom,Juventus,1.3325,0.8841,2.5373,8590,311,8,25.0,0.07,02/08/2024 - 01/08/2026,Bundesliga / Championship / LaLiga / LaLiga 2 / Ligue 1 / Ligue 2 / MLS / Premier League
smt_cadres_dom,dom,Osasuna,1.0569,1.1146,2.5373,8590,311,8,25.0,0.07,02/08/2024 - 01/08/2026,Bundesliga / Championship / LaLiga / LaLiga 2 / Ligue 1 / Ligue 2 / MLS / Premier League
smt_cadres_dom,dom,Viseu,0.8992,0.7338,2.5373,8590,311,8,25.0,0.07,02/08/2024 - 01/08/2026,Bundesliga / Championship / LaLiga / LaLiga 2 / Ligue 1 / Ligue 2 / MLS / Premier League
smt_cadres_dom,dom,PSG,1.3868,0.8276,2.5373,8590,311,8,25.0,0.07,02/08/2024 - 01/08/2026,Bundesliga / Championship / LaLiga / LaLiga 2 / Ligue 1 / Ligue 2 / MLS / Premier League
smt_cadres_dom,dom,Charlotte,1.0494,1.1968,2.5373,8590,311,8,25.0,0.07,02/08/2024 - 01/08/2026,Bundesliga / Championship / LaLiga / LaLiga 2 / Ligue 1 / Ligue 2 / MLS / Premier League
smt_cadres_dom,dom,Étienne - Nantes,1.0,0.9765,2.5373,8590,311,8,25.0,0.07,02/08/2024 - 01/08/2026,Bundesliga / Championship / LaLiga / LaLiga 2 / Ligue 1 / Ligue 2 / MLS / Premier League
smt_cadres_dom,dom,Preston,0.7981,0.9752,2.5373,8590,311,8,25.0,0.07,02/08/2024 - 01/08/2026,Bundesliga / Championship / LaLiga / LaLiga 2 / Ligue 1 / Ligue 2 / MLS / Premier League
smt_cadres_dom,dom,Gil Vicente,1.0469,0.9203,2.5373,8590,311,8,25.0,0.07,02/08/2024 - 01/08/2026,Bundesliga / Championship / LaLiga / LaLiga 2 / Ligue 1 / Ligue 2 / MLS / Premier League
smt_cadres_dom,dom,Reggiana,0.7855,1.0535,2.5373,8590,311,8,25.0,0.07,02/08/2024 - 01/08/2026,Bundesliga / Championship / LaLiga / LaLiga 2 / Ligue 1 / Ligue 2 / MLS / Premier League
smt_cadres_dom,dom,AC Ajaccio,0.9934,1.0243,2.5373,8590,311,8,25.0,0.07,02/08/2024 - 01/08/2026,Bundesliga / Championship / LaLiga / LaLiga 2 / Ligue 1 / Ligue 2 / MLS / Premier League
smt_cadres_dom,dom,San Jose E.,1.3915,1.2051,2.5373,8590,311,8,25.0,0.07,02/08/2024 - 01/08/2026,Bundesliga / Championship / LaLiga / LaLiga 2 / Ligue 1 / Ligue 2 / MLS / Premier League
smt_cadres_dom,dom,LA Galaxy,1.2035,1.1123,2.5373,8590,311,8,25.0,0.07,02/08/2024 - 01/08/2026,Bundesliga / Championship / LaLiga / LaLiga 2 / Ligue 1 / Ligue 2 / MLS / Premier League
smt_cadres_dom,dom,Wrexham,0.9809,1.0722,2.5373,8590,311,8,25.0,0.07,02/08/2024 - 01/08/2026,Bundesliga / Championship / LaLiga / LaLiga 2 / Ligue 1 / Ligue 2 / MLS / Premier League
smt_cadres_dom,dom,AS Monaco,1.0949,1.0305,2.5373,8590,311,8,25.0,0.07,02/08/2024 - 01/08/2026,Bundesliga / Championship / LaLiga / LaLiga 2 / Ligue 1 / Ligue 2 / MLS / Premier League
smt_cadres_dom,dom,Séville,0.9796,1.0208,2.5373,8590,311,8,25.0,0.07,02/08/2024 - 01/08/2026,Bundesliga / Championship / LaLiga / LaLiga 2 / Ligue 1 / Ligue 2 / MLS / Premier League
smt_cadres_dom,dom,Union Berlin,0.945,1.0376,2.5373,8590,311,8,25.0,0.07,02/08/2024 - 01/08/2026,Bundesliga / Championship / LaLiga / LaLiga 2 / Ligue 1 / Ligue 2 / MLS / Premier League
smt_cadres_dom,dom,Rayo Vallecano,1.1979,0.9479,2.5373,8590,311,8,25.0,0.07,02/08/2024 - 01/08/2026,Bundesliga / Championship / LaLiga / LaLiga 2 / Ligue 1 / Ligue 2 / MLS / Premier League
smt_cadres_dom,dom,Atl. Madrid,1.173,0.9741,2.5373,8590,311,8,25.0,0.07,02/08/2024 - 01/08/2026,Bundesliga / Championship / LaLiga / LaLiga 2 / Ligue 1 / Ligue 2 / MLS / Premier League
smt_cadres_dom,dom,Toulouse,1.052,0.8717,2.5373,8590,311,8,25.0,0.07,02/08/2024 - 01/08/2026,Bundesliga / Championship / LaLiga / LaLiga 2 / Ligue 1 / Ligue 2 / MLS / Premier League
smt_cadres_dom,dom,Parme,0.8168,0.9884,2.5373,8590,311,8,25.0,0.07,02/08/2024 - 01/08/2026,Bundesliga / Championship / LaLiga / LaLiga 2 / Ligue 1 / Ligue 2 / MLS / Premier League
smt_cadres_dom,dom,Real Sociedad,0.9794,1.0133,2.5373,8590,311,8,25.0,0.07,02/08/2024 - 01/08/2026,Bundesliga / Championship / LaLiga / LaLiga 2 / Ligue 1 / Ligue 2 / MLS / Premier League
smt_cadres_dom,dom,US Boulogne,0.794,0.8458,2.5373,8590,311,8,25.0,0.07,02/08/2024 - 01/08/2026,Bundesliga / Championship / LaLiga / LaLiga 2 / Ligue 1 / Ligue 2 / MLS / Premier League
smt_cadres_dom,dom,Cordoba,1.1871,1.0592,2.5373,8590,311,8,25.0,0.07,02/08/2024 - 01/08/2026,Bundesliga / Championship / LaLiga / LaLiga 2 / Ligue 1 / Ligue 2 / MLS / Premier League
smt_cadres_dom,dom,Étienne - PSG,1.0,0.8889,2.5373,8590,311,8,25.0,0.07,02/08/2024 - 01/08/2026,Bundesliga / Championship / LaLiga / LaLiga 2 / Ligue 1 / Ligue 2 / MLS / Premier League
smt_cadres_dom,dom,Inter Miami,1.2799,0.9617,2.5373,8590,311,8,25.0,0.07,02/08/2024 - 01/08/2026,Bundesliga / Championship / LaLiga / LaLiga 2 / Ligue 1 / Ligue 2 / MLS / Premier League
smt_cadres_dom,dom,Virtus,1.098,1.0972,2.5373,8590,311,8,25.0,0.07,02/08/2024 - 01/08/2026,Bundesliga / Championship / LaLiga / LaLiga 2 / Ligue 1 / Ligue 2 / MLS / Premier League
smt_cadres_dom,dom,Étienne - Le Mans,1.0,0.9765,2.5373,8590,311,8,25.0,0.07,02/08/2024 - 01/08/2026,Bundesliga / Championship / LaLiga / LaLiga 2 / Ligue 1 / Ligue 2 / MLS / Premier League
smt_cadres_dom,dom,Empoli,0.9073,1.1749,2.5373,8590,311,8,25.0,0.07,02/08/2024 - 01/08/2026,Bundesliga / Championship / LaLiga / LaLiga 2 / Ligue 1 / Ligue 2 / MLS / Premier League
smt_cadres_dom,dom,Plymouth,1.0371,1.2539,2.5373,8590,311,8,25.0,0.07,02/08/2024 - 01/08/2026,Bundesliga / Championship / LaLiga / LaLiga 2 / Ligue 1 / Ligue 2 / MLS / Premier League
smt_cadres_dom,dom,Fribourg,1.0199,1.1434,2.5373,8590,311,8,25.0,0.07,02/08/2024 - 01/08/2026,Bundesliga / Championship / LaLiga / LaLiga 2 / Ligue 1 / Ligue 2 / MLS / Premier League
smt_cadres_dom,dom,Strasbourg,0.9744,0.9714,2.5373,8590,311,8,25.0,0.07,02/08/2024 - 01/08/2026,Bundesliga / Championship / LaLiga / LaLiga 2 / Ligue 1 / Ligue 2 / MLS / Premier League
smt_cadres_dom,dom,E. Francfort,1.1503,1.2243,2.5373,8590,311,8,25.0,0.07,02/08/2024 - 01/08/2026,Bundesliga / Championship / LaLiga / LaLiga 2 / Ligue 1 / Ligue 2 / MLS / Premier League
smt_cadres_dom,dom,Nice,1.1792,1.114,2.5373,8590,311,8,25.0,0.07,02/08/2024 - 01/08/2026,Bundesliga / Championship / LaLiga / LaLiga 2 / Ligue 1 / Ligue 2 / MLS / Premier League
smt_cadres_dom,dom,Tenerife,0.8811,1.0153,2.5373,8590,311,8,25.0,0.07,02/08/2024 - 01/08/2026,Bundesliga / Championship / LaLiga / LaLiga 2 / Ligue 1 / Ligue 2 / MLS / Premier League
smt_cadres_dom,dom,Derby County,0.826,1.0958,2.5373,8590,311,8,25.0,0.07,02/08/2024 - 01/08/2026,Bundesliga / Championship / LaLiga / LaLiga 2 / Ligue 1 / Ligue 2 / MLS / Premier League
smt_cadres_dom,dom,Brescia,0.9848,1.0615,2.5373,8590,311,8,25.0,0.07,02/08/2024 - 01/08/2026,Bundesliga / Championship / LaLiga / LaLiga 2 / Ligue 1 / Ligue 2 / MLS / Premier League
smt_cadres_dom,dom,Cosenza,0.8655,1.2216,2.5373,8590,311,8,25.0,0.07,02/08/2024 - 01/08/2026,Bundesliga / Championship / LaLiga / LaLiga 2 / Ligue 1 / Ligue 2 / MLS / Premier League
smt_cadres_dom,dom,Étienne - RC Lens,1.0,0.9327,2.5373,8590,311,8,25.0,0.07,02/08/2024 - 01/08/2026,Bundesliga / Championship / LaLiga / LaLiga 2 / Ligue 1 / Ligue 2 / MLS / Premier League
smt_cadres_dom,dom,Étienne - Strasbourg,1.0,1.0203,2.5373,8590,311,8,25.0,0.07,02/08/2024 - 01/08/2026,Bundesliga / Championship / LaLiga / LaLiga 2 / Ligue 1 / Ligue 2 / MLS / Premier League
smt_cadres_dom,dom,San Diego,1.0704,1.0006,2.5373,8590,311,8,25.0,0.07,02/08/2024 - 01/08/2026,Bundesliga / Championship / LaLiga / LaLiga 2 / Ligue 1 / Ligue 2 / MLS / Premier League
smt_cadres_dom,dom,Leonesa,0.9612,1.1311,2.5373,8590,311,8,25.0,0.07,02/08/2024 - 01/08/2026,Bundesliga / Championship / LaLiga / LaLiga 2 / Ligue 1 / Ligue 2 / MLS / Premier League
smt_cadres_dom,dom,DC United,1.0127,1.0311,2.5373,8590,311,8,25.0,0.07,02/08/2024 - 01/08/2026,Bundesliga / Championship / LaLiga / LaLiga 2 / Ligue 1 / Ligue 2 / MLS / Premier League
smt_cadres_dom,dom,Ulm,0.9247,1.19,2.5373,8590,311,8,25.0,0.07,02/08/2024 - 01/08/2026,Bundesliga / Championship / LaLiga / LaLiga 2 / Ligue 1 / Ligue 2 / MLS / Premier League
smt_cadres_dom,dom,Lecce,0.7423,1.0743,2.5373,8590,311,8,25.0,0.07,02/08/2024 - 01/08/2026,Bundesliga / Championship / LaLiga / LaLiga 2 / Ligue 1 / Ligue 2 / MLS / Premier League
smt_cadres_dom,dom,Malaga,1.1404,1.1502,2.5373,8590,311,8,25.0,0.07,02/08/2024 - 01/08/2026,Bundesliga / Championship / LaLiga / LaLiga 2 / Ligue 1 / Ligue 2 / MLS / Premier League
smt_cadres_dom,dom,Majorque,1.0407,0.9778,2.5373,8590,311,8,25.0,0.07,02/08/2024 - 01/08/2026,Bundesliga / Championship / LaLiga / LaLiga 2 / Ligue 1 / Ligue 2 / MLS / Premier League
smt_cadres_dom,dom,Le Mans,1.0048,0.7883,2.5373,8590,311,8,25.0,0.07,02/08/2024 - 01/08/2026,Bundesliga / Championship / LaLiga / LaLiga 2 / Ligue 1 / Ligue 2 / MLS / Premier League
smt_cadres_dom,dom,Venise,1.243,1.0228,2.5373,8590,311,8,25.0,0.07,02/08/2024 - 01/08/2026,Bundesliga / Championship / LaLiga / LaLiga 2 / Ligue 1 / Ligue 2 / MLS / Premier League
smt_cadres_dom,dom,Man City,1.048,1.0168,2.5373,8590,311,8,25.0,0.07,02/08/2024 - 01/08/2026,Bundesliga / Championship / LaLiga / LaLiga 2 / Ligue 1 / Ligue 2 / MLS / Premier League
smt_cadres_dom,dom,P. Ferreira,1.0485,0.9644,2.5373,8590,311,8,25.0,0.07,02/08/2024 - 01/08/2026,Bundesliga / Championship / LaLiga / LaLiga 2 / Ligue 1 / Ligue 2 / MLS / Premier League
smt_cadres_dom,dom,Norwich City,1.0058,0.9106,2.5373,8590,311,8,25.0,0.07,02/08/2024 - 01/08/2026,Bundesliga / Championship / LaLiga / LaLiga 2 / Ligue 1 / Ligue 2 / MLS / Premier League
smt_cadres_ext,ext,Orlando City,1.5901,1.3128,2.0973,8590,311,8,25.0,0.07,02/08/2024 - 01/08/2026,Bundesliga / Championship / LaLiga / LaLiga 2 / Ligue 1 / Ligue 2 / MLS / Premier League
smt_cadres_ext,ext,Crystal Palace,0.9768,1.0864,2.0973,8590,311,8,25.0,0.07,02/08/2024 - 01/08/2026,Bundesliga / Championship / LaLiga / LaLiga 2 / Ligue 1 / Ligue 2 / MLS / Premier League
smt_cadres_ext,ext,Sporting,1.5054,0.7945,2.0973,8590,311,8,25.0,0.07,02/08/2024 - 01/08/2026,Bundesliga / Championship / LaLiga / LaLiga 2 / Ligue 1 / Ligue 2 / MLS / Premier League
smt_cadres_ext,ext,Minnesota Utd,1.2739,1.0003,2.0973,8590,311,8,25.0,0.07,02/08/2024 - 01/08/2026,Bundesliga / Championship / LaLiga / LaLiga 2 / Ligue 1 / Ligue 2 / MLS / Premier League
smt_cadres_ext,ext,Leipzig,1.0392,1.0978,2.0973,8590,311,8,25.0,0.07,02/08/2024 - 01/08/2026,Bundesliga / Championship / LaLiga / LaLiga 2 / Ligue 1 / Ligue 2 / MLS / Premier League
smt_cadres_ext,ext,Man United,1.071,0.9438,2.0973,8590,311,8,25.0,0.07,02/08/2024 - 01/08/2026,Bundesliga / Championship / LaLiga / LaLiga 2 / Ligue 1 / Ligue 2 / MLS / Premier League
smt_cadres_ext,ext,Lazio,1.0678,0.9296,2.0973,8590,311,8,25.0,0.07,02/08/2024 - 01/08/2026,Bundesliga / Championship / LaLiga / LaLiga 2 / Ligue 1 / Ligue 2 / MLS / Premier League
smt_cadres_ext,ext,Modène,0.9164,0.9328,2.0973,8590,311,8,25.0,0.07,02/08/2024 - 01/08/2026,Bundesliga / Championship / LaLiga / LaLiga 2 / Ligue 1 / Ligue 2 / MLS / Premier League
smt_cadres_ext,ext,Nancy,0.8272,1.1223,2.0973,8590,311,8,25.0,0.07,02/08/2024 - 01/08/2026,Bundesliga / Championship / LaLiga / LaLiga 2 / Ligue 1 / Ligue 2 / MLS / Premier League
smt_cadres_ext,ext,S. Wednesday,0.8151,1.3181,2.0973,8590,311,8,25.0,0.07,02/08/2024 - 01/08/2026,Bundesliga / Championship / LaLiga / LaLiga 2 / Ligue 1 / Ligue 2 / MLS / Premier League
smt_cadres_ext,ext,Torino,0.9618,1.1314,2.0973,8590,311,8,25.0,0.07,02/08/2024 - 01/08/2026,Bundesliga / Championship / LaLiga / LaLiga 2 / Ligue 1 / Ligue 2 / MLS / Premier League
smt_cadres_ext,ext,Porto II,1.1677,0.7563,2.0973,8590,311,8,25.0,0.07,02/08/2024 - 01/08/2026,Bundesliga / Championship / LaLiga / LaLiga 2 / Ligue 1 / Ligue 2 / MLS / Premier League
smt_cadres_ext,ext,Arsenal,1.1192,0.7128,2.0973,8590,311,8,25.0,0.07,02/08/2024 - 01/08/2026,Bundesliga / Championship / LaLiga / LaLiga 2 / Ligue 1 / Ligue 2 / MLS / Premier League
smt_cadres_ext,ext,Étienne - Reims,1.0412,1.0,2.0973,8590,311,8,25.0,0.07,02/08/2024 - 01/08/2026,Bundesliga / Championship / LaLiga / LaLiga 2 / Ligue 1 / Ligue 2 / MLS / Premier League
smt_cadres_ext,ext,Fiorentina,0.7967,0.9275,2.0973,8590,311,8,25.0,0.07,02/08/2024 - 01/08/2026,Bundesliga / Championship / LaLiga / LaLiga 2 / Ligue 1 / Ligue 2 / MLS / Premier League
smt_cadres_ext,ext,Sassuolo,0.9929,1.0471,2.0973,8590,311,8,25.0,0.07,02/08/2024 - 01/08/2026,Bundesliga / Championship / LaLiga / LaLiga 2 / Ligue 1 / Ligue 2 / MLS / Premier League
smt_cadres_ext,ext,Estoril,0.863,1.0815,2.0973,8590,311,8,25.0,0.07,02/08/2024 - 01/08/2026,Bundesliga / Championship / LaLiga / LaLiga 2 / Ligue 1 / Ligue 2 / MLS / Premier League
smt_cadres_ext,ext,RC Lens,1.1002,0.7964,2.0973,8590,311,8,25.0,0.07,02/08/2024 - 01/08/2026,Bundesliga / Championship / LaLiga / LaLiga 2 / Ligue 1 / Ligue 2 / MLS / Premier League
smt_cadres_ext,ext,Aston Villa,1.1576,1.0274,2.0973,8590,311,8,25.0,0.07,02/08/2024 - 01/08/2026,Bundesliga / Championship / LaLiga / LaLiga 2 / Ligue 1 / Ligue 2 / MLS / Premier League
smt_cadres_ext,ext,Cadix,0.8787,1.2335,2.0973,8590,311,8,25.0,0.07,02/08/2024 - 01/08/2026,Bundesliga / Championship / LaLiga / LaLiga 2 / Ligue 1 / Ligue 2 / MLS / Premier League
smt_cadres_ext,ext,Genoa,0.8019,0.8837,2.0973,8590,311,8,25.0,0.07,02/08/2024 - 01/08/2026,Bundesliga / Championship / LaLiga / LaLiga 2 / Ligue 1 / Ligue 2 / MLS / Premier League
smt_cadres_ext,ext,Ceuta,0.8269,1.0433,2.0973,8590,311,8,25.0,0.07,02/08/2024 - 01/08/2026,Bundesliga / Championship / LaLiga / LaLiga 2 / Ligue 1 / Ligue 2 / MLS / Premier League
smt_cadres_ext,ext,Werder Brême,1.0428,1.1892,2.0973,8590,311,8,25.0,0.07,02/08/2024 - 01/08/2026,Bundesliga / Championship / LaLiga / LaLiga 2 / Ligue 1 / Ligue 2 / MLS / Premier League
smt_cadres_ext,ext,Portland,1.0146,1.0712,2.0973,8590,311,8,25.0,0.07,02/08/2024 - 01/08/2026,Bundesliga / Championship / LaLiga / LaLiga 2 / Ligue 1 / Ligue 2 / MLS / Premier League
smt_cadres_ext,ext,Darmstadt,1.1492,0.932,2.0973,8590,311,8,25.0,0.07,02/08/2024 - 01/08/2026,Bundesliga / Championship / LaLiga / LaLiga 2 / Ligue 1 / Ligue 2 / MLS / Premier League
smt_cadres_ext,ext,Luton,0.7663,1.0344,2.0973,8590,311,8,25.0,0.07,02/08/2024 - 01/08/2026,Bundesliga / Championship / LaLiga / LaLiga 2 / Ligue 1 / Ligue 2 / MLS / Premier League
smt_cadres_ext,ext,Vizela,0.9006,0.8771,2.0973,8590,311,8,25.0,0.07,02/08/2024 - 01/08/2026,Bundesliga / Championship / LaLiga / LaLiga 2 / Ligue 1 / Ligue 2 / MLS / Premier League
smt_cadres_ext,ext,Sankt Pauli,0.8462,1.2263,2.0973,8590,311,8,25.0,0.07,02/08/2024 - 01/08/2026,Bundesliga / Championship / LaLiga / LaLiga 2 / Ligue 1 / Ligue 2 / MLS / Premier League
smt_cadres_ext,ext,Grenade,0.921,0.9357,2.0973,8590,311,8,25.0,0.07,02/08/2024 - 01/08/2026,Bundesliga / Championship / LaLiga / LaLiga 2 / Ligue 1 / Ligue 2 / MLS / Premier League
smt_cadres_ext,ext,Bochum,1.0244,0.9381,2.0973,8590,311,8,25.0,0.07,02/08/2024 - 01/08/2026,Bundesliga / Championship / LaLiga / LaLiga 2 / Ligue 1 / Ligue 2 / MLS / Premier League
smt_cadres_ext,ext,Chaves,0.9004,0.8575,2.0973,8590,311,8,25.0,0.07,02/08/2024 - 01/08/2026,Bundesliga / Championship / LaLiga / LaLiga 2 / Ligue 1 / Ligue 2 / MLS / Premier League
smt_cadres_ext,ext,Leganes,1.0399,1.0762,2.0973,8590,311,8,25.0,0.07,02/08/2024 - 01/08/2026,Bundesliga / Championship / LaLiga / LaLiga 2 / Ligue 1 / Ligue 2 / MLS / Premier League
smt_cadres_ext,ext,Chicago Fire,1.2645,1.0539,2.0973,8590,311,8,25.0,0.07,02/08/2024 - 01/08/2026,Bundesliga / Championship / LaLiga / LaLiga 2 / Ligue 1 / Ligue 2 / MLS / Premier League
smt_cadres_ext,ext,Palerme,1.0282,0.9593,2.0973,8590,311,8,25.0,0.07,02/08/2024 - 01/08/2026,Bundesliga / Championship / LaLiga / LaLiga 2 / Ligue 1 / Ligue 2 / MLS / Premier League
smt_cadres_ext,ext,Famalicão,1.0276,0.9304,2.0973,8590,311,8,25.0,0.07,02/08/2024 - 01/08/2026,Bundesliga / Championship / LaLiga / LaLiga 2 / Ligue 1 / Ligue 2 / MLS / Premier League
smt_cadres_ext,ext,Mafra,0.8996,0.9998,2.0973,8590,311,8,25.0,0.07,02/08/2024 - 01/08/2026,Bundesliga / Championship / LaLiga / LaLiga 2 / Ligue 1 / Ligue 2 / MLS / Premier League
smt_cadres_ext,ext,Birmingham,0.7937,0.7749,2.0973,8590,311,8,25.0,0.07,02/08/2024 - 01/08/2026,Bundesliga / Championship / LaLiga / LaLiga 2 / Ligue 1 / Ligue 2 / MLS / Premier League
smt_cadres_ext,ext,Levante,1.0253,0.8807,2.0973,8590,311,8,25.0,0.07,02/08/2024 - 01/08/2026,Bundesliga / Championship / LaLiga / LaLiga 2 / Ligue 1 / Ligue 2 / MLS / Premier League
smt_cadres_ext,ext,Rennes,1.0279,0.9675,2.0973,8590,311,8,25.0,0.07,02/08/2024 - 01/08/2026,Bundesliga / Championship / LaLiga / LaLiga 2 / Ligue 1 / Ligue 2 / MLS / Premier League
smt_cadres_ext,ext,Real Salt Lake,1.2519,1.0866,2.0973,8590,311,8,25.0,0.07,02/08/2024 - 01/08/2026,Bundesliga / Championship / LaLiga / LaLiga 2 / Ligue 1 / Ligue 2 / MLS / Premier League
smt_cadres_ext,ext,Mirandés,0.9357,0.9843,2.0973,8590,311,8,25.0,0.07,02/08/2024 - 01/08/2026,Bundesliga / Championship / LaLiga / LaLiga 2 / Ligue 1 / Ligue 2 / MLS / Premier League
smt_cadres_ext,ext,Salernitana,0.9271,0.7889,2.0973,8590,311,8,25.0,0.07,02/08/2024 - 01/08/2026,Bundesliga / Championship / LaLiga / LaLiga 2 / Ligue 1 / Ligue 2 / MLS / Premier League
smt_cadres_ext,ext,Villarreal,0.9993,0.9051,2.0973,8590,311,8,25.0,0.07,02/08/2024 - 01/08/2026,Bundesliga / Championship / LaLiga / LaLiga 2 / Ligue 1 / Ligue 2 / MLS / Premier League
smt_cadres_ext,ext,Inter,1.1356,0.8865,2.0973,8590,311,8,25.0,0.07,02/08/2024 - 01/08/2026,Bundesliga / Championship / LaLiga / LaLiga 2 / Ligue 1 / Ligue 2 / MLS / Premier League
smt_cadres_ext,ext,Südtirol,0.93,0.8798,2.0973,8590,311,8,25.0,0.07,02/08/2024 - 01/08/2026,Bundesliga / Championship / LaLiga / LaLiga 2 / Ligue 1 / Ligue 2 / MLS / Premier League
smt_cadres_ext,ext,Étienne - EA Guingamp,1.1538,1.0,2.0973,8590,311,8,25.0,0.07,02/08/2024 - 01/08/2026,Bundesliga / Championship / LaLiga / LaLiga 2 / Ligue 1 / Ligue 2 / MLS / Premier League
smt_cadres_ext,ext,Calcio Padova,0.9176,1.1573,2.0973,8590,311,8,25.0,0.07,02/08/2024 - 01/08/2026,Bundesliga / Championship / LaLiga / LaLiga 2 / Ligue 1 / Ligue 2 / MLS / Premier League
smt_cadres_ext,ext,Brentford,0.9867,1.058,2.0973,8590,311,8,25.0,0.07,02/08/2024 - 01/08/2026,Bundesliga / Championship / LaLiga / LaLiga 2 / Ligue 1 / Ligue 2 / MLS / Premier League
smt_cadres_ext,ext,Chelsea,1.1977,1.0539,2.0973,8590,311,8,25.0,0.07,02/08/2024 - 01/08/2026,Bundesliga / Championship / LaLiga / LaLiga 2 / Ligue 1 / Ligue 2 / MLS / Premier League
smt_cadres_ext,ext,FC Andorra,1.2157,0.7432,2.0973,8590,311,8,25.0,0.07,02/08/2024 - 01/08/2026,Bundesliga / Championship / LaLiga / LaLiga 2 / Ligue 1 / Ligue 2 / MLS / Premier League
smt_cadres_ext,ext,Everton,0.8833,1.0529,2.0973,8590,311,8,25.0,0.07,02/08/2024 - 01/08/2026,Bundesliga / Championship / LaLiga / LaLiga 2 / Ligue 1 / Ligue 2 / MLS / Premier League
smt_cadres_ext,ext,Houston,1.0093,1.0212,2.0973,8590,311,8,25.0,0.07,02/08/2024 - 01/08/2026,Bundesliga / Championship / LaLiga / LaLiga 2 / Ligue 1 / Ligue 2 / MLS / Premier League
smt_cadres_ext,ext,Maritimo,0.9548,0.8936,2.0973,8590,311,8,25.0,0.07,02/08/2024 - 01/08/2026,Bundesliga / Championship / LaLiga / LaLiga 2 / Ligue 1 / Ligue 2 / MLS / Premier League
smt_cadres_ext,ext,R. Sociedad II,1.0918,1.0394,2.0973,8590,311,8,25.0,0.07,02/08/2024 - 01/08/2026,Bundesliga / Championship / LaLiga / LaLiga 2 / Ligue 1 / Ligue 2 / MLS / Premier League
smt_cadres_ext,ext,Real Valladolid,0.7747,0.8419,2.0973,8590,311,8,25.0,0.07,02/08/2024 - 01/08/2026,Bundesliga / Championship / LaLiga / LaLiga 2 / Ligue 1 / Ligue 2 / MLS / Premier League
smt_cadres_ext,ext,FC Porto,1.2494,0.7724,2.0973,8590,311,8,25.0,0.07,02/08/2024 - 01/08/2026,Bundesliga / Championship / LaLiga / LaLiga 2 / Ligue 1 / Ligue 2 / MLS / Premier League
smt_cadres_ext,ext,Not. Forest,1.1165,1.2204,2.0973,8590,311,8,25.0,0.07,02/08/2024 - 01/08/2026,Bundesliga / Championship / LaLiga / LaLiga 2 / Ligue 1 / Ligue 2 / MLS / Premier League
smt_cadres_ext,ext,Getafe,0.9033,0.8849,2.0973,8590,311,8,25.0,0.07,02/08/2024 - 01/08/2026,Bundesliga / Championship / LaLiga / LaLiga 2 / Ligue 1 / Ligue 2 / MLS / Premier League
smt_cadres_ext,ext,Juve Stabia,0.8351,0.9555,2.0973,8590,311,8,25.0,0.07,02/08/2024 - 01/08/2026,Bundesliga / Championship / LaLiga / LaLiga 2 / Ligue 1 / Ligue 2 / MLS / Premier League
smt_cadres_ext,ext,Almería,1.1751,1.126,2.0973,8590,311,8,25.0,0.07,02/08/2024 - 01/08/2026,Bundesliga / Championship / LaLiga / LaLiga 2 / Ligue 1 / Ligue 2 / MLS / Premier League
smt_cadres_ext,ext,Bristol City,1.0418,1.1305,2.0973,8590,311,8,25.0,0.07,02/08/2024 - 01/08/2026,Bundesliga / Championship / LaLiga / LaLiga 2 / Ligue 1 / Ligue 2 / MLS / Premier League
smt_cadres_ext,ext,Celta Vigo,0.9815,0.9298,2.0973,8590,311,8,25.0,0.07,02/08/2024 - 01/08/2026,Bundesliga / Championship / LaLiga / LaLiga 2 / Ligue 1 / Ligue 2 / MLS / Premier League
smt_cadres_ext,ext,Clermont,0.8202,0.9651,2.0973,8590,311,8,25.0,0.07,02/08/2024 - 01/08/2026,Bundesliga / Championship / LaLiga / LaLiga 2 / Ligue 1 / Ligue 2 / MLS / Premier League
smt_cadres_ext,ext,USL Dunkerque,1.0124,0.8599,2.0973,8590,311,8,25.0,0.07,02/08/2024 - 01/08/2026,Bundesliga / Championship / LaLiga / LaLiga 2 / Ligue 1 / Ligue 2 / MLS / Premier League
smt_cadres_ext,ext,N. Madeira,1.0276,1.1094,2.0973,8590,311,8,25.0,0.07,02/08/2024 - 01/08/2026,Bundesliga / Championship / LaLiga / LaLiga 2 / Ligue 1 / Ligue 2 / MLS / Premier League
smt_cadres_ext,ext,Uniao de Leiria,1.0419,0.9986,2.0973,8590,311,8,25.0,0.07,02/08/2024 - 01/08/2026,Bundesliga / Championship / LaLiga / LaLiga 2 / Ligue 1 / Ligue 2 / MLS / Premier League
smt_cadres_ext,ext,Lille,1.1262,0.902,2.0973,8590,311,8,25.0,0.07,02/08/2024 - 01/08/2026,Bundesliga / Championship / LaLiga / LaLiga 2 / Ligue 1 / Ligue 2 / MLS / Premier League
smt_cadres_ext,ext,Braga,1.2373,0.9327,2.0973,8590,311,8,25.0,0.07,02/08/2024 - 01/08/2026,Bundesliga / Championship / LaLiga / LaLiga 2 / Ligue 1 / Ligue 2 / MLS / Premier League
smt_cadres_ext,ext,S. Sounders,1.1883,0.9158,2.0973,8590,311,8,25.0,0.07,02/08/2024 - 01/08/2026,Bundesliga / Championship / LaLiga / LaLiga 2 / Ligue 1 / Ligue 2 / MLS / Premier League
smt_cadres_ext,ext,Lourosa,0.7611,1.0851,2.0973,8590,311,8,25.0,0.07,02/08/2024 - 01/08/2026,Bundesliga / Championship / LaLiga / LaLiga 2 / Ligue 1 / Ligue 2 / MLS / Premier League
smt_cadres_ext,ext,Colorado,0.7441,1.0751,2.0973,8590,311,8,25.0,0.07,02/08/2024 - 01/08/2026,Bundesliga / Championship / LaLiga / LaLiga 2 / Ligue 1 / Ligue 2 / MLS / Premier League
smt_cadres_ext,ext,Albacete,1.0383,1.0993,2.0973,8590,311,8,25.0,0.07,02/08/2024 - 01/08/2026,Bundesliga / Championship / LaLiga / LaLiga 2 / Ligue 1 / Ligue 2 / MLS / Premier League
smt_cadres_ext,ext,Blackburn,0.8392,0.9276,2.0973,8590,311,8,25.0,0.07,02/08/2024 - 01/08/2026,Bundesliga / Championship / LaLiga / LaLiga 2 / Ligue 1 / Ligue 2 / MLS / Premier League
smt_cadres_ext,ext,Troyes,1.0525,0.8209,2.0973,8590,311,8,25.0,0.07,02/08/2024 - 01/08/2026,Bundesliga / Championship / LaLiga / LaLiga 2 / Ligue 1 / Ligue 2 / MLS / Premier League
smt_cadres_ext,ext,Étienne - Montpellier,0.8952,1.0,2.0973,8590,311,8,25.0,0.07,02/08/2024 - 01/08/2026,Bundesliga / Championship / LaLiga / LaLiga 2 / Ligue 1 / Ligue 2 / MLS / Premier League
smt_cadres_ext,ext,Saint,1.0,0.9942,2.0973,8590,311,8,25.0,0.07,02/08/2024 - 01/08/2026,Bundesliga / Championship / LaLiga / LaLiga 2 / Ligue 1 / Ligue 2 / MLS / Premier League
smt_cadres_ext,ext,P. Münster,0.9675,1.1564,2.0973,8590,311,8,25.0,0.07,02/08/2024 - 01/08/2026,Bundesliga / Championship / LaLiga / LaLiga 2 / Ligue 1 / Ligue 2 / MLS / Premier League
smt_cadres_ext,ext,Rodez,0.9112,0.8851,2.0973,8590,311,8,25.0,0.07,02/08/2024 - 01/08/2026,Bundesliga / Championship / LaLiga / LaLiga 2 / Ligue 1 / Ligue 2 / MLS / Premier League
smt_cadres_ext,ext,SM Caen,1.0778,1.1467,2.0973,8590,311,8,25.0,0.07,02/08/2024 - 01/08/2026,Bundesliga / Championship / LaLiga / LaLiga 2 / Ligue 1 / Ligue 2 / MLS / Premier League
smt_cadres_ext,ext,Naples,0.8217,0.7206,2.0973,8590,311,8,25.0,0.07,02/08/2024 - 01/08/2026,Bundesliga / Championship / LaLiga / LaLiga 2 / Ligue 1 / Ligue 2 / MLS / Premier League
smt_cadres_ext,ext,Bournemouth,1.264,0.9061,2.0973,8590,311,8,25.0,0.07,02/08/2024 - 01/08/2026,Bundesliga / Championship / LaLiga / LaLiga 2 / Ligue 1 / Ligue 2 / MLS / Premier League
smt_cadres_ext,ext,Newcastle,0.8321,1.2979,2.0973,8590,311,8,25.0,0.07,02/08/2024 - 01/08/2026,Bundesliga / Championship / LaLiga / LaLiga 2 / Ligue 1 / Ligue 2 / MLS / Premier League
smt_cadres_ext,ext,Étienne - Angers,0.9948,1.0,2.0973,8590,311,8,25.0,0.07,02/08/2024 - 01/08/2026,Bundesliga / Championship / LaLiga / LaLiga 2 / Ligue 1 / Ligue 2 / MLS / Premier League
smt_cadres_ext,ext,West Ham,1.0511,1.2226,2.0973,8590,311,8,25.0,0.07,02/08/2024 - 01/08/2026,Bundesliga / Championship / LaLiga / LaLiga 2 / Ligue 1 / Ligue 2 / MLS / Premier League
smt_cadres_ext,ext,Milan,1.2193,0.9181,2.0973,8590,311,8,25.0,0.07,02/08/2024 - 01/08/2026,Bundesliga / Championship / LaLiga / LaLiga 2 / Ligue 1 / Ligue 2 / MLS / Premier League
smt_cadres_ext,ext,SC Bastia,0.9874,0.7009,2.0973,8590,311,8,25.0,0.07,02/08/2024 - 01/08/2026,Bundesliga / Championship / LaLiga / LaLiga 2 / Ligue 1 / Ligue 2 / MLS / Premier League
smt_cadres_ext,ext,Karlsruher,0.9111,1.2851,2.0973,8590,311,8,25.0,0.07,02/08/2024 - 01/08/2026,Bundesliga / Championship / LaLiga / LaLiga 2 / Ligue 1 / Ligue 2 / MLS / Premier League
smt_cadres_ext,ext,Angers,0.7991,1.374,2.0973,8590,311,8,25.0,0.07,02/08/2024 - 01/08/2026,Bundesliga / Championship / LaLiga / LaLiga 2 / Ligue 1 / Ligue 2 / MLS / Premier League
smt_cadres_ext,ext,Spezia,1.0538,0.8671,2.0973,8590,311,8,25.0,0.07,02/08/2024 - 01/08/2026,Bundesliga / Championship / LaLiga / LaLiga 2 / Ligue 1 / Ligue 2 / MLS / Premier League
smt_cadres_ext,ext,D. Dresde,1.0897,0.984,2.0973,8590,311,8,25.0,0.07,02/08/2024 - 01/08/2026,Bundesliga / Championship / LaLiga / LaLiga 2 / Ligue 1 / Ligue 2 / MLS / Premier League
smt_cadres_ext,ext,Monza,1.0063,0.9921,2.0973,8590,311,8,25.0,0.07,02/08/2024 - 01/08/2026,Bundesliga / Championship / LaLiga / LaLiga 2 / Ligue 1 / Ligue 2 / MLS / Premier League
smt_cadres_ext,ext,Fulham,0.9588,1.0235,2.0973,8590,311,8,25.0,0.07,02/08/2024 - 01/08/2026,Bundesliga / Championship / LaLiga / LaLiga 2 / Ligue 1 / Ligue 2 / MLS / Premier League
smt_cadres_ext,ext,Los Angeles,1.2132,0.9937,2.0973,8590,311,8,25.0,0.07,02/08/2024 - 01/08/2026,Bundesliga / Championship / LaLiga / LaLiga 2 / Ligue 1 / Ligue 2 / MLS / Premier League
smt_cadres_ext,ext,Santa Clara,0.908,0.7971,2.0973,8590,311,8,25.0,0.07,02/08/2024 - 01/08/2026,Bundesliga / Championship / LaLiga / LaLiga 2 / Ligue 1 / Ligue 2 / MLS / Premier League
smt_cadres_ext,ext,Valence,0.949,0.9245,2.0973,8590,311,8,25.0,0.07,02/08/2024 - 01/08/2026,Bundesliga / Championship / LaLiga / LaLiga 2 / Ligue 1 / Ligue 2 / MLS / Premier League
smt_cadres_ext,ext,Hambourg,1.1557,1.0184,2.0973,8590,311,8,25.0,0.07,02/08/2024 - 01/08/2026,Bundesliga / Championship / LaLiga / LaLiga 2 / Ligue 1 / Ligue 2 / MLS / Premier League
smt_cadres_ext,ext,Hellas Verone,0.9301,1.0772,2.0973,8590,311,8,25.0,0.07,02/08/2024 - 01/08/2026,Bundesliga / Championship / LaLiga / LaLiga 2 / Ligue 1 / Ligue 2 / MLS / Premier League
smt_cadres_ext,ext,Toronto,0.9423,1.2885,2.0973,8590,311,8,25.0,0.07,02/08/2024 - 01/08/2026,Bundesliga / Championship / LaLiga / LaLiga 2 / Ligue 1 / Ligue 2 / MLS / Premier League
smt_cadres_ext,ext,Catanzaro,0.9481,0.7685,2.0973,8590,311,8,25.0,0.07,02/08/2024 - 01/08/2026,Bundesliga / Championship / LaLiga / LaLiga 2 / Ligue 1 / Ligue 2 / MLS / Premier League
smt_cadres_ext,ext,Moreirense,0.8704,1.0519,2.0973,8590,311,8,25.0,0.07,02/08/2024 - 01/08/2026,Bundesliga / Championship / LaLiga / LaLiga 2 / Ligue 1 / Ligue 2 / MLS / Premier League
smt_cadres_ext,ext,Lorient,1.17,0.8585,2.0973,8590,311,8,25.0,0.07,02/08/2024 - 01/08/2026,Bundesliga / Championship / LaLiga / LaLiga 2 / Ligue 1 / Ligue 2 / MLS / Premier League
smt_cadres_ext,ext,Étienne - Nancy,0.9419,1.0,2.0973,8590,311,8,25.0,0.07,02/08/2024 - 01/08/2026,Bundesliga / Championship / LaLiga / LaLiga 2 / Ligue 1 / Ligue 2 / MLS / Premier League
smt_cadres_ext,ext,Greuther Fürth,1.1584,1.1426,2.0973,8590,311,8,25.0,0.07,02/08/2024 - 01/08/2026,Bundesliga / Championship / LaLiga / LaLiga 2 / Ligue 1 / Ligue 2 / MLS / Premier League
smt_cadres_ext,ext,Frosinone,1.1276,0.9202,2.0973,8590,311,8,25.0,0.07,02/08/2024 - 01/08/2026,Bundesliga / Championship / LaLiga / LaLiga 2 / Ligue 1 / Ligue 2 / MLS / Premier League
smt_cadres_ext,ext,Rome,1.0546,0.93,2.0973,8590,311,8,25.0,0.07,02/08/2024 - 01/08/2026,Bundesliga / Championship / LaLiga / LaLiga 2 / Ligue 1 / Ligue 2 / MLS / Premier League
smt_cadres_ext,ext,Carthagène,0.9677,1.2571,2.0973,8590,311,8,25.0,0.07,02/08/2024 - 01/08/2026,Bundesliga / Championship / LaLiga / LaLiga 2 / Ligue 1 / Ligue 2 / MLS / Premier League
smt_cadres_ext,ext,M'gladbach,1.1396,1.2385,2.0973,8590,311,8,25.0,0.07,02/08/2024 - 01/08/2026,Bundesliga / Championship / LaLiga / LaLiga 2 / Ligue 1 / Ligue 2 / MLS / Premier League
smt_cadres_ext,ext,Ath. Bilbao,1.0113,0.9313,2.0973,8590,311,8,25.0,0.07,02/08/2024 - 01/08/2026,Bundesliga / Championship / LaLiga / LaLiga 2 / Ligue 1 / Ligue 2 / MLS / Premier League
smt_cadres_ext,ext,Estrela,0.8499,1.1006,2.0973,8590,311,8,25.0,0.07,02/08/2024 - 01/08/2026,Bundesliga / Championship / LaLiga / LaLiga 2 / Ligue 1 / Ligue 2 / MLS / Premier League
smt_cadres_ext,ext,Hull City,1.0701,0.9814,2.0973,8590,311,8,25.0,0.07,02/08/2024 - 01/08/2026,Bundesliga / Championship / LaLiga / LaLiga 2 / Ligue 1 / Ligue 2 / MLS / Premier League
smt_cadres_ext,ext,Nuremberg,1.1926,1.0142,2.0973,8590,311,8,25.0,0.07,02/08/2024 - 01/08/2026,Bundesliga / Championship / LaLiga / LaLiga 2 / Ligue 1 / Ligue 2 / MLS / Premier League
smt_cadres_ext,ext,Hanovre,1.0744,1.1505,2.0973,8590,311,8,25.0,0.07,02/08/2024 - 01/08/2026,Bundesliga / Championship / LaLiga / LaLiga 2 / Ligue 1 / Ligue 2 / MLS / Premier League
smt_cadres_ext,ext,Paderborn,1.2555,1.0608,2.0973,8590,311,8,25.0,0.07,02/08/2024 - 01/08/2026,Bundesliga / Championship / LaLiga / LaLiga 2 / Ligue 1 / Ligue 2 / MLS / Premier League
smt_cadres_ext,ext,AJ Auxerre,0.8787,1.0858,2.0973,8590,311,8,25.0,0.07,02/08/2024 - 01/08/2026,Bundesliga / Championship / LaLiga / LaLiga 2 / Ligue 1 / Ligue 2 / MLS / Premier League
smt_cadres_ext,ext,Étienne - Troyes,1.1008,1.0,2.0973,8590,311,8,25.0,0.07,02/08/2024 - 01/08/2026,Bundesliga / Championship / LaLiga / LaLiga 2 / Ligue 1 / Ligue 2 / MLS / Premier League
smt_cadres_ext,ext,Millwall,1.0116,0.9575,2.0973,8590,311,8,25.0,0.07,02/08/2024 - 01/08/2026,Bundesliga / Championship / LaLiga / LaLiga 2 / Ligue 1 / Ligue 2 / MLS / Premier League
smt_cadres_ext,ext,Gérone,0.9953,1.0045,2.0973,8590,311,8,25.0,0.07,02/08/2024 - 01/08/2026,Bundesliga / Championship / LaLiga / LaLiga 2 / Ligue 1 / Ligue 2 / MLS / Premier League
smt_cadres_ext,ext,Düsseldorf,0.9656,1.2695,2.0973,8590,311,8,25.0,0.07,02/08/2024 - 01/08/2026,Bundesliga / Championship / LaLiga / LaLiga 2 / Ligue 1 / Ligue 2 / MLS / Premier League
smt_cadres_ext,ext,Bayern Munich,1.9739,0.9013,2.0973,8590,311,8,25.0,0.07,02/08/2024 - 01/08/2026,Bundesliga / Championship / LaLiga / LaLiga 2 / Ligue 1 / Ligue 2 / MLS / Premier League
smt_cadres_ext,ext,Ipswich Town,1.1644,0.9764,2.0973,8590,311,8,25.0,0.07,02/08/2024 - 01/08/2026,Bundesliga / Championship / LaLiga / LaLiga 2 / Ligue 1 / Ligue 2 / MLS / Premier League
smt_cadres_ext,ext,Real Madrid,1.2469,0.9289,2.0973,8590,311,8,25.0,0.07,02/08/2024 - 01/08/2026,Bundesliga / Championship / LaLiga / LaLiga 2 / Ligue 1 / Ligue 2 / MLS / Premier League
smt_cadres_ext,ext,Elversberg,1.3171,1.0324,2.0973,8590,311,8,25.0,0.07,02/08/2024 - 01/08/2026,Bundesliga / Championship / LaLiga / LaLiga 2 / Ligue 1 / Ligue 2 / MLS / Premier League
smt_cadres_ext,ext,Étienne - USL Dunkerque,0.8889,1.0,2.0973,8590,311,8,25.0,0.07,02/08/2024 - 01/08/2026,Bundesliga / Championship / LaLiga / LaLiga 2 / Ligue 1 / Ligue 2 / MLS / Premier League
smt_cadres_ext,ext,Mayence,1.1077,1.1019,2.0973,8590,311,8,25.0,0.07,02/08/2024 - 01/08/2026,Bundesliga / Championship / LaLiga / LaLiga 2 / Ligue 1 / Ligue 2 / MLS / Premier League
smt_cadres_ext,ext,Magdebourg,1.3196,1.0337,2.0973,8590,311,8,25.0,0.07,02/08/2024 - 01/08/2026,Bundesliga / Championship / LaLiga / LaLiga 2 / Ligue 1 / Ligue 2 / MLS / Premier League
smt_cadres_ext,ext,Tottenham,1.0828,0.9884,2.0973,8590,311,8,25.0,0.07,02/08/2024 - 01/08/2026,Bundesliga / Championship / LaLiga / LaLiga 2 / Ligue 1 / Ligue 2 / MLS / Premier League
smt_cadres_ext,ext,Watford,0.9965,0.9601,2.0973,8590,311,8,25.0,0.07,02/08/2024 - 01/08/2026,Bundesliga / Championship / LaLiga / LaLiga 2 / Ligue 1 / Ligue 2 / MLS / Premier League
smt_cadres_ext,ext,Rio Ave,0.9092,1.1749,2.0973,8590,311,8,25.0,0.07,02/08/2024 - 01/08/2026,Bundesliga / Championship / LaLiga / LaLiga 2 / Ligue 1 / Ligue 2 / MLS / Premier League
smt_cadres_ext,ext,Sheffield Utd,1.0338,0.9148,2.0973,8590,311,8,25.0,0.07,02/08/2024 - 01/08/2026,Bundesliga / Championship / LaLiga / LaLiga 2 / Ligue 1 / Ligue 2 / MLS / Premier League
smt_cadres_ext,ext,Nashville SC,1.0342,1.0923,2.0973,8590,311,8,25.0,0.07,02/08/2024 - 01/08/2026,Bundesliga / Championship / LaLiga / LaLiga 2 / Ligue 1 / Ligue 2 / MLS / Premier League
smt_cadres_ext,ext,Ratisbonne,0.7543,0.9883,2.0973,8590,311,8,25.0,0.07,02/08/2024 - 01/08/2026,Bundesliga / Championship / LaLiga / LaLiga 2 / Ligue 1 / Ligue 2 / MLS / Premier League
smt_cadres_ext,ext,St. Lavallois,0.7396,1.085,2.0973,8590,311,8,25.0,0.07,02/08/2024 - 01/08/2026,Bundesliga / Championship / LaLiga / LaLiga 2 / Ligue 1 / Ligue 2 / MLS / Premier League
smt_cadres_ext,ext,Oxford Utd,0.6486,0.8856,2.0973,8590,311,8,25.0,0.07,02/08/2024 - 01/08/2026,Bundesliga / Championship / LaLiga / LaLiga 2 / Ligue 1 / Ligue 2 / MLS / Premier League
smt_cadres_ext,ext,Annecy,0.8708,0.912,2.0973,8590,311,8,25.0,0.07,02/08/2024 - 01/08/2026,Bundesliga / Championship / LaLiga / LaLiga 2 / Ligue 1 / Ligue 2 / MLS / Premier League
smt_cadres_ext,ext,Elche,0.8209,1.0577,2.0973,8590,311,8,25.0,0.07,02/08/2024 - 01/08/2026,Bundesliga / Championship / LaLiga / LaLiga 2 / Ligue 1 / Ligue 2 / MLS / Premier League
smt_cadres_ext,ext,Cesena,0.8977,1.0219,2.0973,8590,311,8,25.0,0.07,02/08/2024 - 01/08/2026,Bundesliga / Championship / LaLiga / LaLiga 2 / Ligue 1 / Ligue 2 / MLS / Premier League
smt_cadres_ext,ext,Arouca,0.9289,1.0775,2.0973,8590,311,8,25.0,0.07,02/08/2024 - 01/08/2026,Bundesliga / Championship / LaLiga / LaLiga 2 / Ligue 1 / Ligue 2 / MLS / Premier League
smt_cadres_ext,ext,Havre AC,0.9038,0.992,2.0973,8590,311,8,25.0,0.07,02/08/2024 - 01/08/2026,Bundesliga / Championship / LaLiga / LaLiga 2 / Ligue 1 / Ligue 2 / MLS / Premier League
smt_cadres_ext,ext,Bologne,0.9109,0.8466,2.0973,8590,311,8,25.0,0.07,02/08/2024 - 01/08/2026,Bundesliga / Championship / LaLiga / LaLiga 2 / Ligue 1 / Ligue 2 / MLS / Premier League
smt_cadres_ext,ext,Mantoue,0.9898,0.9858,2.0973,8590,311,8,25.0,0.07,02/08/2024 - 01/08/2026,Bundesliga / Championship / LaLiga / LaLiga 2 / Ligue 1 / Ligue 2 / MLS / Premier League
smt_cadres_ext,ext,Red Star,0.9937,1.0057,2.0973,8590,311,8,25.0,0.07,02/08/2024 - 01/08/2026,Bundesliga / Championship / LaLiga / LaLiga 2 / Ligue 1 / Ligue 2 / MLS / Premier League
smt_cadres_ext,ext,Montpellier,0.9061,1.0757,2.0973,8590,311,8,25.0,0.07,02/08/2024 - 01/08/2026,Bundesliga / Championship / LaLiga / LaLiga 2 / Ligue 1 / Ligue 2 / MLS / Premier League
smt_cadres_ext,ext,Southampton,1.086,1.1319,2.0973,8590,311,8,25.0,0.07,02/08/2024 - 01/08/2026,Bundesliga / Championship / LaLiga / LaLiga 2 / Ligue 1 / Ligue 2 / MLS / Premier League
smt_cadres_ext,ext,Alavés,0.9397,1.0713,2.0973,8590,311,8,25.0,0.07,02/08/2024 - 01/08/2026,Bundesliga / Championship / LaLiga / LaLiga 2 / Ligue 1 / Ligue 2 / MLS / Premier League
smt_cadres_ext,ext,Étienne - Havre AC,1.1008,1.0,2.0973,8590,311,8,25.0,0.07,02/08/2024 - 01/08/2026,Bundesliga / Championship / LaLiga / LaLiga 2 / Ligue 1 / Ligue 2 / MLS / Premier League
smt_cadres_ext,ext,Étienne - Pau,0.9419,1.0,2.0973,8590,311,8,25.0,0.07,02/08/2024 - 01/08/2026,Bundesliga / Championship / LaLiga / LaLiga 2 / Ligue 1 / Ligue 2 / MLS / Premier League
smt_cadres_ext,ext,Austin,0.7935,1.0615,2.0973,8590,311,8,25.0,0.07,02/08/2024 - 01/08/2026,Bundesliga / Championship / LaLiga / LaLiga 2 / Ligue 1 / Ligue 2 / MLS / Premier League
smt_cadres_ext,ext,Liverpool,1.2701,0.8801,2.0973,8590,311,8,25.0,0.07,02/08/2024 - 01/08/2026,Bundesliga / Championship / LaLiga / LaLiga 2 / Ligue 1 / Ligue 2 / MLS / Premier League
smt_cadres_ext,ext,Tondela,0.9968,1.0098,2.0973,8590,311,8,25.0,0.07,02/08/2024 - 01/08/2026,Bundesliga / Championship / LaLiga / LaLiga 2 / Ligue 1 / Ligue 2 / MLS / Premier League
smt_cadres_ext,ext,Étienne - Nice,0.8952,1.0,2.0973,8590,311,8,25.0,0.07,02/08/2024 - 01/08/2026,Bundesliga / Championship / LaLiga / LaLiga 2 / Ligue 1 / Ligue 2 / MLS / Premier League
smt_cadres_ext,ext,Lyon,1.1119,1.1341,2.0973,8590,311,8,25.0,0.07,02/08/2024 - 01/08/2026,Bundesliga / Championship / LaLiga / LaLiga 2 / Ligue 1 / Ligue 2 / MLS / Premier League
smt_cadres_ext,ext,Cincinnati,1.0476,1.252,2.0973,8590,311,8,25.0,0.07,02/08/2024 - 01/08/2026,Bundesliga / Championship / LaLiga / LaLiga 2 / Ligue 1 / Ligue 2 / MLS / Premier League
smt_cadres_ext,ext,Barcelone,1.3854,0.6943,2.0973,8590,311,8,25.0,0.07,02/08/2024 - 01/08/2026,Bundesliga / Championship / LaLiga / LaLiga 2 / Ligue 1 / Ligue 2 / MLS / Premier League
smt_cadres_ext,ext,Bari,0.7611,1.1678,2.0973,8590,311,8,25.0,0.07,02/08/2024 - 01/08/2026,Bundesliga / Championship / LaLiga / LaLiga 2 / Ligue 1 / Ligue 2 / MLS / Premier League
smt_cadres_ext,ext,Étienne - Rennes,1.2597,1.0,2.0973,8590,311,8,25.0,0.07,02/08/2024 - 01/08/2026,Bundesliga / Championship / LaLiga / LaLiga 2 / Ligue 1 / Ligue 2 / MLS / Premier League
smt_cadres_ext,ext,Dallas,1.0012,1.1769,2.0973,8590,311,8,25.0,0.07,02/08/2024 - 01/08/2026,Bundesliga / Championship / LaLiga / LaLiga 2 / Ligue 1 / Ligue 2 / MLS / Premier League
smt_cadres_ext,ext,Udinese,1.0771,0.9217,2.0973,8590,311,8,25.0,0.07,02/08/2024 - 01/08/2026,Bundesliga / Championship / LaLiga / LaLiga 2 / Ligue 1 / Ligue 2 / MLS / Premier League
smt_cadres_ext,ext,Carrarese,0.9535,0.9541,2.0973,8590,311,8,25.0,0.07,02/08/2024 - 01/08/2026,Bundesliga / Championship / LaLiga / LaLiga 2 / Ligue 1 / Ligue 2 / MLS / Premier League
smt_cadres_ext,ext,Atlanta Utd,0.9428,1.174,2.0973,8590,311,8,25.0,0.07,02/08/2024 - 01/08/2026,Bundesliga / Championship / LaLiga / LaLiga 2 / Ligue 1 / Ligue 2 / MLS / Premier League
smt_cadres_ext,ext,Grenoble Foot,1.0621,1.0531,2.0973,8590,311,8,25.0,0.07,02/08/2024 - 01/08/2026,Bundesliga / Championship / LaLiga / LaLiga 2 / Ligue 1 / Ligue 2 / MLS / Premier League
smt_cadres_ext,ext,Boavista,0.9543,1.1906,2.0973,8590,311,8,25.0,0.07,02/08/2024 - 01/08/2026,Bundesliga / Championship / LaLiga / LaLiga 2 / Ligue 1 / Ligue 2 / MLS / Premier League
smt_cadres_ext,ext,Penafiel,0.7332,1.0318,2.0973,8590,311,8,25.0,0.07,02/08/2024 - 01/08/2026,Bundesliga / Championship / LaLiga / LaLiga 2 / Ligue 1 / Ligue 2 / MLS / Premier League
smt_cadres_ext,ext,Santander,1.0547,1.119,2.0973,8590,311,8,25.0,0.07,02/08/2024 - 01/08/2026,Bundesliga / Championship / LaLiga / LaLiga 2 / Ligue 1 / Ligue 2 / MLS / Premier League
smt_cadres_ext,ext,NY Red Bulls,1.0535,1.2004,2.0973,8590,311,8,25.0,0.07,02/08/2024 - 01/08/2026,Bundesliga / Championship / LaLiga / LaLiga 2 / Ligue 1 / Ligue 2 / MLS / Premier League
smt_cadres_ext,ext,Pau,0.9857,1.0493,2.0973,8590,311,8,25.0,0.07,02/08/2024 - 01/08/2026,Bundesliga / Championship / LaLiga / LaLiga 2 / Ligue 1 / Ligue 2 / MLS / Premier League
smt_cadres_ext,ext,St. Louis,0.9321,0.8603,2.0973,8590,311,8,25.0,0.07,02/08/2024 - 01/08/2026,Bundesliga / Championship / LaLiga / LaLiga 2 / Ligue 1 / Ligue 2 / MLS / Premier League
smt_cadres_ext,ext,Cardiff,0.8157,1.1036,2.0973,8590,311,8,25.0,0.07,02/08/2024 - 01/08/2026,Bundesliga / Championship / LaLiga / LaLiga 2 / Ligue 1 / Ligue 2 / MLS / Premier League
smt_cadres_ext,ext,Dortmund,0.9985,0.9534,2.0973,8590,311,8,25.0,0.07,02/08/2024 - 01/08/2026,Bundesliga / Championship / LaLiga / LaLiga 2 / Ligue 1 / Ligue 2 / MLS / Premier League
smt_cadres_ext,ext,Casa Pia,0.8852,1.0797,2.0973,8590,311,8,25.0,0.07,02/08/2024 - 01/08/2026,Bundesliga / Championship / LaLiga / LaLiga 2 / Ligue 1 / Ligue 2 / MLS / Premier League
smt_cadres_ext,ext,Burnley,0.9221,0.9832,2.0973,8590,311,8,25.0,0.07,02/08/2024 - 01/08/2026,Bundesliga / Championship / LaLiga / LaLiga 2 / Ligue 1 / Ligue 2 / MLS / Premier League
smt_cadres_ext,ext,Montreal,1.152,0.9644,2.0973,8590,311,8,25.0,0.07,02/08/2024 - 01/08/2026,Bundesliga / Championship / LaLiga / LaLiga 2 / Ligue 1 / Ligue 2 / MLS / Premier League
smt_cadres_ext,ext,Atalanta,1.0822,0.7918,2.0973,8590,311,8,25.0,0.07,02/08/2024 - 01/08/2026,Bundesliga / Championship / LaLiga / LaLiga 2 / Ligue 1 / Ligue 2 / MLS / Premier League
smt_cadres_ext,ext,Nantes,0.9122,1.1883,2.0973,8590,311,8,25.0,0.07,02/08/2024 - 01/08/2026,Bundesliga / Championship / LaLiga / LaLiga 2 / Ligue 1 / Ligue 2 / MLS / Premier League
smt_cadres_ext,ext,Étienne - Annecy,0.9948,1.0,2.0973,8590,311,8,25.0,0.07,02/08/2024 - 01/08/2026,Bundesliga / Championship / LaLiga / LaLiga 2 / Ligue 1 / Ligue 2 / MLS / Premier League
smt_cadres_ext,ext,Étienne - St. Lavallois,0.9419,1.0,2.0973,8590,311,8,25.0,0.07,02/08/2024 - 01/08/2026,Bundesliga / Championship / LaLiga / LaLiga 2 / Ligue 1 / Ligue 2 / MLS / Premier League
smt_cadres_ext,ext,V. Guimaraes,1.0086,0.9855,2.0973,8590,311,8,25.0,0.07,02/08/2024 - 01/08/2026,Bundesliga / Championship / LaLiga / LaLiga 2 / Ligue 1 / Ligue 2 / MLS / Premier League
smt_cadres_ext,ext,Las Palmas,0.9127,0.9526,2.0973,8590,311,8,25.0,0.07,02/08/2024 - 01/08/2026,Bundesliga / Championship / LaLiga / LaLiga 2 / Ligue 1 / Ligue 2 / MLS / Premier League
smt_cadres_ext,ext,Charlton,0.8345,1.0255,2.0973,8590,311,8,25.0,0.07,02/08/2024 - 01/08/2026,Bundesliga / Championship / LaLiga / LaLiga 2 / Ligue 1 / Ligue 2 / MLS / Premier League
smt_cadres_ext,ext,Brest,0.8834,0.93,2.0973,8590,311,8,25.0,0.07,02/08/2024 - 01/08/2026,Bundesliga / Championship / LaLiga / LaLiga 2 / Ligue 1 / Ligue 2 / MLS / Premier League
smt_cadres_ext,ext,Pise,0.6938,1.02,2.0973,8590,311,8,25.0,0.07,02/08/2024 - 01/08/2026,Bundesliga / Championship / LaLiga / LaLiga 2 / Ligue 1 / Ligue 2 / MLS / Premier League
smt_cadres_ext,ext,A. Bielefeld,0.9366,0.8801,2.0973,8590,311,8,25.0,0.07,02/08/2024 - 01/08/2026,Bundesliga / Championship / LaLiga / LaLiga 2 / Ligue 1 / Ligue 2 / MLS / Premier League
smt_cadres_ext,ext,Real Saragosse,1.0277,1.011,2.0973,8590,311,8,25.0,0.07,02/08/2024 - 01/08/2026,Bundesliga / Championship / LaLiga / LaLiga 2 / Ligue 1 / Ligue 2 / MLS / Premier League
smt_cadres_ext,ext,West Bromwich,0.9922,0.8779,2.0973,8590,311,8,25.0,0.07,02/08/2024 - 01/08/2026,Bundesliga / Championship / LaLiga / LaLiga 2 / Ligue 1 / Ligue 2 / MLS / Premier League
smt_cadres_ext,ext,V. Whitecaps,1.346,0.7957,2.0973,8590,311,8,25.0,0.07,02/08/2024 - 01/08/2026,Bundesliga / Championship / LaLiga / LaLiga 2 / Ligue 1 / Ligue 2 / MLS / Premier League
smt_cadres_ext,ext,Alverca,0.8977,1.0145,2.0973,8590,311,8,25.0,0.07,02/08/2024 - 01/08/2026,Bundesliga / Championship / LaLiga / LaLiga 2 / Ligue 1 / Ligue 2 / MLS / Premier League
smt_cadres_ext,ext,Wolverhampton,0.9283,1.0796,2.0973,8590,311,8,25.0,0.07,02/08/2024 - 01/08/2026,Bundesliga / Championship / LaLiga / LaLiga 2 / Ligue 1 / Ligue 2 / MLS / Premier League
smt_cadres_ext,ext,Stoke,0.7702,1.0754,2.0973,8590,311,8,25.0,0.07,02/08/2024 - 01/08/2026,Bundesliga / Championship / LaLiga / LaLiga 2 / Ligue 1 / Ligue 2 / MLS / Premier League
smt_cadres_ext,ext,Feirense,0.9487,0.7839,2.0973,8590,311,8,25.0,0.07,02/08/2024 - 01/08/2026,Bundesliga / Championship / LaLiga / LaLiga 2 / Ligue 1 / Ligue 2 / MLS / Premier League
smt_cadres_ext,ext,Metz,0.8425,1.1503,2.0973,8590,311,8,25.0,0.07,02/08/2024 - 01/08/2026,Bundesliga / Championship / LaLiga / LaLiga 2 / Ligue 1 / Ligue 2 / MLS / Premier League
smt_cadres_ext,ext,Sporting CP II,0.8429,0.9292,2.0973,8590,311,8,25.0,0.07,02/08/2024 - 01/08/2026,Bundesliga / Championship / LaLiga / LaLiga 2 / Ligue 1 / Ligue 2 / MLS / Premier League
smt_cadres_ext,ext,Saint-Étienne,0.9562,1.0,2.0973,8590,311,8,25.0,0.07,02/08/2024 - 01/08/2026,Bundesliga / Championship / LaLiga / LaLiga 2 / Ligue 1 / Ligue 2 / MLS / Premier League
smt_cadres_ext,ext,New York City,1.065,1.0664,2.0973,8590,311,8,25.0,0.07,02/08/2024 - 01/08/2026,Bundesliga / Championship / LaLiga / LaLiga 2 / Ligue 1 / Ligue 2 / MLS / Premier League
smt_cadres_ext,ext,Augsbourg,1.0308,1.1628,2.0973,8590,311,8,25.0,0.07,02/08/2024 - 01/08/2026,Bundesliga / Championship / LaLiga / LaLiga 2 / Ligue 1 / Ligue 2 / MLS / Premier League
smt_cadres_ext,ext,Étienne - Red Star,0.9419,1.0,2.0973,8590,311,8,25.0,0.07,02/08/2024 - 01/08/2026,Bundesliga / Championship / LaLiga / LaLiga 2 / Ligue 1 / Ligue 2 / MLS / Premier League
smt_cadres_ext,ext,Leixões,0.791,0.853,2.0973,8590,311,8,25.0,0.07,02/08/2024 - 01/08/2026,Bundesliga / Championship / LaLiga / LaLiga 2 / Ligue 1 / Ligue 2 / MLS / Premier League
smt_cadres_ext,ext,Phila. Union,1.2295,0.8356,2.0973,8590,311,8,25.0,0.07,02/08/2024 - 01/08/2026,Bundesliga / Championship / LaLiga / LaLiga 2 / Ligue 1 / Ligue 2 / MLS / Premier League
smt_cadres_ext,ext,Coventry,1.1444,0.7747,2.0973,8590,311,8,25.0,0.07,02/08/2024 - 01/08/2026,Bundesliga / Championship / LaLiga / LaLiga 2 / Ligue 1 / Ligue 2 / MLS / Premier League
smt_cadres_ext,ext,Étienne - SC Bastia,0.8889,1.0,2.0973,8590,311,8,25.0,0.07,02/08/2024 - 01/08/2026,Bundesliga / Championship / LaLiga / LaLiga 2 / Ligue 1 / Ligue 2 / MLS / Premier League
smt_cadres_ext,ext,Columbus,1.0127,0.8867,2.0973,8590,311,8,25.0,0.07,02/08/2024 - 01/08/2026,Bundesliga / Championship / LaLiga / LaLiga 2 / Ligue 1 / Ligue 2 / MLS / Premier League
smt_cadres_ext,ext,Kiel,0.9934,1.098,2.0973,8590,311,8,25.0,0.07,02/08/2024 - 01/08/2026,Bundesliga / Championship / LaLiga / LaLiga 2 / Ligue 1 / Ligue 2 / MLS / Premier League
smt_cadres_ext,ext,Middlesbrough,1.0922,0.8447,2.0973,8590,311,8,25.0,0.07,02/08/2024 - 01/08/2026,Bundesliga / Championship / LaLiga / LaLiga 2 / Ligue 1 / Ligue 2 / MLS / Premier League
smt_cadres_ext,ext,UD Oliveirense,0.7062,1.0073,2.0973,8590,311,8,25.0,0.07,02/08/2024 - 01/08/2026,Bundesliga / Championship / LaLiga / LaLiga 2 / Ligue 1 / Ligue 2 / MLS / Premier League
smt_cadres_ext,ext,Étienne - Marseille,1.2068,1.0,2.0973,8590,311,8,25.0,0.07,02/08/2024 - 01/08/2026,Bundesliga / Championship / LaLiga / LaLiga 2 / Ligue 1 / Ligue 2 / MLS / Premier League
smt_cadres_ext,ext,AVS,0.7563,1.2287,2.0973,8590,311,8,25.0,0.07,02/08/2024 - 01/08/2026,Bundesliga / Championship / LaLiga / LaLiga 2 / Ligue 1 / Ligue 2 / MLS / Premier League
smt_cadres_ext,ext,Deportivo,1.1445,0.9663,2.0973,8590,311,8,25.0,0.07,02/08/2024 - 01/08/2026,Bundesliga / Championship / LaLiga / LaLiga 2 / Ligue 1 / Ligue 2 / MLS / Premier League
smt_cadres_ext,ext,Gijon,0.9316,0.9624,2.0973,8590,311,8,25.0,0.07,02/08/2024 - 01/08/2026,Bundesliga / Championship / LaLiga / LaLiga 2 / Ligue 1 / Ligue 2 / MLS / Premier League
smt_cadres_ext,ext,Étienne - AJ Auxerre,1.0478,1.0,2.0973,8590,311,8,25.0,0.07,02/08/2024 - 01/08/2026,Bundesliga / Championship / LaLiga / LaLiga 2 / Ligue 1 / Ligue 2 / MLS / Premier League
smt_cadres_ext,ext,Castellon,1.1276,0.9982,2.0973,8590,311,8,25.0,0.07,02/08/2024 - 01/08/2026,Bundesliga / Championship / LaLiga / LaLiga 2 / Ligue 1 / Ligue 2 / MLS / Premier League
smt_cadres_ext,ext,Cittadella,0.8481,1.2068,2.0973,8590,311,8,25.0,0.07,02/08/2024 - 01/08/2026,Bundesliga / Championship / LaLiga / LaLiga 2 / Ligue 1 / Ligue 2 / MLS / Premier League
smt_cadres_ext,ext,B. Leverkusen,0.9572,0.9896,2.0973,8590,311,8,25.0,0.07,02/08/2024 - 01/08/2026,Bundesliga / Championship / LaLiga / LaLiga 2 / Ligue 1 / Ligue 2 / MLS / Premier League
smt_cadres_ext,ext,Cagliari,0.8483,1.0746,2.0973,8590,311,8,25.0,0.07,02/08/2024 - 01/08/2026,Bundesliga / Championship / LaLiga / LaLiga 2 / Ligue 1 / Ligue 2 / MLS / Premier League
smt_cadres_ext,ext,Swansea,1.0667,0.9175,2.0973,8590,311,8,25.0,0.07,02/08/2024 - 01/08/2026,Bundesliga / Championship / LaLiga / LaLiga 2 / Ligue 1 / Ligue 2 / MLS / Premier League
smt_cadres_ext,ext,Heidenheim,1.012,1.3597,2.0973,8590,311,8,25.0,0.07,02/08/2024 - 01/08/2026,Bundesliga / Championship / LaLiga / LaLiga 2 / Ligue 1 / Ligue 2 / MLS / Premier League
smt_cadres_ext,ext,Hertha BSC,1.1687,1.1006,2.0973,8590,311,8,25.0,0.07,02/08/2024 - 01/08/2026,Bundesliga / Championship / LaLiga / LaLiga 2 / Ligue 1 / Ligue 2 / MLS / Premier League
smt_cadres_ext,ext,Paris FC,0.9881,0.8575,2.0973,8590,311,8,25.0,0.07,02/08/2024 - 01/08/2026,Bundesliga / Championship / LaLiga / LaLiga 2 / Ligue 1 / Ligue 2 / MLS / Premier League
smt_cadres_ext,ext,Étienne - US Boulogne,0.9948,1.0,2.0973,8590,311,8,25.0,0.07,02/08/2024 - 01/08/2026,Bundesliga / Championship / LaLiga / LaLiga 2 / Ligue 1 / Ligue 2 / MLS / Premier League
smt_cadres_ext,ext,Benfica,1.2252,0.6984,2.0973,8590,311,8,25.0,0.07,02/08/2024 - 01/08/2026,Bundesliga / Championship / LaLiga / LaLiga 2 / Ligue 1 / Ligue 2 / MLS / Premier League
smt_cadres_ext,ext,Burgos,0.7825,0.7752,2.0973,8590,311,8,25.0,0.07,02/08/2024 - 01/08/2026,Bundesliga / Championship / LaLiga / LaLiga 2 / Ligue 1 / Ligue 2 / MLS / Premier League
smt_cadres_ext,ext,Étienne - Lille,0.9419,1.0,2.0973,8590,311,8,25.0,0.07,02/08/2024 - 01/08/2026,Bundesliga / Championship / LaLiga / LaLiga 2 / Ligue 1 / Ligue 2 / MLS / Premier League
smt_cadres_ext,ext,Étienne - Clermont,1.1538,1.0,2.0973,8590,311,8,25.0,0.07,02/08/2024 - 01/08/2026,Bundesliga / Championship / LaLiga / LaLiga 2 / Ligue 1 / Ligue 2 / MLS / Premier League
smt_cadres_ext,ext,Brighton,1.1072,1.0225,2.0973,8590,311,8,25.0,0.07,02/08/2024 - 01/08/2026,Bundesliga / Championship / LaLiga / LaLiga 2 / Ligue 1 / Ligue 2 / MLS / Premier League
smt_cadres_ext,ext,Torreense,0.9894,1.007,2.0973,8590,311,8,25.0,0.07,02/08/2024 - 01/08/2026,Bundesliga / Championship / LaLiga / LaLiga 2 / Ligue 1 / Ligue 2 / MLS / Premier League
smt_cadres_ext,ext,Eibar,0.7627,0.8775,2.0973,8590,311,8,25.0,0.07,02/08/2024 - 01/08/2026,Bundesliga / Championship / LaLiga / LaLiga 2 / Ligue 1 / Ligue 2 / MLS / Premier League
smt_cadres_ext,ext,Wolfsbourg,0.9622,1.1633,2.0973,8590,311,8,25.0,0.07,02/08/2024 - 01/08/2026,Bundesliga / Championship / LaLiga / LaLiga 2 / Ligue 1 / Ligue 2 / MLS / Premier League
smt_cadres_ext,ext,Sampdoria,0.9895,0.937,2.0973,8590,311,8,25.0,0.07,02/08/2024 - 01/08/2026,Bundesliga / Championship / LaLiga / LaLiga 2 / Ligue 1 / Ligue 2 / MLS / Premier League
smt_cadres_ext,ext,Kaiserslautern,0.9921,1.1261,2.0973,8590,311,8,25.0,0.07,02/08/2024 - 01/08/2026,Bundesliga / Championship / LaLiga / LaLiga 2 / Ligue 1 / Ligue 2 / MLS / Premier League
smt_cadres_ext,ext,Côme,1.0494,0.8271,2.0973,8590,311,8,25.0,0.07,02/08/2024 - 01/08/2026,Bundesliga / Championship / LaLiga / LaLiga 2 / Ligue 1 / Ligue 2 / MLS / Premier League
smt_cadres_ext,ext,Leicester,1.022,1.0579,2.0973,8590,311,8,25.0,0.07,02/08/2024 - 01/08/2026,Bundesliga / Championship / LaLiga / LaLiga 2 / Ligue 1 / Ligue 2 / MLS / Premier League
smt_cadres_ext,ext,Étienne - Amiens,0.9419,1.0,2.0973,8590,311,8,25.0,0.07,02/08/2024 - 01/08/2026,Bundesliga / Championship / LaLiga / LaLiga 2 / Ligue 1 / Ligue 2 / MLS / Premier League
smt_cadres_ext,ext,Huesca,0.8852,1.0362,2.0973,8590,311,8,25.0,0.07,02/08/2024 - 01/08/2026,Bundesliga / Championship / LaLiga / LaLiga 2 / Ligue 1 / Ligue 2 / MLS / Premier League
smt_cadres_ext,ext,Espanyol,0.8803,1.1366,2.0973,8590,311,8,25.0,0.07,02/08/2024 - 01/08/2026,Bundesliga / Championship / LaLiga / LaLiga 2 / Ligue 1 / Ligue 2 / MLS / Premier League
smt_cadres_ext,ext,Leeds United,1.0514,0.8994,2.0973,8590,311,8,25.0,0.07,02/08/2024 - 01/08/2026,Bundesliga / Championship / LaLiga / LaLiga 2 / Ligue 1 / Ligue 2 / MLS / Premier League
smt_cadres_ext,ext,Portsmouth,0.8217,0.8604,2.0973,8590,311,8,25.0,0.07,02/08/2024 - 01/08/2026,Bundesliga / Championship / LaLiga / LaLiga 2 / Ligue 1 / Ligue 2 / MLS / Premier League
smt_cadres_ext,ext,Martigues,0.8497,1.3474,2.0973,8590,311,8,25.0,0.07,02/08/2024 - 01/08/2026,Bundesliga / Championship / LaLiga / LaLiga 2 / Ligue 1 / Ligue 2 / MLS / Premier League
smt_cadres_ext,ext,NE Revolution,0.9083,1.1347,2.0973,8590,311,8,25.0,0.07,02/08/2024 - 01/08/2026,Bundesliga / Championship / LaLiga / LaLiga 2 / Ligue 1 / Ligue 2 / MLS / Premier League
smt_cadres_ext,ext,Stuttgart,1.1999,1.1187,2.0973,8590,311,8,25.0,0.07,02/08/2024 - 01/08/2026,Bundesliga / Championship / LaLiga / LaLiga 2 / Ligue 1 / Ligue 2 / MLS / Premier League
smt_cadres_ext,ext,Amiens,0.7776,1.1573,2.0973,8590,311,8,25.0,0.07,02/08/2024 - 01/08/2026,Bundesliga / Championship / LaLiga / LaLiga 2 / Ligue 1 / Ligue 2 / MLS / Premier League
smt_cadres_ext,ext,Oviedo,0.9254,0.9792,2.0973,8590,311,8,25.0,0.07,02/08/2024 - 01/08/2026,Bundesliga / Championship / LaLiga / LaLiga 2 / Ligue 1 / Ligue 2 / MLS / Premier League
smt_cadres_ext,ext,Étienne - Grenoble Foot,0.9419,1.0,2.0973,8590,311,8,25.0,0.07,02/08/2024 - 01/08/2026,Bundesliga / Championship / LaLiga / LaLiga 2 / Ligue 1 / Ligue 2 / MLS / Premier League
smt_cadres_ext,ext,EA Guingamp,0.9727,0.9438,2.0973,8590,311,8,25.0,0.07,02/08/2024 - 01/08/2026,Bundesliga / Championship / LaLiga / LaLiga 2 / Ligue 1 / Ligue 2 / MLS / Premier League
smt_cadres_ext,ext,Racing de Ferrol,0.6969,1.1739,2.0973,8590,311,8,25.0,0.07,02/08/2024 - 01/08/2026,Bundesliga / Championship / LaLiga / LaLiga 2 / Ligue 1 / Ligue 2 / MLS / Premier League
smt_cadres_ext,ext,Eldense,0.9304,0.88,2.0973,8590,311,8,25.0,0.07,02/08/2024 - 01/08/2026,Bundesliga / Championship / LaLiga / LaLiga 2 / Ligue 1 / Ligue 2 / MLS / Premier League
smt_cadres_ext,ext,Benfica II,1.0119,0.9055,2.0973,8590,311,8,25.0,0.07,02/08/2024 - 01/08/2026,Bundesliga / Championship / LaLiga / LaLiga 2 / Ligue 1 / Ligue 2 / MLS / Premier League
smt_cadres_ext,ext,Sporting KC,0.9934,1.2442,2.0973,8590,311,8,25.0,0.07,02/08/2024 - 01/08/2026,Bundesliga / Championship / LaLiga / LaLiga 2 / Ligue 1 / Ligue 2 / MLS / Premier League
smt_cadres_ext,ext,Queens Park R.,1.0331,1.1298,2.0973,8590,311,8,25.0,0.07,02/08/2024 - 01/08/2026,Bundesliga / Championship / LaLiga / LaLiga 2 / Ligue 1 / Ligue 2 / MLS / Premier League
smt_cadres_ext,ext,Sunderland,0.9659,0.8584,2.0973,8590,311,8,25.0,0.07,02/08/2024 - 01/08/2026,Bundesliga / Championship / LaLiga / LaLiga 2 / Ligue 1 / Ligue 2 / MLS / Premier League
smt_cadres_ext,ext,Reims,1.1495,0.9028,2.0973,8590,311,8,25.0,0.07,02/08/2024 - 01/08/2026,Bundesliga / Championship / LaLiga / LaLiga 2 / Ligue 1 / Ligue 2 / MLS / Premier League
smt_cadres_ext,ext,Portimonense,0.8676,0.9578,2.0973,8590,311,8,25.0,0.07,02/08/2024 - 01/08/2026,Bundesliga / Championship / LaLiga / LaLiga 2 / Ligue 1 / Ligue 2 / MLS / Premier League
smt_cadres_ext,ext,Marseille,1.2837,1.0623,2.0973,8590,311,8,25.0,0.07,02/08/2024 - 01/08/2026,Bundesliga / Championship / LaLiga / LaLiga 2 / Ligue 1 / Ligue 2 / MLS / Premier League
smt_cadres_ext,ext,Cremonese,1.0396,1.0042,2.0973,8590,311,8,25.0,0.07,02/08/2024 - 01/08/2026,Bundesliga / Championship / LaLiga / LaLiga 2 / Ligue 1 / Ligue 2 / MLS / Premier League
smt_cadres_ext,ext,Real Betis,1.1302,0.853,2.0973,8590,311,8,25.0,0.07,02/08/2024 - 01/08/2026,Bundesliga / Championship / LaLiga / LaLiga 2 / Ligue 1 / Ligue 2 / MLS / Premier League
smt_cadres_ext,ext,Felgueiras,0.785,0.9875,2.0973,8590,311,8,25.0,0.07,02/08/2024 - 01/08/2026,Bundesliga / Championship / LaLiga / LaLiga 2 / Ligue 1 / Ligue 2 / MLS / Premier League
smt_cadres_ext,ext,Avellino,0.7744,0.9623,2.0973,8590,311,8,25.0,0.07,02/08/2024 - 01/08/2026,Bundesliga / Championship / LaLiga / LaLiga 2 / Ligue 1 / Ligue 2 / MLS / Premier League
smt_cadres_ext,ext,Farense,1.0782,0.905,2.0973,8590,311,8,25.0,0.07,02/08/2024 - 01/08/2026,Bundesliga / Championship / LaLiga / LaLiga 2 / Ligue 1 / Ligue 2 / MLS / Premier League
smt_cadres_ext,ext,Pescara,1.0253,1.0926,2.0973,8590,311,8,25.0,0.07,02/08/2024 - 01/08/2026,Bundesliga / Championship / LaLiga / LaLiga 2 / Ligue 1 / Ligue 2 / MLS / Premier League
smt_cadres_ext,ext,Hoffenheim,1.0715,1.1099,2.0973,8590,311,8,25.0,0.07,02/08/2024 - 01/08/2026,Bundesliga / Championship / LaLiga / LaLiga 2 / Ligue 1 / Ligue 2 / MLS / Premier League
smt_cadres_ext,ext,Cologne,1.0573,0.9997,2.0973,8590,311,8,25.0,0.07,02/08/2024 - 01/08/2026,Bundesliga / Championship / LaLiga / LaLiga 2 / Ligue 1 / Ligue 2 / MLS / Premier League
smt_cadres_ext,ext,Brunswick,0.9109,1.1169,2.0973,8590,311,8,25.0,0.07,02/08/2024 - 01/08/2026,Bundesliga / Championship / LaLiga / LaLiga 2 / Ligue 1 / Ligue 2 / MLS / Premier League
smt_cadres_ext,ext,Schalke 04,1.0119,0.9705,2.0973,8590,311,8,25.0,0.07,02/08/2024 - 01/08/2026,Bundesliga / Championship / LaLiga / LaLiga 2 / Ligue 1 / Ligue 2 / MLS / Premier League
smt_cadres_ext,ext,Étienne - Rodez,0.8022,1.0,2.0973,8590,311,8,25.0,0.07,02/08/2024 - 01/08/2026,Bundesliga / Championship / LaLiga / LaLiga 2 / Ligue 1 / Ligue 2 / MLS / Premier League
smt_cadres_ext,ext,Juventus,1.3714,0.7441,2.0973,8590,311,8,25.0,0.07,02/08/2024 - 01/08/2026,Bundesliga / Championship / LaLiga / LaLiga 2 / Ligue 1 / Ligue 2 / MLS / Premier League
smt_cadres_ext,ext,Osasuna,0.7737,1.0424,2.0973,8590,311,8,25.0,0.07,02/08/2024 - 01/08/2026,Bundesliga / Championship / LaLiga / LaLiga 2 / Ligue 1 / Ligue 2 / MLS / Premier League
smt_cadres_ext,ext,Viseu,0.8875,0.7885,2.0973,8590,311,8,25.0,0.07,02/08/2024 - 01/08/2026,Bundesliga / Championship / LaLiga / LaLiga 2 / Ligue 1 / Ligue 2 / MLS / Premier League
smt_cadres_ext,ext,PSG,1.6189,0.8227,2.0973,8590,311,8,25.0,0.07,02/08/2024 - 01/08/2026,Bundesliga / Championship / LaLiga / LaLiga 2 / Ligue 1 / Ligue 2 / MLS / Premier League
smt_cadres_ext,ext,Charlotte,0.823,1.0918,2.0973,8590,311,8,25.0,0.07,02/08/2024 - 01/08/2026,Bundesliga / Championship / LaLiga / LaLiga 2 / Ligue 1 / Ligue 2 / MLS / Premier League
smt_cadres_ext,ext,Étienne - Nantes,0.9948,1.0,2.0973,8590,311,8,25.0,0.07,02/08/2024 - 01/08/2026,Bundesliga / Championship / LaLiga / LaLiga 2 / Ligue 1 / Ligue 2 / MLS / Premier League
smt_cadres_ext,ext,Preston,0.844,0.9983,2.0973,8590,311,8,25.0,0.07,02/08/2024 - 01/08/2026,Bundesliga / Championship / LaLiga / LaLiga 2 / Ligue 1 / Ligue 2 / MLS / Premier League
smt_cadres_ext,ext,Gil Vicente,0.9614,0.9878,2.0973,8590,311,8,25.0,0.07,02/08/2024 - 01/08/2026,Bundesliga / Championship / LaLiga / LaLiga 2 / Ligue 1 / Ligue 2 / MLS / Premier League
smt_cadres_ext,ext,Reggiana,0.9679,1.1327,2.0973,8590,311,8,25.0,0.07,02/08/2024 - 01/08/2026,Bundesliga / Championship / LaLiga / LaLiga 2 / Ligue 1 / Ligue 2 / MLS / Premier League
smt_cadres_ext,ext,AC Ajaccio,0.8314,0.8783,2.0973,8590,311,8,25.0,0.07,02/08/2024 - 01/08/2026,Bundesliga / Championship / LaLiga / LaLiga 2 / Ligue 1 / Ligue 2 / MLS / Premier League
smt_cadres_ext,ext,San Jose E.,0.7973,1.2377,2.0973,8590,311,8,25.0,0.07,02/08/2024 - 01/08/2026,Bundesliga / Championship / LaLiga / LaLiga 2 / Ligue 1 / Ligue 2 / MLS / Premier League
smt_cadres_ext,ext,LA Galaxy,1.2593,1.1435,2.0973,8590,311,8,25.0,0.07,02/08/2024 - 01/08/2026,Bundesliga / Championship / LaLiga / LaLiga 2 / Ligue 1 / Ligue 2 / MLS / Premier League
smt_cadres_ext,ext,Wrexham,0.9007,0.9594,2.0973,8590,311,8,25.0,0.07,02/08/2024 - 01/08/2026,Bundesliga / Championship / LaLiga / LaLiga 2 / Ligue 1 / Ligue 2 / MLS / Premier League
smt_cadres_ext,ext,AS Monaco,1.1194,1.0743,2.0973,8590,311,8,25.0,0.07,02/08/2024 - 01/08/2026,Bundesliga / Championship / LaLiga / LaLiga 2 / Ligue 1 / Ligue 2 / MLS / Premier League
smt_cadres_ext,ext,Séville,0.933,0.9057,2.0973,8590,311,8,25.0,0.07,02/08/2024 - 01/08/2026,Bundesliga / Championship / LaLiga / LaLiga 2 / Ligue 1 / Ligue 2 / MLS / Premier League
smt_cadres_ext,ext,Union Berlin,1.0139,0.8691,2.0973,8590,311,8,25.0,0.07,02/08/2024 - 01/08/2026,Bundesliga / Championship / LaLiga / LaLiga 2 / Ligue 1 / Ligue 2 / MLS / Premier League
smt_cadres_ext,ext,Rayo Vallecano,1.029,1.1196,2.0973,8590,311,8,25.0,0.07,02/08/2024 - 01/08/2026,Bundesliga / Championship / LaLiga / LaLiga 2 / Ligue 1 / Ligue 2 / MLS / Premier League
smt_cadres_ext,ext,Atl. Madrid,0.9234,0.7761,2.0973,8590,311,8,25.0,0.07,02/08/2024 - 01/08/2026,Bundesliga / Championship / LaLiga / LaLiga 2 / Ligue 1 / Ligue 2 / MLS / Premier League
smt_cadres_ext,ext,Toulouse,1.0087,0.8378,2.0973,8590,311,8,25.0,0.07,02/08/2024 - 01/08/2026,Bundesliga / Championship / LaLiga / LaLiga 2 / Ligue 1 / Ligue 2 / MLS / Premier League
smt_cadres_ext,ext,Parme,0.8551,1.0387,2.0973,8590,311,8,25.0,0.07,02/08/2024 - 01/08/2026,Bundesliga / Championship / LaLiga / LaLiga 2 / Ligue 1 / Ligue 2 / MLS / Premier League
smt_cadres_ext,ext,Real Sociedad,0.9952,1.0635,2.0973,8590,311,8,25.0,0.07,02/08/2024 - 01/08/2026,Bundesliga / Championship / LaLiga / LaLiga 2 / Ligue 1 / Ligue 2 / MLS / Premier League
smt_cadres_ext,ext,US Boulogne,1.0026,1.0008,2.0973,8590,311,8,25.0,0.07,02/08/2024 - 01/08/2026,Bundesliga / Championship / LaLiga / LaLiga 2 / Ligue 1 / Ligue 2 / MLS / Premier League
smt_cadres_ext,ext,Cordoba,1.2949,0.9641,2.0973,8590,311,8,25.0,0.07,02/08/2024 - 01/08/2026,Bundesliga / Championship / LaLiga / LaLiga 2 / Ligue 1 / Ligue 2 / MLS / Premier League
smt_cadres_ext,ext,Étienne - PSG,1.2597,1.0,2.0973,8590,311,8,25.0,0.07,02/08/2024 - 01/08/2026,Bundesliga / Championship / LaLiga / LaLiga 2 / Ligue 1 / Ligue 2 / MLS / Premier League
smt_cadres_ext,ext,Inter Miami,1.3243,1.183,2.0973,8590,311,8,25.0,0.07,02/08/2024 - 01/08/2026,Bundesliga / Championship / LaLiga / LaLiga 2 / Ligue 1 / Ligue 2 / MLS / Premier League
smt_cadres_ext,ext,Virtus,0.8643,0.9089,2.0973,8590,311,8,25.0,0.07,02/08/2024 - 01/08/2026,Bundesliga / Championship / LaLiga / LaLiga 2 / Ligue 1 / Ligue 2 / MLS / Premier League
smt_cadres_ext,ext,Étienne - Le Mans,1.1008,1.0,2.0973,8590,311,8,25.0,0.07,02/08/2024 - 01/08/2026,Bundesliga / Championship / LaLiga / LaLiga 2 / Ligue 1 / Ligue 2 / MLS / Premier League
smt_cadres_ext,ext,Empoli,0.7619,0.8707,2.0973,8590,311,8,25.0,0.07,02/08/2024 - 01/08/2026,Bundesliga / Championship / LaLiga / LaLiga 2 / Ligue 1 / Ligue 2 / MLS / Premier League
smt_cadres_ext,ext,Plymouth,0.6081,1.15,2.0973,8590,311,8,25.0,0.07,02/08/2024 - 01/08/2026,Bundesliga / Championship / LaLiga / LaLiga 2 / Ligue 1 / Ligue 2 / MLS / Premier League
smt_cadres_ext,ext,Fribourg,1.0822,1.0469,2.0973,8590,311,8,25.0,0.07,02/08/2024 - 01/08/2026,Bundesliga / Championship / LaLiga / LaLiga 2 / Ligue 1 / Ligue 2 / MLS / Premier League
smt_cadres_ext,ext,Strasbourg,1.1523,1.1461,2.0973,8590,311,8,25.0,0.07,02/08/2024 - 01/08/2026,Bundesliga / Championship / LaLiga / LaLiga 2 / Ligue 1 / Ligue 2 / MLS / Premier League
smt_cadres_ext,ext,E. Francfort,1.0956,1.1324,2.0973,8590,311,8,25.0,0.07,02/08/2024 - 01/08/2026,Bundesliga / Championship / LaLiga / LaLiga 2 / Ligue 1 / Ligue 2 / MLS / Premier League
smt_cadres_ext,ext,Nice,0.9687,1.0745,2.0973,8590,311,8,25.0,0.07,02/08/2024 - 01/08/2026,Bundesliga / Championship / LaLiga / LaLiga 2 / Ligue 1 / Ligue 2 / MLS / Premier League
smt_cadres_ext,ext,Tenerife,0.8707,1.0259,2.0973,8590,311,8,25.0,0.07,02/08/2024 - 01/08/2026,Bundesliga / Championship / LaLiga / LaLiga 2 / Ligue 1 / Ligue 2 / MLS / Premier League
smt_cadres_ext,ext,Derby County,0.9035,0.8829,2.0973,8590,311,8,25.0,0.07,02/08/2024 - 01/08/2026,Bundesliga / Championship / LaLiga / LaLiga 2 / Ligue 1 / Ligue 2 / MLS / Premier League
smt_cadres_ext,ext,Brescia,0.9652,1.0366,2.0973,8590,311,8,25.0,0.07,02/08/2024 - 01/08/2026,Bundesliga / Championship / LaLiga / LaLiga 2 / Ligue 1 / Ligue 2 / MLS / Premier League
smt_cadres_ext,ext,Cosenza,1.0086,0.9159,2.0973,8590,311,8,25.0,0.07,02/08/2024 - 01/08/2026,Bundesliga / Championship / LaLiga / LaLiga 2 / Ligue 1 / Ligue 2 / MLS / Premier League
smt_cadres_ext,ext,Étienne - RC Lens,0.9419,1.0,2.0973,8590,311,8,25.0,0.07,02/08/2024 - 01/08/2026,Bundesliga / Championship / LaLiga / LaLiga 2 / Ligue 1 / Ligue 2 / MLS / Premier League
smt_cadres_ext,ext,Étienne - Strasbourg,0.9948,1.0,2.0973,8590,311,8,25.0,0.07,02/08/2024 - 01/08/2026,Bundesliga / Championship / LaLiga / LaLiga 2 / Ligue 1 / Ligue 2 / MLS / Premier League
smt_cadres_ext,ext,San Diego,1.2055,1.1023,2.0973,8590,311,8,25.0,0.07,02/08/2024 - 01/08/2026,Bundesliga / Championship / LaLiga / LaLiga 2 / Ligue 1 / Ligue 2 / MLS / Premier League
smt_cadres_ext,ext,Leonesa,0.9934,1.0376,2.0973,8590,311,8,25.0,0.07,02/08/2024 - 01/08/2026,Bundesliga / Championship / LaLiga / LaLiga 2 / Ligue 1 / Ligue 2 / MLS / Premier League
smt_cadres_ext,ext,DC United,1.1126,1.3568,2.0973,8590,311,8,25.0,0.07,02/08/2024 - 01/08/2026,Bundesliga / Championship / LaLiga / LaLiga 2 / Ligue 1 / Ligue 2 / MLS / Premier League
smt_cadres_ext,ext,Ulm,0.8769,1.1064,2.0973,8590,311,8,25.0,0.07,02/08/2024 - 01/08/2026,Bundesliga / Championship / LaLiga / LaLiga 2 / Ligue 1 / Ligue 2 / MLS / Premier League
smt_cadres_ext,ext,Lecce,0.6639,1.0323,2.0973,8590,311,8,25.0,0.07,02/08/2024 - 01/08/2026,Bundesliga / Championship / LaLiga / LaLiga 2 / Ligue 1 / Ligue 2 / MLS / Premier League
smt_cadres_ext,ext,Malaga,1.098,1.1619,2.0973,8590,311,8,25.0,0.07,02/08/2024 - 01/08/2026,Bundesliga / Championship / LaLiga / LaLiga 2 / Ligue 1 / Ligue 2 / MLS / Premier League
smt_cadres_ext,ext,Majorque,0.8144,1.0299,2.0973,8590,311,8,25.0,0.07,02/08/2024 - 01/08/2026,Bundesliga / Championship / LaLiga / LaLiga 2 / Ligue 1 / Ligue 2 / MLS / Premier League
smt_cadres_ext,ext,Le Mans,0.8989,0.8693,2.0973,8590,311,8,25.0,0.07,02/08/2024 - 01/08/2026,Bundesliga / Championship / LaLiga / LaLiga 2 / Ligue 1 / Ligue 2 / MLS / Premier League
smt_cadres_ext,ext,Venise,0.9564,0.9021,2.0973,8590,311,8,25.0,0.07,02/08/2024 - 01/08/2026,Bundesliga / Championship / LaLiga / LaLiga 2 / Ligue 1 / Ligue 2 / MLS / Premier League
smt_cadres_ext,ext,Man City,1.143,0.9017,2.0973,8590,311,8,25.0,0.07,02/08/2024 - 01/08/2026,Bundesliga / Championship / LaLiga / LaLiga 2 / Ligue 1 / Ligue 2 / MLS / Premier League
smt_cadres_ext,ext,P. Ferreira,0.8761,0.8668,2.0973,8590,311,8,25.0,0.07,02/08/2024 - 01/08/2026,Bundesliga / Championship / LaLiga / LaLiga 2 / Ligue 1 / Ligue 2 / MLS / Premier League
smt_cadres_ext,ext,Norwich City,1.0159,0.9821,2.0973,8590,311,8,25.0,0.07,02/08/2024 - 01/08/2026,Bundesliga / Championship / LaLiga / LaLiga 2 / Ligue 1 / Ligue 2 / MLS / Premier League
smt_buts_dom,dom,Orlando City,1.1046,1.4566,0.8201,8590,311,8,25.0,0.07,02/08/2024 - 01/08/2026,Bundesliga / Championship / LaLiga / LaLiga 2 / Ligue 1 / Ligue 2 / MLS / Premier League
smt_buts_dom,dom,Crystal Palace,0.8689,0.8802,0.8201,8590,311,8,25.0,0.07,02/08/2024 - 01/08/2026,Bundesliga / Championship / LaLiga / LaLiga 2 / Ligue 1 / Ligue 2 / MLS / Premier League
smt_buts_dom,dom,Sporting,1.5312,0.6843,0.8201,8590,311,8,25.0,0.07,02/08/2024 - 01/08/2026,Bundesliga / Championship / LaLiga / LaLiga 2 / Ligue 1 / Ligue 2 / MLS / Premier League
smt_buts_dom,dom,Minnesota Utd,1.0583,1.0052,0.8201,8590,311,8,25.0,0.07,02/08/2024 - 01/08/2026,Bundesliga / Championship / LaLiga / LaLiga 2 / Ligue 1 / Ligue 2 / MLS / Premier League
smt_buts_dom,dom,Leipzig,1.2733,1.0657,0.8201,8590,311,8,25.0,0.07,02/08/2024 - 01/08/2026,Bundesliga / Championship / LaLiga / LaLiga 2 / Ligue 1 / Ligue 2 / MLS / Premier League
smt_buts_dom,dom,Man United,1.1666,0.9443,0.8201,8590,311,8,25.0,0.07,02/08/2024 - 01/08/2026,Bundesliga / Championship / LaLiga / LaLiga 2 / Ligue 1 / Ligue 2 / MLS / Premier League
smt_buts_dom,dom,Lazio,1.0779,0.8574,0.8201,8590,311,8,25.0,0.07,02/08/2024 - 01/08/2026,Bundesliga / Championship / LaLiga / LaLiga 2 / Ligue 1 / Ligue 2 / MLS / Premier League
smt_buts_dom,dom,Modène,0.9918,0.6789,0.8201,8590,311,8,25.0,0.07,02/08/2024 - 01/08/2026,Bundesliga / Championship / LaLiga / LaLiga 2 / Ligue 1 / Ligue 2 / MLS / Premier League
smt_buts_dom,dom,Nancy,0.6651,1.0062,0.8201,8590,311,8,25.0,0.07,02/08/2024 - 01/08/2026,Bundesliga / Championship / LaLiga / LaLiga 2 / Ligue 1 / Ligue 2 / MLS / Premier League
smt_buts_dom,dom,S. Wednesday,0.6845,1.0204,0.8201,8590,311,8,25.0,0.07,02/08/2024 - 01/08/2026,Bundesliga / Championship / LaLiga / LaLiga 2 / Ligue 1 / Ligue 2 / MLS / Premier League
smt_buts_dom,dom,Torino,0.9737,1.0348,0.8201,8590,311,8,25.0,0.07,02/08/2024 - 01/08/2026,Bundesliga / Championship / LaLiga / LaLiga 2 / Ligue 1 / Ligue 2 / MLS / Premier League
smt_buts_dom,dom,Porto II,0.8756,0.8957,0.8201,8590,311,8,25.0,0.07,02/08/2024 - 01/08/2026,Bundesliga / Championship / LaLiga / LaLiga 2 / Ligue 1 / Ligue 2 / MLS / Premier League
smt_buts_dom,dom,Arsenal,1.2579,0.6809,0.8201,8590,311,8,25.0,0.07,02/08/2024 - 01/08/2026,Bundesliga / Championship / LaLiga / LaLiga 2 / Ligue 1 / Ligue 2 / MLS / Premier League
smt_buts_dom,dom,Étienne - Reims,1.0,1.2812,0.8201,8590,311,8,25.0,0.07,02/08/2024 - 01/08/2026,Bundesliga / Championship / LaLiga / LaLiga 2 / Ligue 1 / Ligue 2 / MLS / Premier League
smt_buts_dom,dom,Fiorentina,0.8667,1.0524,0.8201,8590,311,8,25.0,0.07,02/08/2024 - 01/08/2026,Bundesliga / Championship / LaLiga / LaLiga 2 / Ligue 1 / Ligue 2 / MLS / Premier League
smt_buts_dom,dom,Sassuolo,1.1068,0.904,0.8201,8590,311,8,25.0,0.07,02/08/2024 - 01/08/2026,Bundesliga / Championship / LaLiga / LaLiga 2 / Ligue 1 / Ligue 2 / MLS / Premier League
smt_buts_dom,dom,Estoril,0.993,1.0192,0.8201,8590,311,8,25.0,0.07,02/08/2024 - 01/08/2026,Bundesliga / Championship / LaLiga / LaLiga 2 / Ligue 1 / Ligue 2 / MLS / Premier League
smt_buts_dom,dom,RC Lens,1.208,0.7809,0.8201,8590,311,8,25.0,0.07,02/08/2024 - 01/08/2026,Bundesliga / Championship / LaLiga / LaLiga 2 / Ligue 1 / Ligue 2 / MLS / Premier League
smt_buts_dom,dom,Aston Villa,1.1433,1.0551,0.8201,8590,311,8,25.0,0.07,02/08/2024 - 01/08/2026,Bundesliga / Championship / LaLiga / LaLiga 2 / Ligue 1 / Ligue 2 / MLS / Premier League
smt_buts_dom,dom,Cadix,0.7676,1.0514,0.8201,8590,311,8,25.0,0.07,02/08/2024 - 01/08/2026,Bundesliga / Championship / LaLiga / LaLiga 2 / Ligue 1 / Ligue 2 / MLS / Premier League
smt_buts_dom,dom,Genoa,0.9985,0.8784,0.8201,8590,311,8,25.0,0.07,02/08/2024 - 01/08/2026,Bundesliga / Championship / LaLiga / LaLiga 2 / Ligue 1 / Ligue 2 / MLS / Premier League
smt_buts_dom,dom,Ceuta,0.7879,1.0989,0.8201,8590,311,8,25.0,0.07,02/08/2024 - 01/08/2026,Bundesliga / Championship / LaLiga / LaLiga 2 / Ligue 1 / Ligue 2 / MLS / Premier League
smt_buts_dom,dom,Werder Brême,0.9575,1.1172,0.8201,8590,311,8,25.0,0.07,02/08/2024 - 01/08/2026,Bundesliga / Championship / LaLiga / LaLiga 2 / Ligue 1 / Ligue 2 / MLS / Premier League
smt_buts_dom,dom,Portland,1.1872,0.9089,0.8201,8590,311,8,25.0,0.07,02/08/2024 - 01/08/2026,Bundesliga / Championship / LaLiga / LaLiga 2 / Ligue 1 / Ligue 2 / MLS / Premier League
smt_buts_dom,dom,Darmstadt,1.0851,1.2745,0.8201,8590,311,8,25.0,0.07,02/08/2024 - 01/08/2026,Bundesliga / Championship / LaLiga / LaLiga 2 / Ligue 1 / Ligue 2 / MLS / Premier League
smt_buts_dom,dom,Luton,0.782,1.2185,0.8201,8590,311,8,25.0,0.07,02/08/2024 - 01/08/2026,Bundesliga / Championship / LaLiga / LaLiga 2 / Ligue 1 / Ligue 2 / MLS / Premier League
smt_buts_dom,dom,Vizela,1.1283,0.8609,0.8201,8590,311,8,25.0,0.07,02/08/2024 - 01/08/2026,Bundesliga / Championship / LaLiga / LaLiga 2 / Ligue 1 / Ligue 2 / MLS / Premier League
smt_buts_dom,dom,Sankt Pauli,0.8157,1.0538,0.8201,8590,311,8,25.0,0.07,02/08/2024 - 01/08/2026,Bundesliga / Championship / LaLiga / LaLiga 2 / Ligue 1 / Ligue 2 / MLS / Premier League
smt_buts_dom,dom,Grenade,0.7609,1.0797,0.8201,8590,311,8,25.0,0.07,02/08/2024 - 01/08/2026,Bundesliga / Championship / LaLiga / LaLiga 2 / Ligue 1 / Ligue 2 / MLS / Premier League
smt_buts_dom,dom,Bochum,0.9692,1.1784,0.8201,8590,311,8,25.0,0.07,02/08/2024 - 01/08/2026,Bundesliga / Championship / LaLiga / LaLiga 2 / Ligue 1 / Ligue 2 / MLS / Premier League
smt_buts_dom,dom,Chaves,0.9568,0.9138,0.8201,8590,311,8,25.0,0.07,02/08/2024 - 01/08/2026,Bundesliga / Championship / LaLiga / LaLiga 2 / Ligue 1 / Ligue 2 / MLS / Premier League
smt_buts_dom,dom,Leganes,0.8601,1.1173,0.8201,8590,311,8,25.0,0.07,02/08/2024 - 01/08/2026,Bundesliga / Championship / LaLiga / LaLiga 2 / Ligue 1 / Ligue 2 / MLS / Premier League
smt_buts_dom,dom,Chicago Fire,1.2431,1.0098,0.8201,8590,311,8,25.0,0.07,02/08/2024 - 01/08/2026,Bundesliga / Championship / LaLiga / LaLiga 2 / Ligue 1 / Ligue 2 / MLS / Premier League
smt_buts_dom,dom,Palerme,1.1326,0.9441,0.8201,8590,311,8,25.0,0.07,02/08/2024 - 01/08/2026,Bundesliga / Championship / LaLiga / LaLiga 2 / Ligue 1 / Ligue 2 / MLS / Premier League
smt_buts_dom,dom,Famalicão,1.061,0.9236,0.8201,8590,311,8,25.0,0.07,02/08/2024 - 01/08/2026,Bundesliga / Championship / LaLiga / LaLiga 2 / Ligue 1 / Ligue 2 / MLS / Premier League
smt_buts_dom,dom,Mafra,0.7589,1.2586,0.8201,8590,311,8,25.0,0.07,02/08/2024 - 01/08/2026,Bundesliga / Championship / LaLiga / LaLiga 2 / Ligue 1 / Ligue 2 / MLS / Premier League
smt_buts_dom,dom,Birmingham,0.8837,0.6939,0.8201,8590,311,8,25.0,0.07,02/08/2024 - 01/08/2026,Bundesliga / Championship / LaLiga / LaLiga 2 / Ligue 1 / Ligue 2 / MLS / Premier League
smt_buts_dom,dom,Levante,1.1485,1.1788,0.8201,8590,311,8,25.0,0.07,02/08/2024 - 01/08/2026,Bundesliga / Championship / LaLiga / LaLiga 2 / Ligue 1 / Ligue 2 / MLS / Premier League
smt_buts_dom,dom,Rennes,1.0966,1.3019,0.8201,8590,311,8,25.0,0.07,02/08/2024 - 01/08/2026,Bundesliga / Championship / LaLiga / LaLiga 2 / Ligue 1 / Ligue 2 / MLS / Premier League
smt_buts_dom,dom,Real Salt Lake,0.9688,1.2192,0.8201,8590,311,8,25.0,0.07,02/08/2024 - 01/08/2026,Bundesliga / Championship / LaLiga / LaLiga 2 / Ligue 1 / Ligue 2 / MLS / Premier League
smt_buts_dom,dom,Mirandés,0.965,1.1712,0.8201,8590,311,8,25.0,0.07,02/08/2024 - 01/08/2026,Bundesliga / Championship / LaLiga / LaLiga 2 / Ligue 1 / Ligue 2 / MLS / Premier League
smt_buts_dom,dom,Salernitana,1.0421,1.0975,0.8201,8590,311,8,25.0,0.07,02/08/2024 - 01/08/2026,Bundesliga / Championship / LaLiga / LaLiga 2 / Ligue 1 / Ligue 2 / MLS / Premier League
smt_buts_dom,dom,Villarreal,1.157,0.8897,0.8201,8590,311,8,25.0,0.07,02/08/2024 - 01/08/2026,Bundesliga / Championship / LaLiga / LaLiga 2 / Ligue 1 / Ligue 2 / MLS / Premier League
smt_buts_dom,dom,Inter,1.5829,0.7777,0.8201,8590,311,8,25.0,0.07,02/08/2024 - 01/08/2026,Bundesliga / Championship / LaLiga / LaLiga 2 / Ligue 1 / Ligue 2 / MLS / Premier League
smt_buts_dom,dom,Südtirol,0.691,0.8389,0.8201,8590,311,8,25.0,0.07,02/08/2024 - 01/08/2026,Bundesliga / Championship / LaLiga / LaLiga 2 / Ligue 1 / Ligue 2 / MLS / Premier League
smt_buts_dom,dom,Étienne - EA Guingamp,1.0,1.0244,0.8201,8590,311,8,25.0,0.07,02/08/2024 - 01/08/2026,Bundesliga / Championship / LaLiga / LaLiga 2 / Ligue 1 / Ligue 2 / MLS / Premier League
smt_buts_dom,dom,Calcio Padova,0.8928,0.9016,0.8201,8590,311,8,25.0,0.07,02/08/2024 - 01/08/2026,Bundesliga / Championship / LaLiga / LaLiga 2 / Ligue 1 / Ligue 2 / MLS / Premier League
smt_buts_dom,dom,Brentford,1.0771,0.9772,0.8201,8590,311,8,25.0,0.07,02/08/2024 - 01/08/2026,Bundesliga / Championship / LaLiga / LaLiga 2 / Ligue 1 / Ligue 2 / MLS / Premier League
smt_buts_dom,dom,Chelsea,0.9421,0.8849,0.8201,8590,311,8,25.0,0.07,02/08/2024 - 01/08/2026,Bundesliga / Championship / LaLiga / LaLiga 2 / Ligue 1 / Ligue 2 / MLS / Premier League
smt_buts_dom,dom,FC Andorra,1.162,1.0607,0.8201,8590,311,8,25.0,0.07,02/08/2024 - 01/08/2026,Bundesliga / Championship / LaLiga / LaLiga 2 / Ligue 1 / Ligue 2 / MLS / Premier League
smt_buts_dom,dom,Everton,0.9802,0.8906,0.8201,8590,311,8,25.0,0.07,02/08/2024 - 01/08/2026,Bundesliga / Championship / LaLiga / LaLiga 2 / Ligue 1 / Ligue 2 / MLS / Premier League
smt_buts_dom,dom,Houston,0.8875,1.0188,0.8201,8590,311,8,25.0,0.07,02/08/2024 - 01/08/2026,Bundesliga / Championship / LaLiga / LaLiga 2 / Ligue 1 / Ligue 2 / MLS / Premier League
smt_buts_dom,dom,Maritimo,0.8778,0.7372,0.8201,8590,311,8,25.0,0.07,02/08/2024 - 01/08/2026,Bundesliga / Championship / LaLiga / LaLiga 2 / Ligue 1 / Ligue 2 / MLS / Premier League
smt_buts_dom,dom,R. Sociedad II,0.908,1.0591,0.8201,8590,311,8,25.0,0.07,02/08/2024 - 01/08/2026,Bundesliga / Championship / LaLiga / LaLiga 2 / Ligue 1 / Ligue 2 / MLS / Premier League
smt_buts_dom,dom,Real Valladolid,0.7776,1.3337,0.8201,8590,311,8,25.0,0.07,02/08/2024 - 01/08/2026,Bundesliga / Championship / LaLiga / LaLiga 2 / Ligue 1 / Ligue 2 / MLS / Premier League
smt_buts_dom,dom,FC Porto,1.3411,0.7482,0.8201,8590,311,8,25.0,0.07,02/08/2024 - 01/08/2026,Bundesliga / Championship / LaLiga / LaLiga 2 / Ligue 1 / Ligue 2 / MLS / Premier League
smt_buts_dom,dom,Not. Forest,0.8776,0.8812,0.8201,8590,311,8,25.0,0.07,02/08/2024 - 01/08/2026,Bundesliga / Championship / LaLiga / LaLiga 2 / Ligue 1 / Ligue 2 / MLS / Premier League
smt_buts_dom,dom,Getafe,0.7378,0.7135,0.8201,8590,311,8,25.0,0.07,02/08/2024 - 01/08/2026,Bundesliga / Championship / LaLiga / LaLiga 2 / Ligue 1 / Ligue 2 / MLS / Premier League
smt_buts_dom,dom,Juve Stabia,0.9124,1.0386,0.8201,8590,311,8,25.0,0.07,02/08/2024 - 01/08/2026,Bundesliga / Championship / LaLiga / LaLiga 2 / Ligue 1 / Ligue 2 / MLS / Premier League
smt_buts_dom,dom,Almería,1.5207,0.9653,0.8201,8590,311,8,25.0,0.07,02/08/2024 - 01/08/2026,Bundesliga / Championship / LaLiga / LaLiga 2 / Ligue 1 / Ligue 2 / MLS / Premier League
smt_buts_dom,dom,Bristol City,0.9667,0.7964,0.8201,8590,311,8,25.0,0.07,02/08/2024 - 01/08/2026,Bundesliga / Championship / LaLiga / LaLiga 2 / Ligue 1 / Ligue 2 / MLS / Premier League
smt_buts_dom,dom,Celta Vigo,1.0772,0.9042,0.8201,8590,311,8,25.0,0.07,02/08/2024 - 01/08/2026,Bundesliga / Championship / LaLiga / LaLiga 2 / Ligue 1 / Ligue 2 / MLS / Premier League
smt_buts_dom,dom,Clermont,0.8564,0.9115,0.8201,8590,311,8,25.0,0.07,02/08/2024 - 01/08/2026,Bundesliga / Championship / LaLiga / LaLiga 2 / Ligue 1 / Ligue 2 / MLS / Premier League
smt_buts_dom,dom,USL Dunkerque,1.0345,1.1002,0.8201,8590,311,8,25.0,0.07,02/08/2024 - 01/08/2026,Bundesliga / Championship / LaLiga / LaLiga 2 / Ligue 1 / Ligue 2 / MLS / Premier League
smt_buts_dom,dom,N. Madeira,0.9781,0.9059,0.8201,8590,311,8,25.0,0.07,02/08/2024 - 01/08/2026,Bundesliga / Championship / LaLiga / LaLiga 2 / Ligue 1 / Ligue 2 / MLS / Premier League
smt_buts_dom,dom,Uniao de Leiria,0.8644,0.9072,0.8201,8590,311,8,25.0,0.07,02/08/2024 - 01/08/2026,Bundesliga / Championship / LaLiga / LaLiga 2 / Ligue 1 / Ligue 2 / MLS / Premier League
smt_buts_dom,dom,Lille,1.106,0.8128,0.8201,8590,311,8,25.0,0.07,02/08/2024 - 01/08/2026,Bundesliga / Championship / LaLiga / LaLiga 2 / Ligue 1 / Ligue 2 / MLS / Premier League
smt_buts_dom,dom,Braga,0.9993,0.7353,0.8201,8590,311,8,25.0,0.07,02/08/2024 - 01/08/2026,Bundesliga / Championship / LaLiga / LaLiga 2 / Ligue 1 / Ligue 2 / MLS / Premier League
smt_buts_dom,dom,S. Sounders,1.0518,0.8195,0.8201,8590,311,8,25.0,0.07,02/08/2024 - 01/08/2026,Bundesliga / Championship / LaLiga / LaLiga 2 / Ligue 1 / Ligue 2 / MLS / Premier League
smt_buts_dom,dom,Lourosa,0.9063,1.1808,0.8201,8590,311,8,25.0,0.07,02/08/2024 - 01/08/2026,Bundesliga / Championship / LaLiga / LaLiga 2 / Ligue 1 / Ligue 2 / MLS / Premier League
smt_buts_dom,dom,Colorado,1.2894,1.2428,0.8201,8590,311,8,25.0,0.07,02/08/2024 - 01/08/2026,Bundesliga / Championship / LaLiga / LaLiga 2 / Ligue 1 / Ligue 2 / MLS / Premier League
smt_buts_dom,dom,Albacete,1.0729,0.7419,0.8201,8590,311,8,25.0,0.07,02/08/2024 - 01/08/2026,Bundesliga / Championship / LaLiga / LaLiga 2 / Ligue 1 / Ligue 2 / MLS / Premier League
smt_buts_dom,dom,Blackburn,0.7551,0.974,0.8201,8590,311,8,25.0,0.07,02/08/2024 - 01/08/2026,Bundesliga / Championship / LaLiga / LaLiga 2 / Ligue 1 / Ligue 2 / MLS / Premier League
smt_buts_dom,dom,Troyes,1.3367,0.847,0.8201,8590,311,8,25.0,0.07,02/08/2024 - 01/08/2026,Bundesliga / Championship / LaLiga / LaLiga 2 / Ligue 1 / Ligue 2 / MLS / Premier League
smt_buts_dom,dom,Étienne - Montpellier,1.0,1.0434,0.8201,8590,311,8,25.0,0.07,02/08/2024 - 01/08/2026,Bundesliga / Championship / LaLiga / LaLiga 2 / Ligue 1 / Ligue 2 / MLS / Premier League
smt_buts_dom,dom,Saint,1.0983,1.0,0.8201,8590,311,8,25.0,0.07,02/08/2024 - 01/08/2026,Bundesliga / Championship / LaLiga / LaLiga 2 / Ligue 1 / Ligue 2 / MLS / Premier League
smt_buts_dom,dom,P. Münster,0.8297,1.1301,0.8201,8590,311,8,25.0,0.07,02/08/2024 - 01/08/2026,Bundesliga / Championship / LaLiga / LaLiga 2 / Ligue 1 / Ligue 2 / MLS / Premier League
smt_buts_dom,dom,Rodez,1.1987,1.0136,0.8201,8590,311,8,25.0,0.07,02/08/2024 - 01/08/2026,Bundesliga / Championship / LaLiga / LaLiga 2 / Ligue 1 / Ligue 2 / MLS / Premier League
smt_buts_dom,dom,SM Caen,0.7565,1.2449,0.8201,8590,311,8,25.0,0.07,02/08/2024 - 01/08/2026,Bundesliga / Championship / LaLiga / LaLiga 2 / Ligue 1 / Ligue 2 / MLS / Premier League
smt_buts_dom,dom,Naples,1.0799,0.7797,0.8201,8590,311,8,25.0,0.07,02/08/2024 - 01/08/2026,Bundesliga / Championship / LaLiga / LaLiga 2 / Ligue 1 / Ligue 2 / MLS / Premier League
smt_buts_dom,dom,Bournemouth,1.0305,1.0161,0.8201,8590,311,8,25.0,0.07,02/08/2024 - 01/08/2026,Bundesliga / Championship / LaLiga / LaLiga 2 / Ligue 1 / Ligue 2 / MLS / Premier League
smt_buts_dom,dom,Newcastle,1.1451,0.838,0.8201,8590,311,8,25.0,0.07,02/08/2024 - 01/08/2026,Bundesliga / Championship / LaLiga / LaLiga 2 / Ligue 1 / Ligue 2 / MLS / Premier League
smt_buts_dom,dom,Étienne - Angers,1.0,1.1598,0.8201,8590,311,8,25.0,0.07,02/08/2024 - 01/08/2026,Bundesliga / Championship / LaLiga / LaLiga 2 / Ligue 1 / Ligue 2 / MLS / Premier League
smt_buts_dom,dom,West Ham,0.8662,1.1199,0.8201,8590,311,8,25.0,0.07,02/08/2024 - 01/08/2026,Bundesliga / Championship / LaLiga / LaLiga 2 / Ligue 1 / Ligue 2 / MLS / Premier League
smt_buts_dom,dom,Milan,0.9353,0.7782,0.8201,8590,311,8,25.0,0.07,02/08/2024 - 01/08/2026,Bundesliga / Championship / LaLiga / LaLiga 2 / Ligue 1 / Ligue 2 / MLS / Premier League
smt_buts_dom,dom,SC Bastia,0.644,0.7802,0.8201,8590,311,8,25.0,0.07,02/08/2024 - 01/08/2026,Bundesliga / Championship / LaLiga / LaLiga 2 / Ligue 1 / Ligue 2 / MLS / Premier League
smt_buts_dom,dom,Karlsruher,1.3407,1.2961,0.8201,8590,311,8,25.0,0.07,02/08/2024 - 01/08/2026,Bundesliga / Championship / LaLiga / LaLiga 2 / Ligue 1 / Ligue 2 / MLS / Premier League
smt_buts_dom,dom,Angers,0.8542,1.0685,0.8201,8590,311,8,25.0,0.07,02/08/2024 - 01/08/2026,Bundesliga / Championship / LaLiga / LaLiga 2 / Ligue 1 / Ligue 2 / MLS / Premier League
smt_buts_dom,dom,Spezia,1.0157,0.9741,0.8201,8590,311,8,25.0,0.07,02/08/2024 - 01/08/2026,Bundesliga / Championship / LaLiga / LaLiga 2 / Ligue 1 / Ligue 2 / MLS / Premier League
smt_buts_dom,dom,D. Dresde,0.9561,1.1813,0.8201,8590,311,8,25.0,0.07,02/08/2024 - 01/08/2026,Bundesliga / Championship / LaLiga / LaLiga 2 / Ligue 1 / Ligue 2 / MLS / Premier League
smt_buts_dom,dom,Monza,1.0616,1.018,0.8201,8590,311,8,25.0,0.07,02/08/2024 - 01/08/2026,Bundesliga / Championship / LaLiga / LaLiga 2 / Ligue 1 / Ligue 2 / MLS / Premier League
smt_buts_dom,dom,Fulham,1.0418,0.8865,0.8201,8590,311,8,25.0,0.07,02/08/2024 - 01/08/2026,Bundesliga / Championship / LaLiga / LaLiga 2 / Ligue 1 / Ligue 2 / MLS / Premier League
smt_buts_dom,dom,Los Angeles,1.1158,0.9474,0.8201,8590,311,8,25.0,0.07,02/08/2024 - 01/08/2026,Bundesliga / Championship / LaLiga / LaLiga 2 / Ligue 1 / Ligue 2 / MLS / Premier League
smt_buts_dom,dom,Santa Clara,0.8184,0.8285,0.8201,8590,311,8,25.0,0.07,02/08/2024 - 01/08/2026,Bundesliga / Championship / LaLiga / LaLiga 2 / Ligue 1 / Ligue 2 / MLS / Premier League
smt_buts_dom,dom,Valence,1.1872,1.0369,0.8201,8590,311,8,25.0,0.07,02/08/2024 - 01/08/2026,Bundesliga / Championship / LaLiga / LaLiga 2 / Ligue 1 / Ligue 2 / MLS / Premier League
smt_buts_dom,dom,Hambourg,1.0191,1.1632,0.8201,8590,311,8,25.0,0.07,02/08/2024 - 01/08/2026,Bundesliga / Championship / LaLiga / LaLiga 2 / Ligue 1 / Ligue 2 / MLS / Premier League
smt_buts_dom,dom,Hellas Verone,0.5595,1.1213,0.8201,8590,311,8,25.0,0.07,02/08/2024 - 01/08/2026,Bundesliga / Championship / LaLiga / LaLiga 2 / Ligue 1 / Ligue 2 / MLS / Premier League
smt_buts_dom,dom,Toronto,1.2942,0.8907,0.8201,8590,311,8,25.0,0.07,02/08/2024 - 01/08/2026,Bundesliga / Championship / LaLiga / LaLiga 2 / Ligue 1 / Ligue 2 / MLS / Premier League
smt_buts_dom,dom,Catanzaro,1.1256,1.0253,0.8201,8590,311,8,25.0,0.07,02/08/2024 - 01/08/2026,Bundesliga / Championship / LaLiga / LaLiga 2 / Ligue 1 / Ligue 2 / MLS / Premier League
smt_buts_dom,dom,Moreirense,0.8758,1.173,0.8201,8590,311,8,25.0,0.07,02/08/2024 - 01/08/2026,Bundesliga / Championship / LaLiga / LaLiga 2 / Ligue 1 / Ligue 2 / MLS / Premier League
smt_buts_dom,dom,Lorient,1.3847,0.973,0.8201,8590,311,8,25.0,0.07,02/08/2024 - 01/08/2026,Bundesliga / Championship / LaLiga / LaLiga 2 / Ligue 1 / Ligue 2 / MLS / Premier League
smt_buts_dom,dom,Étienne - Nancy,1.0,1.0244,0.8201,8590,311,8,25.0,0.07,02/08/2024 - 01/08/2026,Bundesliga / Championship / LaLiga / LaLiga 2 / Ligue 1 / Ligue 2 / MLS / Premier League
smt_buts_dom,dom,Greuther Fürth,0.8791,1.3816,0.8201,8590,311,8,25.0,0.07,02/08/2024 - 01/08/2026,Bundesliga / Championship / LaLiga / LaLiga 2 / Ligue 1 / Ligue 2 / MLS / Premier League
smt_buts_dom,dom,Frosinone,1.2397,0.7555,0.8201,8590,311,8,25.0,0.07,02/08/2024 - 01/08/2026,Bundesliga / Championship / LaLiga / LaLiga 2 / Ligue 1 / Ligue 2 / MLS / Premier League
smt_buts_dom,dom,Rome,1.2929,0.9372,0.8201,8590,311,8,25.0,0.07,02/08/2024 - 01/08/2026,Bundesliga / Championship / LaLiga / LaLiga 2 / Ligue 1 / Ligue 2 / MLS / Premier League
smt_buts_dom,dom,Carthagène,0.4922,1.3674,0.8201,8590,311,8,25.0,0.07,02/08/2024 - 01/08/2026,Bundesliga / Championship / LaLiga / LaLiga 2 / Ligue 1 / Ligue 2 / MLS / Premier League
smt_buts_dom,dom,M'gladbach,0.9793,1.0533,0.8201,8590,311,8,25.0,0.07,02/08/2024 - 01/08/2026,Bundesliga / Championship / LaLiga / LaLiga 2 / Ligue 1 / Ligue 2 / MLS / Premier League
smt_buts_dom,dom,Ath. Bilbao,0.8696,1.1812,0.8201,8590,311,8,25.0,0.07,02/08/2024 - 01/08/2026,Bundesliga / Championship / LaLiga / LaLiga 2 / Ligue 1 / Ligue 2 / MLS / Premier League
smt_buts_dom,dom,Estrela,0.8422,1.0888,0.8201,8590,311,8,25.0,0.07,02/08/2024 - 01/08/2026,Bundesliga / Championship / LaLiga / LaLiga 2 / Ligue 1 / Ligue 2 / MLS / Premier League
smt_buts_dom,dom,Hull City,0.7881,0.9993,0.8201,8590,311,8,25.0,0.07,02/08/2024 - 01/08/2026,Bundesliga / Championship / LaLiga / LaLiga 2 / Ligue 1 / Ligue 2 / MLS / Premier League
smt_buts_dom,dom,Nuremberg,1.187,1.0332,0.8201,8590,311,8,25.0,0.07,02/08/2024 - 01/08/2026,Bundesliga / Championship / LaLiga / LaLiga 2 / Ligue 1 / Ligue 2 / MLS / Premier League
smt_buts_dom,dom,Hanovre,1.0113,0.9006,0.8201,8590,311,8,25.0,0.07,02/08/2024 - 01/08/2026,Bundesliga / Championship / LaLiga / LaLiga 2 / Ligue 1 / Ligue 2 / MLS / Premier League
smt_buts_dom,dom,Paderborn,1.3255,0.8877,0.8201,8590,311,8,25.0,0.07,02/08/2024 - 01/08/2026,Bundesliga / Championship / LaLiga / LaLiga 2 / Ligue 1 / Ligue 2 / MLS / Premier League
smt_buts_dom,dom,AJ Auxerre,0.9579,1.1729,0.8201,8590,311,8,25.0,0.07,02/08/2024 - 01/08/2026,Bundesliga / Championship / LaLiga / LaLiga 2 / Ligue 1 / Ligue 2 / MLS / Premier League
smt_buts_dom,dom,Étienne - Troyes,1.0,0.8889,0.8201,8590,311,8,25.0,0.07,02/08/2024 - 01/08/2026,Bundesliga / Championship / LaLiga / LaLiga 2 / Ligue 1 / Ligue 2 / MLS / Premier League
smt_buts_dom,dom,Millwall,0.8523,0.6779,0.8201,8590,311,8,25.0,0.07,02/08/2024 - 01/08/2026,Bundesliga / Championship / LaLiga / LaLiga 2 / Ligue 1 / Ligue 2 / MLS / Premier League
smt_buts_dom,dom,Gérone,0.9313,1.1659,0.8201,8590,311,8,25.0,0.07,02/08/2024 - 01/08/2026,Bundesliga / Championship / LaLiga / LaLiga 2 / Ligue 1 / Ligue 2 / MLS / Premier League
smt_buts_dom,dom,Düsseldorf,1.0049,0.8897,0.8201,8590,311,8,25.0,0.07,02/08/2024 - 01/08/2026,Bundesliga / Championship / LaLiga / LaLiga 2 / Ligue 1 / Ligue 2 / MLS / Premier League
smt_buts_dom,dom,Bayern Munich,1.9506,0.6808,0.8201,8590,311,8,25.0,0.07,02/08/2024 - 01/08/2026,Bundesliga / Championship / LaLiga / LaLiga 2 / Ligue 1 / Ligue 2 / MLS / Premier League
smt_buts_dom,dom,Ipswich Town,0.8745,0.9075,0.8201,8590,311,8,25.0,0.07,02/08/2024 - 01/08/2026,Bundesliga / Championship / LaLiga / LaLiga 2 / Ligue 1 / Ligue 2 / MLS / Premier League
smt_buts_dom,dom,Real Madrid,1.4506,0.7675,0.8201,8590,311,8,25.0,0.07,02/08/2024 - 01/08/2026,Bundesliga / Championship / LaLiga / LaLiga 2 / Ligue 1 / Ligue 2 / MLS / Premier League
smt_buts_dom,dom,Elversberg,1.239,0.7754,0.8201,8590,311,8,25.0,0.07,02/08/2024 - 01/08/2026,Bundesliga / Championship / LaLiga / LaLiga 2 / Ligue 1 / Ligue 2 / MLS / Premier League
smt_buts_dom,dom,Étienne - USL Dunkerque,1.0,1.0244,0.8201,8590,311,8,25.0,0.07,02/08/2024 - 01/08/2026,Bundesliga / Championship / LaLiga / LaLiga 2 / Ligue 1 / Ligue 2 / MLS / Premier League
smt_buts_dom,dom,Mayence,0.8841,0.9529,0.8201,8590,311,8,25.0,0.07,02/08/2024 - 01/08/2026,Bundesliga / Championship / LaLiga / LaLiga 2 / Ligue 1 / Ligue 2 / MLS / Premier League
smt_buts_dom,dom,Magdebourg,1.0776,0.9967,0.8201,8590,311,8,25.0,0.07,02/08/2024 - 01/08/2026,Bundesliga / Championship / LaLiga / LaLiga 2 / Ligue 1 / Ligue 2 / MLS / Premier League
smt_buts_dom,dom,Tottenham,0.9844,0.8077,0.8201,8590,311,8,25.0,0.07,02/08/2024 - 01/08/2026,Bundesliga / Championship / LaLiga / LaLiga 2 / Ligue 1 / Ligue 2 / MLS / Premier League
smt_buts_dom,dom,Watford,0.8241,1.005,0.8201,8590,311,8,25.0,0.07,02/08/2024 - 01/08/2026,Bundesliga / Championship / LaLiga / LaLiga 2 / Ligue 1 / Ligue 2 / MLS / Premier League
smt_buts_dom,dom,Rio Ave,0.7443,1.1335,0.8201,8590,311,8,25.0,0.07,02/08/2024 - 01/08/2026,Bundesliga / Championship / LaLiga / LaLiga 2 / Ligue 1 / Ligue 2 / MLS / Premier League
smt_buts_dom,dom,Sheffield Utd,1.1488,0.8858,0.8201,8590,311,8,25.0,0.07,02/08/2024 - 01/08/2026,Bundesliga / Championship / LaLiga / LaLiga 2 / Ligue 1 / Ligue 2 / MLS / Premier League
smt_buts_dom,dom,Nashville SC,1.1599,0.9036,0.8201,8590,311,8,25.0,0.07,02/08/2024 - 01/08/2026,Bundesliga / Championship / LaLiga / LaLiga 2 / Ligue 1 / Ligue 2 / MLS / Premier League
smt_buts_dom,dom,Ratisbonne,0.6923,1.694,0.8201,8590,311,8,25.0,0.07,02/08/2024 - 01/08/2026,Bundesliga / Championship / LaLiga / LaLiga 2 / Ligue 1 / Ligue 2 / MLS / Premier League
smt_buts_dom,dom,St. Lavallois,0.7083,0.8696,0.8201,8590,311,8,25.0,0.07,02/08/2024 - 01/08/2026,Bundesliga / Championship / LaLiga / LaLiga 2 / Ligue 1 / Ligue 2 / MLS / Premier League
smt_buts_dom,dom,Oxford Utd,0.7981,0.8907,0.8201,8590,311,8,25.0,0.07,02/08/2024 - 01/08/2026,Bundesliga / Championship / LaLiga / LaLiga 2 / Ligue 1 / Ligue 2 / MLS / Premier League
smt_buts_dom,dom,Annecy,0.946,1.0003,0.8201,8590,311,8,25.0,0.07,02/08/2024 - 01/08/2026,Bundesliga / Championship / LaLiga / LaLiga 2 / Ligue 1 / Ligue 2 / MLS / Premier League
smt_buts_dom,dom,Elche,1.1947,1.1345,0.8201,8590,311,8,25.0,0.07,02/08/2024 - 01/08/2026,Bundesliga / Championship / LaLiga / LaLiga 2 / Ligue 1 / Ligue 2 / MLS / Premier League
smt_buts_dom,dom,Cesena,0.9407,0.9431,0.8201,8590,311,8,25.0,0.07,02/08/2024 - 01/08/2026,Bundesliga / Championship / LaLiga / LaLiga 2 / Ligue 1 / Ligue 2 / MLS / Premier League
smt_buts_dom,dom,Arouca,1.009,1.0503,0.8201,8590,311,8,25.0,0.07,02/08/2024 - 01/08/2026,Bundesliga / Championship / LaLiga / LaLiga 2 / Ligue 1 / Ligue 2 / MLS / Premier League
smt_buts_dom,dom,Havre AC,0.7632,1.114,0.8201,8590,311,8,25.0,0.07,02/08/2024 - 01/08/2026,Bundesliga / Championship / LaLiga / LaLiga 2 / Ligue 1 / Ligue 2 / MLS / Premier League
smt_buts_dom,dom,Bologne,1.0628,1.0282,0.8201,8590,311,8,25.0,0.07,02/08/2024 - 01/08/2026,Bundesliga / Championship / LaLiga / LaLiga 2 / Ligue 1 / Ligue 2 / MLS / Premier League
smt_buts_dom,dom,Mantoue,0.943,0.9834,0.8201,8590,311,8,25.0,0.07,02/08/2024 - 01/08/2026,Bundesliga / Championship / LaLiga / LaLiga 2 / Ligue 1 / Ligue 2 / MLS / Premier League
smt_buts_dom,dom,Red Star,0.7807,0.8782,0.8201,8590,311,8,25.0,0.07,02/08/2024 - 01/08/2026,Bundesliga / Championship / LaLiga / LaLiga 2 / Ligue 1 / Ligue 2 / MLS / Premier League
smt_buts_dom,dom,Montpellier,1.0286,0.8684,0.8201,8590,311,8,25.0,0.07,02/08/2024 - 01/08/2026,Bundesliga / Championship / LaLiga / LaLiga 2 / Ligue 1 / Ligue 2 / MLS / Premier League
smt_buts_dom,dom,Southampton,0.8761,1.1159,0.8201,8590,311,8,25.0,0.07,02/08/2024 - 01/08/2026,Bundesliga / Championship / LaLiga / LaLiga 2 / Ligue 1 / Ligue 2 / MLS / Premier League
smt_buts_dom,dom,Alavés,0.7658,1.2154,0.8201,8590,311,8,25.0,0.07,02/08/2024 - 01/08/2026,Bundesliga / Championship / LaLiga / LaLiga 2 / Ligue 1 / Ligue 2 / MLS / Premier League
smt_buts_dom,dom,Étienne - Havre AC,1.0,0.8889,0.8201,8590,311,8,25.0,0.07,02/08/2024 - 01/08/2026,Bundesliga / Championship / LaLiga / LaLiga 2 / Ligue 1 / Ligue 2 / MLS / Premier League
smt_buts_dom,dom,Étienne - Pau,1.0,1.1598,0.8201,8590,311,8,25.0,0.07,02/08/2024 - 01/08/2026,Bundesliga / Championship / LaLiga / LaLiga 2 / Ligue 1 / Ligue 2 / MLS / Premier League
smt_buts_dom,dom,Austin,0.9364,1.4601,0.8201,8590,311,8,25.0,0.07,02/08/2024 - 01/08/2026,Bundesliga / Championship / LaLiga / LaLiga 2 / Ligue 1 / Ligue 2 / MLS / Premier League
smt_buts_dom,dom,Liverpool,1.0875,1.0291,0.8201,8590,311,8,25.0,0.07,02/08/2024 - 01/08/2026,Bundesliga / Championship / LaLiga / LaLiga 2 / Ligue 1 / Ligue 2 / MLS / Premier League
smt_buts_dom,dom,Tondela,0.8554,1.1479,0.8201,8590,311,8,25.0,0.07,02/08/2024 - 01/08/2026,Bundesliga / Championship / LaLiga / LaLiga 2 / Ligue 1 / Ligue 2 / MLS / Premier League
smt_buts_dom,dom,Étienne - Nice,1.0,0.8022,0.8201,8590,311,8,25.0,0.07,02/08/2024 - 01/08/2026,Bundesliga / Championship / LaLiga / LaLiga 2 / Ligue 1 / Ligue 2 / MLS / Premier League
smt_buts_dom,dom,Lyon,1.2857,1.0418,0.8201,8590,311,8,25.0,0.07,02/08/2024 - 01/08/2026,Bundesliga / Championship / LaLiga / LaLiga 2 / Ligue 1 / Ligue 2 / MLS / Premier League
smt_buts_dom,dom,Cincinnati,1.5154,1.3324,0.8201,8590,311,8,25.0,0.07,02/08/2024 - 01/08/2026,Bundesliga / Championship / LaLiga / LaLiga 2 / Ligue 1 / Ligue 2 / MLS / Premier League
smt_buts_dom,dom,Barcelone,1.5417,0.8219,0.8201,8590,311,8,25.0,0.07,02/08/2024 - 01/08/2026,Bundesliga / Championship / LaLiga / LaLiga 2 / Ligue 1 / Ligue 2 / MLS / Premier League
smt_buts_dom,dom,Bari,0.8142,1.1602,0.8201,8590,311,8,25.0,0.07,02/08/2024 - 01/08/2026,Bundesliga / Championship / LaLiga / LaLiga 2 / Ligue 1 / Ligue 2 / MLS / Premier League
smt_buts_dom,dom,Étienne - Rennes,1.0,0.8889,0.8201,8590,311,8,25.0,0.07,02/08/2024 - 01/08/2026,Bundesliga / Championship / LaLiga / LaLiga 2 / Ligue 1 / Ligue 2 / MLS / Premier League
smt_buts_dom,dom,Dallas,0.9154,0.8362,0.8201,8590,311,8,25.0,0.07,02/08/2024 - 01/08/2026,Bundesliga / Championship / LaLiga / LaLiga 2 / Ligue 1 / Ligue 2 / MLS / Premier League
smt_buts_dom,dom,Udinese,0.7599,0.9064,0.8201,8590,311,8,25.0,0.07,02/08/2024 - 01/08/2026,Bundesliga / Championship / LaLiga / LaLiga 2 / Ligue 1 / Ligue 2 / MLS / Premier League
smt_buts_dom,dom,Carrarese,0.9865,1.0817,0.8201,8590,311,8,25.0,0.07,02/08/2024 - 01/08/2026,Bundesliga / Championship / LaLiga / LaLiga 2 / Ligue 1 / Ligue 2 / MLS / Premier League
smt_buts_dom,dom,Atlanta Utd,1.0853,1.2953,0.8201,8590,311,8,25.0,0.07,02/08/2024 - 01/08/2026,Bundesliga / Championship / LaLiga / LaLiga 2 / Ligue 1 / Ligue 2 / MLS / Premier League
smt_buts_dom,dom,Grenoble Foot,0.7154,1.0971,0.8201,8590,311,8,25.0,0.07,02/08/2024 - 01/08/2026,Bundesliga / Championship / LaLiga / LaLiga 2 / Ligue 1 / Ligue 2 / MLS / Premier League
smt_buts_dom,dom,Boavista,0.6802,1.042,0.8201,8590,311,8,25.0,0.07,02/08/2024 - 01/08/2026,Bundesliga / Championship / LaLiga / LaLiga 2 / Ligue 1 / Ligue 2 / MLS / Premier League
smt_buts_dom,dom,Penafiel,0.8024,0.8968,0.8201,8590,311,8,25.0,0.07,02/08/2024 - 01/08/2026,Bundesliga / Championship / LaLiga / LaLiga 2 / Ligue 1 / Ligue 2 / MLS / Premier League
smt_buts_dom,dom,Santander,1.5929,1.092,0.8201,8590,311,8,25.0,0.07,02/08/2024 - 01/08/2026,Bundesliga / Championship / LaLiga / LaLiga 2 / Ligue 1 / Ligue 2 / MLS / Premier League
smt_buts_dom,dom,NY Red Bulls,0.9647,1.1392,0.8201,8590,311,8,25.0,0.07,02/08/2024 - 01/08/2026,Bundesliga / Championship / LaLiga / LaLiga 2 / Ligue 1 / Ligue 2 / MLS / Premier League
smt_buts_dom,dom,Pau,0.7645,1.1125,0.8201,8590,311,8,25.0,0.07,02/08/2024 - 01/08/2026,Bundesliga / Championship / LaLiga / LaLiga 2 / Ligue 1 / Ligue 2 / MLS / Premier League
smt_buts_dom,dom,St. Louis,1.0834,1.1577,0.8201,8590,311,8,25.0,0.07,02/08/2024 - 01/08/2026,Bundesliga / Championship / LaLiga / LaLiga 2 / Ligue 1 / Ligue 2 / MLS / Premier League
smt_buts_dom,dom,Cardiff,0.9595,1.0948,0.8201,8590,311,8,25.0,0.07,02/08/2024 - 01/08/2026,Bundesliga / Championship / LaLiga / LaLiga 2 / Ligue 1 / Ligue 2 / MLS / Premier League
smt_buts_dom,dom,Dortmund,1.3731,0.9545,0.8201,8590,311,8,25.0,0.07,02/08/2024 - 01/08/2026,Bundesliga / Championship / LaLiga / LaLiga 2 / Ligue 1 / Ligue 2 / MLS / Premier League
smt_buts_dom,dom,Casa Pia,0.6932,1.0874,0.8201,8590,311,8,25.0,0.07,02/08/2024 - 01/08/2026,Bundesliga / Championship / LaLiga / LaLiga 2 / Ligue 1 / Ligue 2 / MLS / Premier League
smt_buts_dom,dom,Burnley,0.7869,1.0854,0.8201,8590,311,8,25.0,0.07,02/08/2024 - 01/08/2026,Bundesliga / Championship / LaLiga / LaLiga 2 / Ligue 1 / Ligue 2 / MLS / Premier League
smt_buts_dom,dom,Montreal,0.8575,1.3554,0.8201,8590,311,8,25.0,0.07,02/08/2024 - 01/08/2026,Bundesliga / Championship / LaLiga / LaLiga 2 / Ligue 1 / Ligue 2 / MLS / Premier League
smt_buts_dom,dom,Atalanta,0.9169,0.6277,0.8201,8590,311,8,25.0,0.07,02/08/2024 - 01/08/2026,Bundesliga / Championship / LaLiga / LaLiga 2 / Ligue 1 / Ligue 2 / MLS / Premier League
smt_buts_dom,dom,Nantes,0.8545,1.1462,0.8201,8590,311,8,25.0,0.07,02/08/2024 - 01/08/2026,Bundesliga / Championship / LaLiga / LaLiga 2 / Ligue 1 / Ligue 2 / MLS / Premier League
smt_buts_dom,dom,Étienne - Annecy,1.0,1.0244,0.8201,8590,311,8,25.0,0.07,02/08/2024 - 01/08/2026,Bundesliga / Championship / LaLiga / LaLiga 2 / Ligue 1 / Ligue 2 / MLS / Premier League
smt_buts_dom,dom,Étienne - St. Lavallois,1.0,0.8889,0.8201,8590,311,8,25.0,0.07,02/08/2024 - 01/08/2026,Bundesliga / Championship / LaLiga / LaLiga 2 / Ligue 1 / Ligue 2 / MLS / Premier League
smt_buts_dom,dom,V. Guimaraes,1.198,1.0121,0.8201,8590,311,8,25.0,0.07,02/08/2024 - 01/08/2026,Bundesliga / Championship / LaLiga / LaLiga 2 / Ligue 1 / Ligue 2 / MLS / Premier League
smt_buts_dom,dom,Las Palmas,0.888,1.0567,0.8201,8590,311,8,25.0,0.07,02/08/2024 - 01/08/2026,Bundesliga / Championship / LaLiga / LaLiga 2 / Ligue 1 / Ligue 2 / MLS / Premier League
smt_buts_dom,dom,Charlton,0.7944,1.1401,0.8201,8590,311,8,25.0,0.07,02/08/2024 - 01/08/2026,Bundesliga / Championship / LaLiga / LaLiga 2 / Ligue 1 / Ligue 2 / MLS / Premier League
smt_buts_dom,dom,Brest,1.0468,1.149,0.8201,8590,311,8,25.0,0.07,02/08/2024 - 01/08/2026,Bundesliga / Championship / LaLiga / LaLiga 2 / Ligue 1 / Ligue 2 / MLS / Premier League
smt_buts_dom,dom,Pise,0.8497,1.1838,0.8201,8590,311,8,25.0,0.07,02/08/2024 - 01/08/2026,Bundesliga / Championship / LaLiga / LaLiga 2 / Ligue 1 / Ligue 2 / MLS / Premier League
smt_buts_dom,dom,A. Bielefeld,1.4122,1.2528,0.8201,8590,311,8,25.0,0.07,02/08/2024 - 01/08/2026,Bundesliga / Championship / LaLiga / LaLiga 2 / Ligue 1 / Ligue 2 / MLS / Premier League
smt_buts_dom,dom,Real Saragosse,0.8482,0.9465,0.8201,8590,311,8,25.0,0.07,02/08/2024 - 01/08/2026,Bundesliga / Championship / LaLiga / LaLiga 2 / Ligue 1 / Ligue 2 / MLS / Premier League
smt_buts_dom,dom,West Bromwich,0.808,0.7833,0.8201,8590,311,8,25.0,0.07,02/08/2024 - 01/08/2026,Bundesliga / Championship / LaLiga / LaLiga 2 / Ligue 1 / Ligue 2 / MLS / Premier League
smt_buts_dom,dom,V. Whitecaps,1.0924,1.0387,0.8201,8590,311,8,25.0,0.07,02/08/2024 - 01/08/2026,Bundesliga / Championship / LaLiga / LaLiga 2 / Ligue 1 / Ligue 2 / MLS / Premier League
smt_buts_dom,dom,Alverca,0.9966,0.9414,0.8201,8590,311,8,25.0,0.07,02/08/2024 - 01/08/2026,Bundesliga / Championship / LaLiga / LaLiga 2 / Ligue 1 / Ligue 2 / MLS / Premier League
smt_buts_dom,dom,Wolverhampton,0.7502,1.0961,0.8201,8590,311,8,25.0,0.07,02/08/2024 - 01/08/2026,Bundesliga / Championship / LaLiga / LaLiga 2 / Ligue 1 / Ligue 2 / MLS / Premier League
smt_buts_dom,dom,Stoke,0.8463,0.9554,0.8201,8590,311,8,25.0,0.07,02/08/2024 - 01/08/2026,Bundesliga / Championship / LaLiga / LaLiga 2 / Ligue 1 / Ligue 2 / MLS / Premier League
smt_buts_dom,dom,Feirense,0.7795,0.9793,0.8201,8590,311,8,25.0,0.07,02/08/2024 - 01/08/2026,Bundesliga / Championship / LaLiga / LaLiga 2 / Ligue 1 / Ligue 2 / MLS / Premier League
smt_buts_dom,dom,Metz,0.9396,1.2021,0.8201,8590,311,8,25.0,0.07,02/08/2024 - 01/08/2026,Bundesliga / Championship / LaLiga / LaLiga 2 / Ligue 1 / Ligue 2 / MLS / Premier League
smt_buts_dom,dom,Sporting CP II,0.8352,0.5879,0.8201,8590,311,8,25.0,0.07,02/08/2024 - 01/08/2026,Bundesliga / Championship / LaLiga / LaLiga 2 / Ligue 1 / Ligue 2 / MLS / Premier League
smt_buts_dom,dom,Saint-Étienne,1.0,1.1938,0.8201,8590,311,8,25.0,0.07,02/08/2024 - 01/08/2026,Bundesliga / Championship / LaLiga / LaLiga 2 / Ligue 1 / Ligue 2 / MLS / Premier League
smt_buts_dom,dom,New York City,0.9913,0.9016,0.8201,8590,311,8,25.0,0.07,02/08/2024 - 01/08/2026,Bundesliga / Championship / LaLiga / LaLiga 2 / Ligue 1 / Ligue 2 / MLS / Premier League
smt_buts_dom,dom,Augsbourg,0.944,1.0985,0.8201,8590,311,8,25.0,0.07,02/08/2024 - 01/08/2026,Bundesliga / Championship / LaLiga / LaLiga 2 / Ligue 1 / Ligue 2 / MLS / Premier League
smt_buts_dom,dom,Étienne - Red Star,1.0,1.1598,0.8201,8590,311,8,25.0,0.07,02/08/2024 - 01/08/2026,Bundesliga / Championship / LaLiga / LaLiga 2 / Ligue 1 / Ligue 2 / MLS / Premier League
smt_buts_dom,dom,Leixões,0.9793,1.0105,0.8201,8590,311,8,25.0,0.07,02/08/2024 - 01/08/2026,Bundesliga / Championship / LaLiga / LaLiga 2 / Ligue 1 / Ligue 2 / MLS / Premier League
smt_buts_dom,dom,Phila. Union,1.0114,1.1611,0.8201,8590,311,8,25.0,0.07,02/08/2024 - 01/08/2026,Bundesliga / Championship / LaLiga / LaLiga 2 / Ligue 1 / Ligue 2 / MLS / Premier League
smt_buts_dom,dom,Coventry,1.3476,1.0149,0.8201,8590,311,8,25.0,0.07,02/08/2024 - 01/08/2026,Bundesliga / Championship / LaLiga / LaLiga 2 / Ligue 1 / Ligue 2 / MLS / Premier League
smt_buts_dom,dom,Étienne - SC Bastia,1.0,1.0244,0.8201,8590,311,8,25.0,0.07,02/08/2024 - 01/08/2026,Bundesliga / Championship / LaLiga / LaLiga 2 / Ligue 1 / Ligue 2 / MLS / Premier League
smt_buts_dom,dom,Columbus,0.985,1.2165,0.8201,8590,311,8,25.0,0.07,02/08/2024 - 01/08/2026,Bundesliga / Championship / LaLiga / LaLiga 2 / Ligue 1 / Ligue 2 / MLS / Premier League
smt_buts_dom,dom,Kiel,0.8217,1.0939,0.8201,8590,311,8,25.0,0.07,02/08/2024 - 01/08/2026,Bundesliga / Championship / LaLiga / LaLiga 2 / Ligue 1 / Ligue 2 / MLS / Premier League
smt_buts_dom,dom,Middlesbrough,0.9033,0.9205,0.8201,8590,311,8,25.0,0.07,02/08/2024 - 01/08/2026,Bundesliga / Championship / LaLiga / LaLiga 2 / Ligue 1 / Ligue 2 / MLS / Premier League
smt_buts_dom,dom,UD Oliveirense,0.8011,1.0678,0.8201,8590,311,8,25.0,0.07,02/08/2024 - 01/08/2026,Bundesliga / Championship / LaLiga / LaLiga 2 / Ligue 1 / Ligue 2 / MLS / Premier League
smt_buts_dom,dom,Étienne - Marseille,1.0,0.8889,0.8201,8590,311,8,25.0,0.07,02/08/2024 - 01/08/2026,Bundesliga / Championship / LaLiga / LaLiga 2 / Ligue 1 / Ligue 2 / MLS / Premier League
smt_buts_dom,dom,AVS,0.8001,1.132,0.8201,8590,311,8,25.0,0.07,02/08/2024 - 01/08/2026,Bundesliga / Championship / LaLiga / LaLiga 2 / Ligue 1 / Ligue 2 / MLS / Premier League
smt_buts_dom,dom,Deportivo,0.9167,0.6791,0.8201,8590,311,8,25.0,0.07,02/08/2024 - 01/08/2026,Bundesliga / Championship / LaLiga / LaLiga 2 / Ligue 1 / Ligue 2 / MLS / Premier League
smt_buts_dom,dom,Gijon,1.0482,1.0752,0.8201,8590,311,8,25.0,0.07,02/08/2024 - 01/08/2026,Bundesliga / Championship / LaLiga / LaLiga 2 / Ligue 1 / Ligue 2 / MLS / Premier League
smt_buts_dom,dom,Étienne - AJ Auxerre,1.0,1.1598,0.8201,8590,311,8,25.0,0.07,02/08/2024 - 01/08/2026,Bundesliga / Championship / LaLiga / LaLiga 2 / Ligue 1 / Ligue 2 / MLS / Premier League
smt_buts_dom,dom,Castellon,1.1325,1.0453,0.8201,8590,311,8,25.0,0.07,02/08/2024 - 01/08/2026,Bundesliga / Championship / LaLiga / LaLiga 2 / Ligue 1 / Ligue 2 / MLS / Premier League
smt_buts_dom,dom,Cittadella,0.7972,0.9751,0.8201,8590,311,8,25.0,0.07,02/08/2024 - 01/08/2026,Bundesliga / Championship / LaLiga / LaLiga 2 / Ligue 1 / Ligue 2 / MLS / Premier League
smt_buts_dom,dom,B. Leverkusen,1.2921,0.8965,0.8201,8590,311,8,25.0,0.07,02/08/2024 - 01/08/2026,Bundesliga / Championship / LaLiga / LaLiga 2 / Ligue 1 / Ligue 2 / MLS / Premier League
smt_buts_dom,dom,Cagliari,0.9601,1.0681,0.8201,8590,311,8,25.0,0.07,02/08/2024 - 01/08/2026,Bundesliga / Championship / LaLiga / LaLiga 2 / Ligue 1 / Ligue 2 / MLS / Premier League
smt_buts_dom,dom,Swansea,0.9754,1.0614,0.8201,8590,311,8,25.0,0.07,02/08/2024 - 01/08/2026,Bundesliga / Championship / LaLiga / LaLiga 2 / Ligue 1 / Ligue 2 / MLS / Premier League
smt_buts_dom,dom,Heidenheim,0.9332,1.1967,0.8201,8590,311,8,25.0,0.07,02/08/2024 - 01/08/2026,Bundesliga / Championship / LaLiga / LaLiga 2 / Ligue 1 / Ligue 2 / MLS / Premier League
smt_buts_dom,dom,Hertha BSC,0.9173,1.0749,0.8201,8590,311,8,25.0,0.07,02/08/2024 - 01/08/2026,Bundesliga / Championship / LaLiga / LaLiga 2 / Ligue 1 / Ligue 2 / MLS / Premier League
smt_buts_dom,dom,Paris FC,1.1137,0.9496,0.8201,8590,311,8,25.0,0.07,02/08/2024 - 01/08/2026,Bundesliga / Championship / LaLiga / LaLiga 2 / Ligue 1 / Ligue 2 / MLS / Premier League
smt_buts_dom,dom,Étienne - US Boulogne,1.0,0.8889,0.8201,8590,311,8,25.0,0.07,02/08/2024 - 01/08/2026,Bundesliga / Championship / LaLiga / LaLiga 2 / Ligue 1 / Ligue 2 / MLS / Premier League
smt_buts_dom,dom,Benfica,1.4107,0.8099,0.8201,8590,311,8,25.0,0.07,02/08/2024 - 01/08/2026,Bundesliga / Championship / LaLiga / LaLiga 2 / Ligue 1 / Ligue 2 / MLS / Premier League
smt_buts_dom,dom,Burgos,0.8341,0.6904,0.8201,8590,311,8,25.0,0.07,02/08/2024 - 01/08/2026,Bundesliga / Championship / LaLiga / LaLiga 2 / Ligue 1 / Ligue 2 / MLS / Premier League
smt_buts_dom,dom,Étienne - Lille,1.0,0.8889,0.8201,8590,311,8,25.0,0.07,02/08/2024 - 01/08/2026,Bundesliga / Championship / LaLiga / LaLiga 2 / Ligue 1 / Ligue 2 / MLS / Premier League
smt_buts_dom,dom,Étienne - Clermont,1.0,1.0244,0.8201,8590,311,8,25.0,0.07,02/08/2024 - 01/08/2026,Bundesliga / Championship / LaLiga / LaLiga 2 / Ligue 1 / Ligue 2 / MLS / Premier League
smt_buts_dom,dom,Brighton,1.0142,0.9079,0.8201,8590,311,8,25.0,0.07,02/08/2024 - 01/08/2026,Bundesliga / Championship / LaLiga / LaLiga 2 / Ligue 1 / Ligue 2 / MLS / Premier League
smt_buts_dom,dom,Torreense,1.0262,0.7359,0.8201,8590,311,8,25.0,0.07,02/08/2024 - 01/08/2026,Bundesliga / Championship / LaLiga / LaLiga 2 / Ligue 1 / Ligue 2 / MLS / Premier League
smt_buts_dom,dom,Eibar,1.0561,0.7665,0.8201,8590,311,8,25.0,0.07,02/08/2024 - 01/08/2026,Bundesliga / Championship / LaLiga / LaLiga 2 / Ligue 1 / Ligue 2 / MLS / Premier League
smt_buts_dom,dom,Wolfsbourg,1.0788,1.4346,0.8201,8590,311,8,25.0,0.07,02/08/2024 - 01/08/2026,Bundesliga / Championship / LaLiga / LaLiga 2 / Ligue 1 / Ligue 2 / MLS / Premier League
smt_buts_dom,dom,Sampdoria,0.8184,1.1617,0.8201,8590,311,8,25.0,0.07,02/08/2024 - 01/08/2026,Bundesliga / Championship / LaLiga / LaLiga 2 / Ligue 1 / Ligue 2 / MLS / Premier League
smt_buts_dom,dom,Kaiserslautern,1.2368,1.1471,0.8201,8590,311,8,25.0,0.07,02/08/2024 - 01/08/2026,Bundesliga / Championship / LaLiga / LaLiga 2 / Ligue 1 / Ligue 2 / MLS / Premier League
smt_buts_dom,dom,Côme,1.1518,0.8164,0.8201,8590,311,8,25.0,0.07,02/08/2024 - 01/08/2026,Bundesliga / Championship / LaLiga / LaLiga 2 / Ligue 1 / Ligue 2 / MLS / Premier League
smt_buts_dom,dom,Leicester,0.6825,0.9629,0.8201,8590,311,8,25.0,0.07,02/08/2024 - 01/08/2026,Bundesliga / Championship / LaLiga / LaLiga 2 / Ligue 1 / Ligue 2 / MLS / Premier League
smt_buts_dom,dom,Étienne - Amiens,1.0,1.2953,0.8201,8590,311,8,25.0,0.07,02/08/2024 - 01/08/2026,Bundesliga / Championship / LaLiga / LaLiga 2 / Ligue 1 / Ligue 2 / MLS / Premier League
smt_buts_dom,dom,Huesca,0.9571,1.1471,0.8201,8590,311,8,25.0,0.07,02/08/2024 - 01/08/2026,Bundesliga / Championship / LaLiga / LaLiga 2 / Ligue 1 / Ligue 2 / MLS / Premier League
smt_buts_dom,dom,Espanyol,0.9455,1.161,0.8201,8590,311,8,25.0,0.07,02/08/2024 - 01/08/2026,Bundesliga / Championship / LaLiga / LaLiga 2 / Ligue 1 / Ligue 2 / MLS / Premier League
smt_buts_dom,dom,Leeds United,1.1984,1.0593,0.8201,8590,311,8,25.0,0.07,02/08/2024 - 01/08/2026,Bundesliga / Championship / LaLiga / LaLiga 2 / Ligue 1 / Ligue 2 / MLS / Premier League
smt_buts_dom,dom,Portsmouth,0.8619,1.204,0.8201,8590,311,8,25.0,0.07,02/08/2024 - 01/08/2026,Bundesliga / Championship / LaLiga / LaLiga 2 / Ligue 1 / Ligue 2 / MLS / Premier League
smt_buts_dom,dom,Martigues,0.5799,1.0467,0.8201,8590,311,8,25.0,0.07,02/08/2024 - 01/08/2026,Bundesliga / Championship / LaLiga / LaLiga 2 / Ligue 1 / Ligue 2 / MLS / Premier League
smt_buts_dom,dom,NE Revolution,1.1161,1.3105,0.8201,8590,311,8,25.0,0.07,02/08/2024 - 01/08/2026,Bundesliga / Championship / LaLiga / LaLiga 2 / Ligue 1 / Ligue 2 / MLS / Premier League
smt_buts_dom,dom,Stuttgart,1.2562,1.1671,0.8201,8590,311,8,25.0,0.07,02/08/2024 - 01/08/2026,Bundesliga / Championship / LaLiga / LaLiga 2 / Ligue 1 / Ligue 2 / MLS / Premier League
smt_buts_dom,dom,Amiens,0.8208,1.1343,0.8201,8590,311,8,25.0,0.07,02/08/2024 - 01/08/2026,Bundesliga / Championship / LaLiga / LaLiga 2 / Ligue 1 / Ligue 2 / MLS / Premier League
smt_buts_dom,dom,Oviedo,0.6893,1.1405,0.8201,8590,311,8,25.0,0.07,02/08/2024 - 01/08/2026,Bundesliga / Championship / LaLiga / LaLiga 2 / Ligue 1 / Ligue 2 / MLS / Premier League
smt_buts_dom,dom,Étienne - Grenoble Foot,1.0,0.8889,0.8201,8590,311,8,25.0,0.07,02/08/2024 - 01/08/2026,Bundesliga / Championship / LaLiga / LaLiga 2 / Ligue 1 / Ligue 2 / MLS / Premier League
smt_buts_dom,dom,EA Guingamp,0.8513,1.0264,0.8201,8590,311,8,25.0,0.07,02/08/2024 - 01/08/2026,Bundesliga / Championship / LaLiga / LaLiga 2 / Ligue 1 / Ligue 2 / MLS / Premier League
smt_buts_dom,dom,Racing de Ferrol,0.6665,0.9563,0.8201,8590,311,8,25.0,0.07,02/08/2024 - 01/08/2026,Bundesliga / Championship / LaLiga / LaLiga 2 / Ligue 1 / Ligue 2 / MLS / Premier League
smt_buts_dom,dom,Eldense,0.8665,0.9026,0.8201,8590,311,8,25.0,0.07,02/08/2024 - 01/08/2026,Bundesliga / Championship / LaLiga / LaLiga 2 / Ligue 1 / Ligue 2 / MLS / Premier League
smt_buts_dom,dom,Benfica II,1.0299,0.8938,0.8201,8590,311,8,25.0,0.07,02/08/2024 - 01/08/2026,Bundesliga / Championship / LaLiga / LaLiga 2 / Ligue 1 / Ligue 2 / MLS / Premier League
smt_buts_dom,dom,Sporting KC,0.9823,1.4403,0.8201,8590,311,8,25.0,0.07,02/08/2024 - 01/08/2026,Bundesliga / Championship / LaLiga / LaLiga 2 / Ligue 1 / Ligue 2 / MLS / Premier League
smt_buts_dom,dom,Queens Park R.,1.0938,0.733,0.8201,8590,311,8,25.0,0.07,02/08/2024 - 01/08/2026,Bundesliga / Championship / LaLiga / LaLiga 2 / Ligue 1 / Ligue 2 / MLS / Premier League
smt_buts_dom,dom,Sunderland,0.9624,0.9191,0.8201,8590,311,8,25.0,0.07,02/08/2024 - 01/08/2026,Bundesliga / Championship / LaLiga / LaLiga 2 / Ligue 1 / Ligue 2 / MLS / Premier League
smt_buts_dom,dom,Reims,0.7919,0.599,0.8201,8590,311,8,25.0,0.07,02/08/2024 - 01/08/2026,Bundesliga / Championship / LaLiga / LaLiga 2 / Ligue 1 / Ligue 2 / MLS / Premier League
smt_buts_dom,dom,Portimonense,0.8208,1.0904,0.8201,8590,311,8,25.0,0.07,02/08/2024 - 01/08/2026,Bundesliga / Championship / LaLiga / LaLiga 2 / Ligue 1 / Ligue 2 / MLS / Premier League
smt_buts_dom,dom,Marseille,1.5499,1.1166,0.8201,8590,311,8,25.0,0.07,02/08/2024 - 01/08/2026,Bundesliga / Championship / LaLiga / LaLiga 2 / Ligue 1 / Ligue 2 / MLS / Premier League
smt_buts_dom,dom,Cremonese,0.9193,0.7214,0.8201,8590,311,8,25.0,0.07,02/08/2024 - 01/08/2026,Bundesliga / Championship / LaLiga / LaLiga 2 / Ligue 1 / Ligue 2 / MLS / Premier League
smt_buts_dom,dom,Real Betis,1.0587,1.0797,0.8201,8590,311,8,25.0,0.07,02/08/2024 - 01/08/2026,Bundesliga / Championship / LaLiga / LaLiga 2 / Ligue 1 / Ligue 2 / MLS / Premier League
smt_buts_dom,dom,Felgueiras,0.7349,0.8973,0.8201,8590,311,8,25.0,0.07,02/08/2024 - 01/08/2026,Bundesliga / Championship / LaLiga / LaLiga 2 / Ligue 1 / Ligue 2 / MLS / Premier League
smt_buts_dom,dom,Avellino,0.9857,0.9824,0.8201,8590,311,8,25.0,0.07,02/08/2024 - 01/08/2026,Bundesliga / Championship / LaLiga / LaLiga 2 / Ligue 1 / Ligue 2 / MLS / Premier League
smt_buts_dom,dom,Farense,0.6221,0.8425,0.8201,8590,311,8,25.0,0.07,02/08/2024 - 01/08/2026,Bundesliga / Championship / LaLiga / LaLiga 2 / Ligue 1 / Ligue 2 / MLS / Premier League
smt_buts_dom,dom,Pescara,1.0306,1.5086,0.8201,8590,311,8,25.0,0.07,02/08/2024 - 01/08/2026,Bundesliga / Championship / LaLiga / LaLiga 2 / Ligue 1 / Ligue 2 / MLS / Premier League
smt_buts_dom,dom,Hoffenheim,1.0063,0.9292,0.8201,8590,311,8,25.0,0.07,02/08/2024 - 01/08/2026,Bundesliga / Championship / LaLiga / LaLiga 2 / Ligue 1 / Ligue 2 / MLS / Premier League
smt_buts_dom,dom,Cologne,1.1728,1.1967,0.8201,8590,311,8,25.0,0.07,02/08/2024 - 01/08/2026,Bundesliga / Championship / LaLiga / LaLiga 2 / Ligue 1 / Ligue 2 / MLS / Premier League
smt_buts_dom,dom,Brunswick,0.8746,1.13,0.8201,8590,311,8,25.0,0.07,02/08/2024 - 01/08/2026,Bundesliga / Championship / LaLiga / LaLiga 2 / Ligue 1 / Ligue 2 / MLS / Premier League
smt_buts_dom,dom,Schalke 04,1.0901,0.6944,0.8201,8590,311,8,25.0,0.07,02/08/2024 - 01/08/2026,Bundesliga / Championship / LaLiga / LaLiga 2 / Ligue 1 / Ligue 2 / MLS / Premier League
smt_buts_dom,dom,Étienne - Rodez,1.0,1.159,0.8201,8590,311,8,25.0,0.07,02/08/2024 - 01/08/2026,Bundesliga / Championship / LaLiga / LaLiga 2 / Ligue 1 / Ligue 2 / MLS / Premier League
smt_buts_dom,dom,Juventus,1.2384,0.8042,0.8201,8590,311,8,25.0,0.07,02/08/2024 - 01/08/2026,Bundesliga / Championship / LaLiga / LaLiga 2 / Ligue 1 / Ligue 2 / MLS / Premier League
smt_buts_dom,dom,Osasuna,1.0221,1.078,0.8201,8590,311,8,25.0,0.07,02/08/2024 - 01/08/2026,Bundesliga / Championship / LaLiga / LaLiga 2 / Ligue 1 / Ligue 2 / MLS / Premier League
smt_buts_dom,dom,Viseu,1.0971,0.9712,0.8201,8590,311,8,25.0,0.07,02/08/2024 - 01/08/2026,Bundesliga / Championship / LaLiga / LaLiga 2 / Ligue 1 / Ligue 2 / MLS / Premier League
smt_buts_dom,dom,PSG,1.4974,0.9109,0.8201,8590,311,8,25.0,0.07,02/08/2024 - 01/08/2026,Bundesliga / Championship / LaLiga / LaLiga 2 / Ligue 1 / Ligue 2 / MLS / Premier League
smt_buts_dom,dom,Charlotte,1.1448,1.0801,0.8201,8590,311,8,25.0,0.07,02/08/2024 - 01/08/2026,Bundesliga / Championship / LaLiga / LaLiga 2 / Ligue 1 / Ligue 2 / MLS / Premier League
smt_buts_dom,dom,Étienne - Nantes,1.0,1.0244,0.8201,8590,311,8,25.0,0.07,02/08/2024 - 01/08/2026,Bundesliga / Championship / LaLiga / LaLiga 2 / Ligue 1 / Ligue 2 / MLS / Premier League
smt_buts_dom,dom,Preston,0.9249,0.9026,0.8201,8590,311,8,25.0,0.07,02/08/2024 - 01/08/2026,Bundesliga / Championship / LaLiga / LaLiga 2 / Ligue 1 / Ligue 2 / MLS / Premier League
smt_buts_dom,dom,Gil Vicente,1.0044,1.1085,0.8201,8590,311,8,25.0,0.07,02/08/2024 - 01/08/2026,Bundesliga / Championship / LaLiga / LaLiga 2 / Ligue 1 / Ligue 2 / MLS / Premier League
smt_buts_dom,dom,Reggiana,0.6469,1.0709,0.8201,8590,311,8,25.0,0.07,02/08/2024 - 01/08/2026,Bundesliga / Championship / LaLiga / LaLiga 2 / Ligue 1 / Ligue 2 / MLS / Premier League
smt_buts_dom,dom,AC Ajaccio,1.127,0.8569,0.8201,8590,311,8,25.0,0.07,02/08/2024 - 01/08/2026,Bundesliga / Championship / LaLiga / LaLiga 2 / Ligue 1 / Ligue 2 / MLS / Premier League
smt_buts_dom,dom,San Jose E.,1.1542,1.1959,0.8201,8590,311,8,25.0,0.07,02/08/2024 - 01/08/2026,Bundesliga / Championship / LaLiga / LaLiga 2 / Ligue 1 / Ligue 2 / MLS / Premier League
smt_buts_dom,dom,LA Galaxy,1.1366,0.9528,0.8201,8590,311,8,25.0,0.07,02/08/2024 - 01/08/2026,Bundesliga / Championship / LaLiga / LaLiga 2 / Ligue 1 / Ligue 2 / MLS / Premier League
smt_buts_dom,dom,Wrexham,1.0179,0.9209,0.8201,8590,311,8,25.0,0.07,02/08/2024 - 01/08/2026,Bundesliga / Championship / LaLiga / LaLiga 2 / Ligue 1 / Ligue 2 / MLS / Premier League
smt_buts_dom,dom,AS Monaco,1.4844,1.2201,0.8201,8590,311,8,25.0,0.07,02/08/2024 - 01/08/2026,Bundesliga / Championship / LaLiga / LaLiga 2 / Ligue 1 / Ligue 2 / MLS / Premier League
smt_buts_dom,dom,Séville,0.7538,1.0308,0.8201,8590,311,8,25.0,0.07,02/08/2024 - 01/08/2026,Bundesliga / Championship / LaLiga / LaLiga 2 / Ligue 1 / Ligue 2 / MLS / Premier League
smt_buts_dom,dom,Union Berlin,0.935,1.1466,0.8201,8590,311,8,25.0,0.07,02/08/2024 - 01/08/2026,Bundesliga / Championship / LaLiga / LaLiga 2 / Ligue 1 / Ligue 2 / MLS / Premier League
smt_buts_dom,dom,Rayo Vallecano,0.992,0.7981,0.8201,8590,311,8,25.0,0.07,02/08/2024 - 01/08/2026,Bundesliga / Championship / LaLiga / LaLiga 2 / Ligue 1 / Ligue 2 / MLS / Premier League
smt_buts_dom,dom,Atl. Madrid,1.4078,0.866,0.8201,8590,311,8,25.0,0.07,02/08/2024 - 01/08/2026,Bundesliga / Championship / LaLiga / LaLiga 2 / Ligue 1 / Ligue 2 / MLS / Premier League
smt_buts_dom,dom,Toulouse,1.13,1.0293,0.8201,8590,311,8,25.0,0.07,02/08/2024 - 01/08/2026,Bundesliga / Championship / LaLiga / LaLiga 2 / Ligue 1 / Ligue 2 / MLS / Premier League
smt_buts_dom,dom,Parme,0.9392,1.0025,0.8201,8590,311,8,25.0,0.07,02/08/2024 - 01/08/2026,Bundesliga / Championship / LaLiga / LaLiga 2 / Ligue 1 / Ligue 2 / MLS / Premier League
smt_buts_dom,dom,Real Sociedad,1.1857,0.9846,0.8201,8590,311,8,25.0,0.07,02/08/2024 - 01/08/2026,Bundesliga / Championship / LaLiga / LaLiga 2 / Ligue 1 / Ligue 2 / MLS / Premier League
smt_buts_dom,dom,US Boulogne,1.0115,0.7563,0.8201,8590,311,8,25.0,0.07,02/08/2024 - 01/08/2026,Bundesliga / Championship / LaLiga / LaLiga 2 / Ligue 1 / Ligue 2 / MLS / Premier League
smt_buts_dom,dom,Cordoba,1.1368,0.944,0.8201,8590,311,8,25.0,0.07,02/08/2024 - 01/08/2026,Bundesliga / Championship / LaLiga / LaLiga 2 / Ligue 1 / Ligue 2 / MLS / Premier League
smt_buts_dom,dom,Étienne - PSG,1.0,0.8889,0.8201,8590,311,8,25.0,0.07,02/08/2024 - 01/08/2026,Bundesliga / Championship / LaLiga / LaLiga 2 / Ligue 1 / Ligue 2 / MLS / Premier League
smt_buts_dom,dom,Inter Miami,1.4863,1.0427,0.8201,8590,311,8,25.0,0.07,02/08/2024 - 01/08/2026,Bundesliga / Championship / LaLiga / LaLiga 2 / Ligue 1 / Ligue 2 / MLS / Premier League
smt_buts_dom,dom,Virtus,1.119,1.1552,0.8201,8590,311,8,25.0,0.07,02/08/2024 - 01/08/2026,Bundesliga / Championship / LaLiga / LaLiga 2 / Ligue 1 / Ligue 2 / MLS / Premier League
smt_buts_dom,dom,Étienne - Le Mans,1.0,1.0244,0.8201,8590,311,8,25.0,0.07,02/08/2024 - 01/08/2026,Bundesliga / Championship / LaLiga / LaLiga 2 / Ligue 1 / Ligue 2 / MLS / Premier League
smt_buts_dom,dom,Empoli,0.9313,1.373,0.8201,8590,311,8,25.0,0.07,02/08/2024 - 01/08/2026,Bundesliga / Championship / LaLiga / LaLiga 2 / Ligue 1 / Ligue 2 / MLS / Premier League
smt_buts_dom,dom,Plymouth,1.3732,1.3367,0.8201,8590,311,8,25.0,0.07,02/08/2024 - 01/08/2026,Bundesliga / Championship / LaLiga / LaLiga 2 / Ligue 1 / Ligue 2 / MLS / Premier League
smt_buts_dom,dom,Fribourg,1.2187,1.466,0.8201,8590,311,8,25.0,0.07,02/08/2024 - 01/08/2026,Bundesliga / Championship / LaLiga / LaLiga 2 / Ligue 1 / Ligue 2 / MLS / Premier League
smt_buts_dom,dom,Strasbourg,1.2249,1.0896,0.8201,8590,311,8,25.0,0.07,02/08/2024 - 01/08/2026,Bundesliga / Championship / LaLiga / LaLiga 2 / Ligue 1 / Ligue 2 / MLS / Premier League
smt_buts_dom,dom,E. Francfort,1.2959,1.3103,0.8201,8590,311,8,25.0,0.07,02/08/2024 - 01/08/2026,Bundesliga / Championship / LaLiga / LaLiga 2 / Ligue 1 / Ligue 2 / MLS / Premier League
smt_buts_dom,dom,Nice,1.0499,1.106,0.8201,8590,311,8,25.0,0.07,02/08/2024 - 01/08/2026,Bundesliga / Championship / LaLiga / LaLiga 2 / Ligue 1 / Ligue 2 / MLS / Premier League
smt_buts_dom,dom,Tenerife,0.8516,1.3126,0.8201,8590,311,8,25.0,0.07,02/08/2024 - 01/08/2026,Bundesliga / Championship / LaLiga / LaLiga 2 / Ligue 1 / Ligue 2 / MLS / Premier League
smt_buts_dom,dom,Derby County,0.8943,1.105,0.8201,8590,311,8,25.0,0.07,02/08/2024 - 01/08/2026,Bundesliga / Championship / LaLiga / LaLiga 2 / Ligue 1 / Ligue 2 / MLS / Premier League
smt_buts_dom,dom,Brescia,0.8338,0.8917,0.8201,8590,311,8,25.0,0.07,02/08/2024 - 01/08/2026,Bundesliga / Championship / LaLiga / LaLiga 2 / Ligue 1 / Ligue 2 / MLS / Premier League
smt_buts_dom,dom,Cosenza,0.5678,1.2237,0.8201,8590,311,8,25.0,0.07,02/08/2024 - 01/08/2026,Bundesliga / Championship / LaLiga / LaLiga 2 / Ligue 1 / Ligue 2 / MLS / Premier League
smt_buts_dom,dom,Étienne - RC Lens,1.0,0.8889,0.8201,8590,311,8,25.0,0.07,02/08/2024 - 01/08/2026,Bundesliga / Championship / LaLiga / LaLiga 2 / Ligue 1 / Ligue 2 / MLS / Premier League
smt_buts_dom,dom,Étienne - Strasbourg,1.0,1.1598,0.8201,8590,311,8,25.0,0.07,02/08/2024 - 01/08/2026,Bundesliga / Championship / LaLiga / LaLiga 2 / Ligue 1 / Ligue 2 / MLS / Premier League
smt_buts_dom,dom,San Diego,1.1716,0.7383,0.8201,8590,311,8,25.0,0.07,02/08/2024 - 01/08/2026,Bundesliga / Championship / LaLiga / LaLiga 2 / Ligue 1 / Ligue 2 / MLS / Premier League
smt_buts_dom,dom,Leonesa,0.7395,0.9919,0.8201,8590,311,8,25.0,0.07,02/08/2024 - 01/08/2026,Bundesliga / Championship / LaLiga / LaLiga 2 / Ligue 1 / Ligue 2 / MLS / Premier League
smt_buts_dom,dom,DC United,0.9093,1.0728,0.8201,8590,311,8,25.0,0.07,02/08/2024 - 01/08/2026,Bundesliga / Championship / LaLiga / LaLiga 2 / Ligue 1 / Ligue 2 / MLS / Premier League
smt_buts_dom,dom,Ulm,0.8061,1.0121,0.8201,8590,311,8,25.0,0.07,02/08/2024 - 01/08/2026,Bundesliga / Championship / LaLiga / LaLiga 2 / Ligue 1 / Ligue 2 / MLS / Premier League
smt_buts_dom,dom,Lecce,0.521,1.0398,0.8201,8590,311,8,25.0,0.07,02/08/2024 - 01/08/2026,Bundesliga / Championship / LaLiga / LaLiga 2 / Ligue 1 / Ligue 2 / MLS / Premier League
smt_buts_dom,dom,Malaga,1.0325,1.0214,0.8201,8590,311,8,25.0,0.07,02/08/2024 - 01/08/2026,Bundesliga / Championship / LaLiga / LaLiga 2 / Ligue 1 / Ligue 2 / MLS / Premier League
smt_buts_dom,dom,Majorque,1.0547,1.1093,0.8201,8590,311,8,25.0,0.07,02/08/2024 - 01/08/2026,Bundesliga / Championship / LaLiga / LaLiga 2 / Ligue 1 / Ligue 2 / MLS / Premier League
smt_buts_dom,dom,Le Mans,0.9137,0.9153,0.8201,8590,311,8,25.0,0.07,02/08/2024 - 01/08/2026,Bundesliga / Championship / LaLiga / LaLiga 2 / Ligue 1 / Ligue 2 / MLS / Premier League
smt_buts_dom,dom,Venise,1.0908,1.0033,0.8201,8590,311,8,25.0,0.07,02/08/2024 - 01/08/2026,Bundesliga / Championship / LaLiga / LaLiga 2 / Ligue 1 / Ligue 2 / MLS / Premier League
smt_buts_dom,dom,Man City,1.0336,1.0603,0.8201,8590,311,8,25.0,0.07,02/08/2024 - 01/08/2026,Bundesliga / Championship / LaLiga / LaLiga 2 / Ligue 1 / Ligue 2 / MLS / Premier League
smt_buts_dom,dom,P. Ferreira,0.9086,0.8277,0.8201,8590,311,8,25.0,0.07,02/08/2024 - 01/08/2026,Bundesliga / Championship / LaLiga / LaLiga 2 / Ligue 1 / Ligue 2 / MLS / Premier League
smt_buts_dom,dom,Norwich City,1.0652,0.8036,0.8201,8590,311,8,25.0,0.07,02/08/2024 - 01/08/2026,Bundesliga / Championship / LaLiga / LaLiga 2 / Ligue 1 / Ligue 2 / MLS / Premier League
smt_buts_ext,ext,Orlando City,1.4268,1.2561,0.6753,8590,311,8,25.0,0.07,02/08/2024 - 01/08/2026,Bundesliga / Championship / LaLiga / LaLiga 2 / Ligue 1 / Ligue 2 / MLS / Premier League
smt_buts_ext,ext,Crystal Palace,0.9955,0.9996,0.6753,8590,311,8,25.0,0.07,02/08/2024 - 01/08/2026,Bundesliga / Championship / LaLiga / LaLiga 2 / Ligue 1 / Ligue 2 / MLS / Premier League
smt_buts_ext,ext,Sporting,1.8508,0.7681,0.6753,8590,311,8,25.0,0.07,02/08/2024 - 01/08/2026,Bundesliga / Championship / LaLiga / LaLiga 2 / Ligue 1 / Ligue 2 / MLS / Premier League
smt_buts_ext,ext,Minnesota Utd,1.0877,0.6965,0.6753,8590,311,8,25.0,0.07,02/08/2024 - 01/08/2026,Bundesliga / Championship / LaLiga / LaLiga 2 / Ligue 1 / Ligue 2 / MLS / Premier League
smt_buts_ext,ext,Leipzig,0.9515,1.0427,0.6753,8590,311,8,25.0,0.07,02/08/2024 - 01/08/2026,Bundesliga / Championship / LaLiga / LaLiga 2 / Ligue 1 / Ligue 2 / MLS / Premier League
smt_buts_ext,ext,Man United,1.2859,1.2202,0.6753,8590,311,8,25.0,0.07,02/08/2024 - 01/08/2026,Bundesliga / Championship / LaLiga / LaLiga 2 / Ligue 1 / Ligue 2 / MLS / Premier League
smt_buts_ext,ext,Lazio,0.9837,0.9507,0.6753,8590,311,8,25.0,0.07,02/08/2024 - 01/08/2026,Bundesliga / Championship / LaLiga / LaLiga 2 / Ligue 1 / Ligue 2 / MLS / Premier League
smt_buts_ext,ext,Modène,0.7273,0.9328,0.6753,8590,311,8,25.0,0.07,02/08/2024 - 01/08/2026,Bundesliga / Championship / LaLiga / LaLiga 2 / Ligue 1 / Ligue 2 / MLS / Premier League
smt_buts_ext,ext,Nancy,1.0834,1.4916,0.6753,8590,311,8,25.0,0.07,02/08/2024 - 01/08/2026,Bundesliga / Championship / LaLiga / LaLiga 2 / Ligue 1 / Ligue 2 / MLS / Premier League
smt_buts_ext,ext,S. Wednesday,0.9151,1.5525,0.6753,8590,311,8,25.0,0.07,02/08/2024 - 01/08/2026,Bundesliga / Championship / LaLiga / LaLiga 2 / Ligue 1 / Ligue 2 / MLS / Premier League
smt_buts_ext,ext,Torino,1.0026,1.0415,0.6753,8590,311,8,25.0,0.07,02/08/2024 - 01/08/2026,Bundesliga / Championship / LaLiga / LaLiga 2 / Ligue 1 / Ligue 2 / MLS / Premier League
smt_buts_ext,ext,Porto II,0.9533,0.7264,0.6753,8590,311,8,25.0,0.07,02/08/2024 - 01/08/2026,Bundesliga / Championship / LaLiga / LaLiga 2 / Ligue 1 / Ligue 2 / MLS / Premier League
smt_buts_ext,ext,Arsenal,1.2801,0.7459,0.6753,8590,311,8,25.0,0.07,02/08/2024 - 01/08/2026,Bundesliga / Championship / LaLiga / LaLiga 2 / Ligue 1 / Ligue 2 / MLS / Premier League
smt_buts_ext,ext,Étienne - Reims,0.9507,1.0,0.6753,8590,311,8,25.0,0.07,02/08/2024 - 01/08/2026,Bundesliga / Championship / LaLiga / LaLiga 2 / Ligue 1 / Ligue 2 / MLS / Premier League
smt_buts_ext,ext,Fiorentina,0.9224,0.804,0.6753,8590,311,8,25.0,0.07,02/08/2024 - 01/08/2026,Bundesliga / Championship / LaLiga / LaLiga 2 / Ligue 1 / Ligue 2 / MLS / Premier League
smt_buts_ext,ext,Sassuolo,1.2643,0.8168,0.6753,8590,311,8,25.0,0.07,02/08/2024 - 01/08/2026,Bundesliga / Championship / LaLiga / LaLiga 2 / Ligue 1 / Ligue 2 / MLS / Premier League
smt_buts_ext,ext,Estoril,1.0999,1.0396,0.6753,8590,311,8,25.0,0.07,02/08/2024 - 01/08/2026,Bundesliga / Championship / LaLiga / LaLiga 2 / Ligue 1 / Ligue 2 / MLS / Premier League
smt_buts_ext,ext,RC Lens,1.2523,0.8559,0.6753,8590,311,8,25.0,0.07,02/08/2024 - 01/08/2026,Bundesliga / Championship / LaLiga / LaLiga 2 / Ligue 1 / Ligue 2 / MLS / Premier League
smt_buts_ext,ext,Aston Villa,1.2032,0.9983,0.6753,8590,311,8,25.0,0.07,02/08/2024 - 01/08/2026,Bundesliga / Championship / LaLiga / LaLiga 2 / Ligue 1 / Ligue 2 / MLS / Premier League
smt_buts_ext,ext,Cadix,0.9804,1.0333,0.6753,8590,311,8,25.0,0.07,02/08/2024 - 01/08/2026,Bundesliga / Championship / LaLiga / LaLiga 2 / Ligue 1 / Ligue 2 / MLS / Premier League
smt_buts_ext,ext,Genoa,0.8484,1.0374,0.6753,8590,311,8,25.0,0.07,02/08/2024 - 01/08/2026,Bundesliga / Championship / LaLiga / LaLiga 2 / Ligue 1 / Ligue 2 / MLS / Premier League
smt_buts_ext,ext,Ceuta,0.7597,0.904,0.6753,8590,311,8,25.0,0.07,02/08/2024 - 01/08/2026,Bundesliga / Championship / LaLiga / LaLiga 2 / Ligue 1 / Ligue 2 / MLS / Premier League
smt_buts_ext,ext,Werder Brême,1.1489,1.2998,0.6753,8590,311,8,25.0,0.07,02/08/2024 - 01/08/2026,Bundesliga / Championship / LaLiga / LaLiga 2 / Ligue 1 / Ligue 2 / MLS / Premier League
smt_buts_ext,ext,Portland,0.9307,1.0202,0.6753,8590,311,8,25.0,0.07,02/08/2024 - 01/08/2026,Bundesliga / Championship / LaLiga / LaLiga 2 / Ligue 1 / Ligue 2 / MLS / Premier League
smt_buts_ext,ext,Darmstadt,1.2918,0.6763,0.6753,8590,311,8,25.0,0.07,02/08/2024 - 01/08/2026,Bundesliga / Championship / LaLiga / LaLiga 2 / Ligue 1 / Ligue 2 / MLS / Premier League
smt_buts_ext,ext,Luton,0.655,0.9732,0.6753,8590,311,8,25.0,0.07,02/08/2024 - 01/08/2026,Bundesliga / Championship / LaLiga / LaLiga 2 / Ligue 1 / Ligue 2 / MLS / Premier League
smt_buts_ext,ext,Vizela,0.9083,1.0777,0.6753,8590,311,8,25.0,0.07,02/08/2024 - 01/08/2026,Bundesliga / Championship / LaLiga / LaLiga 2 / Ligue 1 / Ligue 2 / MLS / Premier League
smt_buts_ext,ext,Sankt Pauli,0.699,1.3845,0.6753,8590,311,8,25.0,0.07,02/08/2024 - 01/08/2026,Bundesliga / Championship / LaLiga / LaLiga 2 / Ligue 1 / Ligue 2 / MLS / Premier League
smt_buts_ext,ext,Grenade,0.9571,0.9125,0.6753,8590,311,8,25.0,0.07,02/08/2024 - 01/08/2026,Bundesliga / Championship / LaLiga / LaLiga 2 / Ligue 1 / Ligue 2 / MLS / Premier League
smt_buts_ext,ext,Bochum,0.9107,1.0356,0.6753,8590,311,8,25.0,0.07,02/08/2024 - 01/08/2026,Bundesliga / Championship / LaLiga / LaLiga 2 / Ligue 1 / Ligue 2 / MLS / Premier League
smt_buts_ext,ext,Chaves,0.8779,0.9136,0.6753,8590,311,8,25.0,0.07,02/08/2024 - 01/08/2026,Bundesliga / Championship / LaLiga / LaLiga 2 / Ligue 1 / Ligue 2 / MLS / Premier League
smt_buts_ext,ext,Leganes,0.8373,1.0727,0.6753,8590,311,8,25.0,0.07,02/08/2024 - 01/08/2026,Bundesliga / Championship / LaLiga / LaLiga 2 / Ligue 1 / Ligue 2 / MLS / Premier League
smt_buts_ext,ext,Chicago Fire,1.3714,1.2155,0.6753,8590,311,8,25.0,0.07,02/08/2024 - 01/08/2026,Bundesliga / Championship / LaLiga / LaLiga 2 / Ligue 1 / Ligue 2 / MLS / Premier League
smt_buts_ext,ext,Palerme,0.971,0.758,0.6753,8590,311,8,25.0,0.07,02/08/2024 - 01/08/2026,Bundesliga / Championship / LaLiga / LaLiga 2 / Ligue 1 / Ligue 2 / MLS / Premier League
smt_buts_ext,ext,Famalicão,0.981,0.658,0.6753,8590,311,8,25.0,0.07,02/08/2024 - 01/08/2026,Bundesliga / Championship / LaLiga / LaLiga 2 / Ligue 1 / Ligue 2 / MLS / Premier League
smt_buts_ext,ext,Mafra,0.6358,1.0473,0.6753,8590,311,8,25.0,0.07,02/08/2024 - 01/08/2026,Bundesliga / Championship / LaLiga / LaLiga 2 / Ligue 1 / Ligue 2 / MLS / Premier League
smt_buts_ext,ext,Birmingham,0.7841,0.7804,0.6753,8590,311,8,25.0,0.07,02/08/2024 - 01/08/2026,Bundesliga / Championship / LaLiga / LaLiga 2 / Ligue 1 / Ligue 2 / MLS / Premier League
smt_buts_ext,ext,Levante,0.9714,0.8757,0.6753,8590,311,8,25.0,0.07,02/08/2024 - 01/08/2026,Bundesliga / Championship / LaLiga / LaLiga 2 / Ligue 1 / Ligue 2 / MLS / Premier League
smt_buts_ext,ext,Rennes,1.1692,0.9043,0.6753,8590,311,8,25.0,0.07,02/08/2024 - 01/08/2026,Bundesliga / Championship / LaLiga / LaLiga 2 / Ligue 1 / Ligue 2 / MLS / Premier League
smt_buts_ext,ext,Real Salt Lake,0.7408,1.0222,0.6753,8590,311,8,25.0,0.07,02/08/2024 - 01/08/2026,Bundesliga / Championship / LaLiga / LaLiga 2 / Ligue 1 / Ligue 2 / MLS / Premier League
smt_buts_ext,ext,Mirandés,0.8831,0.8249,0.6753,8590,311,8,25.0,0.07,02/08/2024 - 01/08/2026,Bundesliga / Championship / LaLiga / LaLiga 2 / Ligue 1 / Ligue 2 / MLS / Premier League
smt_buts_ext,ext,Salernitana,0.7157,0.6521,0.6753,8590,311,8,25.0,0.07,02/08/2024 - 01/08/2026,Bundesliga / Championship / LaLiga / LaLiga 2 / Ligue 1 / Ligue 2 / MLS / Premier League
smt_buts_ext,ext,Villarreal,1.0152,1.0164,0.6753,8590,311,8,25.0,0.07,02/08/2024 - 01/08/2026,Bundesliga / Championship / LaLiga / LaLiga 2 / Ligue 1 / Ligue 2 / MLS / Premier League
smt_buts_ext,ext,Inter,1.5026,0.8054,0.6753,8590,311,8,25.0,0.07,02/08/2024 - 01/08/2026,Bundesliga / Championship / LaLiga / LaLiga 2 / Ligue 1 / Ligue 2 / MLS / Premier League
smt_buts_ext,ext,Südtirol,0.9913,0.9518,0.6753,8590,311,8,25.0,0.07,02/08/2024 - 01/08/2026,Bundesliga / Championship / LaLiga / LaLiga 2 / Ligue 1 / Ligue 2 / MLS / Premier League
smt_buts_ext,ext,Étienne - EA Guingamp,1.218,1.0,0.6753,8590,311,8,25.0,0.07,02/08/2024 - 01/08/2026,Bundesliga / Championship / LaLiga / LaLiga 2 / Ligue 1 / Ligue 2 / MLS / Premier League
smt_buts_ext,ext,Calcio Padova,0.8564,0.8145,0.6753,8590,311,8,25.0,0.07,02/08/2024 - 01/08/2026,Bundesliga / Championship / LaLiga / LaLiga 2 / Ligue 1 / Ligue 2 / MLS / Premier League
smt_buts_ext,ext,Brentford,1.0063,1.0502,0.6753,8590,311,8,25.0,0.07,02/08/2024 - 01/08/2026,Bundesliga / Championship / LaLiga / LaLiga 2 / Ligue 1 / Ligue 2 / MLS / Premier League
smt_buts_ext,ext,Chelsea,1.227,1.0948,0.6753,8590,311,8,25.0,0.07,02/08/2024 - 01/08/2026,Bundesliga / Championship / LaLiga / LaLiga 2 / Ligue 1 / Ligue 2 / MLS / Premier League
smt_buts_ext,ext,FC Andorra,1.1259,0.8817,0.6753,8590,311,8,25.0,0.07,02/08/2024 - 01/08/2026,Bundesliga / Championship / LaLiga / LaLiga 2 / Ligue 1 / Ligue 2 / MLS / Premier League
smt_buts_ext,ext,Everton,0.7957,1.2641,0.6753,8590,311,8,25.0,0.07,02/08/2024 - 01/08/2026,Bundesliga / Championship / LaLiga / LaLiga 2 / Ligue 1 / Ligue 2 / MLS / Premier League
smt_buts_ext,ext,Houston,0.9766,1.1668,0.6753,8590,311,8,25.0,0.07,02/08/2024 - 01/08/2026,Bundesliga / Championship / LaLiga / LaLiga 2 / Ligue 1 / Ligue 2 / MLS / Premier League
smt_buts_ext,ext,Maritimo,1.1433,0.9779,0.6753,8590,311,8,25.0,0.07,02/08/2024 - 01/08/2026,Bundesliga / Championship / LaLiga / LaLiga 2 / Ligue 1 / Ligue 2 / MLS / Premier League
smt_buts_ext,ext,R. Sociedad II,1.0722,0.9411,0.6753,8590,311,8,25.0,0.07,02/08/2024 - 01/08/2026,Bundesliga / Championship / LaLiga / LaLiga 2 / Ligue 1 / Ligue 2 / MLS / Premier League
smt_buts_ext,ext,Real Valladolid,0.7573,0.9663,0.6753,8590,311,8,25.0,0.07,02/08/2024 - 01/08/2026,Bundesliga / Championship / LaLiga / LaLiga 2 / Ligue 1 / Ligue 2 / MLS / Premier League
smt_buts_ext,ext,FC Porto,1.4196,0.6861,0.6753,8590,311,8,25.0,0.07,02/08/2024 - 01/08/2026,Bundesliga / Championship / LaLiga / LaLiga 2 / Ligue 1 / Ligue 2 / MLS / Premier League
smt_buts_ext,ext,Not. Forest,1.2992,1.0087,0.6753,8590,311,8,25.0,0.07,02/08/2024 - 01/08/2026,Bundesliga / Championship / LaLiga / LaLiga 2 / Ligue 1 / Ligue 2 / MLS / Premier League
smt_buts_ext,ext,Getafe,0.843,0.8479,0.6753,8590,311,8,25.0,0.07,02/08/2024 - 01/08/2026,Bundesliga / Championship / LaLiga / LaLiga 2 / Ligue 1 / Ligue 2 / MLS / Premier League
smt_buts_ext,ext,Juve Stabia,0.7895,0.9581,0.6753,8590,311,8,25.0,0.07,02/08/2024 - 01/08/2026,Bundesliga / Championship / LaLiga / LaLiga 2 / Ligue 1 / Ligue 2 / MLS / Premier League
smt_buts_ext,ext,Almería,1.0658,1.2171,0.6753,8590,311,8,25.0,0.07,02/08/2024 - 01/08/2026,Bundesliga / Championship / LaLiga / LaLiga 2 / Ligue 1 / Ligue 2 / MLS / Premier League
smt_buts_ext,ext,Bristol City,0.8429,0.9331,0.6753,8590,311,8,25.0,0.07,02/08/2024 - 01/08/2026,Bundesliga / Championship / LaLiga / LaLiga 2 / Ligue 1 / Ligue 2 / MLS / Premier League
smt_buts_ext,ext,Celta Vigo,1.1944,1.0662,0.6753,8590,311,8,25.0,0.07,02/08/2024 - 01/08/2026,Bundesliga / Championship / LaLiga / LaLiga 2 / Ligue 1 / Ligue 2 / MLS / Premier League
smt_buts_ext,ext,Clermont,0.8949,0.9615,0.6753,8590,311,8,25.0,0.07,02/08/2024 - 01/08/2026,Bundesliga / Championship / LaLiga / LaLiga 2 / Ligue 1 / Ligue 2 / MLS / Premier League
smt_buts_ext,ext,USL Dunkerque,1.2244,0.8997,0.6753,8590,311,8,25.0,0.07,02/08/2024 - 01/08/2026,Bundesliga / Championship / LaLiga / LaLiga 2 / Ligue 1 / Ligue 2 / MLS / Premier League
smt_buts_ext,ext,N. Madeira,0.628,1.1642,0.6753,8590,311,8,25.0,0.07,02/08/2024 - 01/08/2026,Bundesliga / Championship / LaLiga / LaLiga 2 / Ligue 1 / Ligue 2 / MLS / Premier League
smt_buts_ext,ext,Uniao de Leiria,1.2289,1.0526,0.6753,8590,311,8,25.0,0.07,02/08/2024 - 01/08/2026,Bundesliga / Championship / LaLiga / LaLiga 2 / Ligue 1 / Ligue 2 / MLS / Premier League
smt_buts_ext,ext,Lille,1.3827,0.8775,0.6753,8590,311,8,25.0,0.07,02/08/2024 - 01/08/2026,Bundesliga / Championship / LaLiga / LaLiga 2 / Ligue 1 / Ligue 2 / MLS / Premier League
smt_buts_ext,ext,Braga,1.1579,1.0196,0.6753,8590,311,8,25.0,0.07,02/08/2024 - 01/08/2026,Bundesliga / Championship / LaLiga / LaLiga 2 / Ligue 1 / Ligue 2 / MLS / Premier League
smt_buts_ext,ext,S. Sounders,0.9199,1.0866,0.6753,8590,311,8,25.0,0.07,02/08/2024 - 01/08/2026,Bundesliga / Championship / LaLiga / LaLiga 2 / Ligue 1 / Ligue 2 / MLS / Premier League
smt_buts_ext,ext,Lourosa,1.2442,1.0169,0.6753,8590,311,8,25.0,0.07,02/08/2024 - 01/08/2026,Bundesliga / Championship / LaLiga / LaLiga 2 / Ligue 1 / Ligue 2 / MLS / Premier League
smt_buts_ext,ext,Colorado,0.6828,1.0764,0.6753,8590,311,8,25.0,0.07,02/08/2024 - 01/08/2026,Bundesliga / Championship / LaLiga / LaLiga 2 / Ligue 1 / Ligue 2 / MLS / Premier League
smt_buts_ext,ext,Albacete,1.0024,1.211,0.6753,8590,311,8,25.0,0.07,02/08/2024 - 01/08/2026,Bundesliga / Championship / LaLiga / LaLiga 2 / Ligue 1 / Ligue 2 / MLS / Premier League
smt_buts_ext,ext,Blackburn,0.716,0.9035,0.6753,8590,311,8,25.0,0.07,02/08/2024 - 01/08/2026,Bundesliga / Championship / LaLiga / LaLiga 2 / Ligue 1 / Ligue 2 / MLS / Premier League
smt_buts_ext,ext,Troyes,0.9402,0.7067,0.6753,8590,311,8,25.0,0.07,02/08/2024 - 01/08/2026,Bundesliga / Championship / LaLiga / LaLiga 2 / Ligue 1 / Ligue 2 / MLS / Premier League
smt_buts_ext,ext,Étienne - Montpellier,0.8022,1.0,0.6753,8590,311,8,25.0,0.07,02/08/2024 - 01/08/2026,Bundesliga / Championship / LaLiga / LaLiga 2 / Ligue 1 / Ligue 2 / MLS / Premier League
smt_buts_ext,ext,Saint,1.0,1.0176,0.6753,8590,311,8,25.0,0.07,02/08/2024 - 01/08/2026,Bundesliga / Championship / LaLiga / LaLiga 2 / Ligue 1 / Ligue 2 / MLS / Premier League
smt_buts_ext,ext,P. Münster,0.9015,1.034,0.6753,8590,311,8,25.0,0.07,02/08/2024 - 01/08/2026,Bundesliga / Championship / LaLiga / LaLiga 2 / Ligue 1 / Ligue 2 / MLS / Premier League
smt_buts_ext,ext,Rodez,1.1341,0.867,0.6753,8590,311,8,25.0,0.07,02/08/2024 - 01/08/2026,Bundesliga / Championship / LaLiga / LaLiga 2 / Ligue 1 / Ligue 2 / MLS / Premier League
smt_buts_ext,ext,SM Caen,1.1142,0.8938,0.6753,8590,311,8,25.0,0.07,02/08/2024 - 01/08/2026,Bundesliga / Championship / LaLiga / LaLiga 2 / Ligue 1 / Ligue 2 / MLS / Premier League
smt_buts_ext,ext,Naples,0.8459,0.7423,0.6753,8590,311,8,25.0,0.07,02/08/2024 - 01/08/2026,Bundesliga / Championship / LaLiga / LaLiga 2 / Ligue 1 / Ligue 2 / MLS / Premier League
smt_buts_ext,ext,Bournemouth,1.3248,0.9969,0.6753,8590,311,8,25.0,0.07,02/08/2024 - 01/08/2026,Bundesliga / Championship / LaLiga / LaLiga 2 / Ligue 1 / Ligue 2 / MLS / Premier League
smt_buts_ext,ext,Newcastle,0.6929,1.3541,0.6753,8590,311,8,25.0,0.07,02/08/2024 - 01/08/2026,Bundesliga / Championship / LaLiga / LaLiga 2 / Ligue 1 / Ligue 2 / MLS / Premier League
smt_buts_ext,ext,Étienne - Angers,1.0534,1.0,0.6753,8590,311,8,25.0,0.07,02/08/2024 - 01/08/2026,Bundesliga / Championship / LaLiga / LaLiga 2 / Ligue 1 / Ligue 2 / MLS / Premier League
smt_buts_ext,ext,West Ham,0.96,1.2969,0.6753,8590,311,8,25.0,0.07,02/08/2024 - 01/08/2026,Bundesliga / Championship / LaLiga / LaLiga 2 / Ligue 1 / Ligue 2 / MLS / Premier League
smt_buts_ext,ext,Milan,1.3084,0.8296,0.6753,8590,311,8,25.0,0.07,02/08/2024 - 01/08/2026,Bundesliga / Championship / LaLiga / LaLiga 2 / Ligue 1 / Ligue 2 / MLS / Premier League
smt_buts_ext,ext,SC Bastia,0.6656,0.665,0.6753,8590,311,8,25.0,0.07,02/08/2024 - 01/08/2026,Bundesliga / Championship / LaLiga / LaLiga 2 / Ligue 1 / Ligue 2 / MLS / Premier League
smt_buts_ext,ext,Karlsruher,1.1663,1.267,0.6753,8590,311,8,25.0,0.07,02/08/2024 - 01/08/2026,Bundesliga / Championship / LaLiga / LaLiga 2 / Ligue 1 / Ligue 2 / MLS / Premier League
smt_buts_ext,ext,Angers,0.7697,1.0495,0.6753,8590,311,8,25.0,0.07,02/08/2024 - 01/08/2026,Bundesliga / Championship / LaLiga / LaLiga 2 / Ligue 1 / Ligue 2 / MLS / Premier League
smt_buts_ext,ext,Spezia,0.8793,0.7243,0.6753,8590,311,8,25.0,0.07,02/08/2024 - 01/08/2026,Bundesliga / Championship / LaLiga / LaLiga 2 / Ligue 1 / Ligue 2 / MLS / Premier League
smt_buts_ext,ext,D. Dresde,0.9204,1.0567,0.6753,8590,311,8,25.0,0.07,02/08/2024 - 01/08/2026,Bundesliga / Championship / LaLiga / LaLiga 2 / Ligue 1 / Ligue 2 / MLS / Premier League
smt_buts_ext,ext,Monza,1.1137,0.7434,0.6753,8590,311,8,25.0,0.07,02/08/2024 - 01/08/2026,Bundesliga / Championship / LaLiga / LaLiga 2 / Ligue 1 / Ligue 2 / MLS / Premier League
smt_buts_ext,ext,Fulham,1.0708,1.1416,0.6753,8590,311,8,25.0,0.07,02/08/2024 - 01/08/2026,Bundesliga / Championship / LaLiga / LaLiga 2 / Ligue 1 / Ligue 2 / MLS / Premier League
smt_buts_ext,ext,Los Angeles,1.214,0.8696,0.6753,8590,311,8,25.0,0.07,02/08/2024 - 01/08/2026,Bundesliga / Championship / LaLiga / LaLiga 2 / Ligue 1 / Ligue 2 / MLS / Premier League
smt_buts_ext,ext,Santa Clara,0.8448,0.792,0.6753,8590,311,8,25.0,0.07,02/08/2024 - 01/08/2026,Bundesliga / Championship / LaLiga / LaLiga 2 / Ligue 1 / Ligue 2 / MLS / Premier League
smt_buts_ext,ext,Valence,0.9313,1.229,0.6753,8590,311,8,25.0,0.07,02/08/2024 - 01/08/2026,Bundesliga / Championship / LaLiga / LaLiga 2 / Ligue 1 / Ligue 2 / MLS / Premier League
smt_buts_ext,ext,Hambourg,1.1047,0.9608,0.6753,8590,311,8,25.0,0.07,02/08/2024 - 01/08/2026,Bundesliga / Championship / LaLiga / LaLiga 2 / Ligue 1 / Ligue 2 / MLS / Premier League
smt_buts_ext,ext,Hellas Verone,0.6871,1.1761,0.6753,8590,311,8,25.0,0.07,02/08/2024 - 01/08/2026,Bundesliga / Championship / LaLiga / LaLiga 2 / Ligue 1 / Ligue 2 / MLS / Premier League
smt_buts_ext,ext,Toronto,0.7979,1.621,0.6753,8590,311,8,25.0,0.07,02/08/2024 - 01/08/2026,Bundesliga / Championship / LaLiga / LaLiga 2 / Ligue 1 / Ligue 2 / MLS / Premier League
smt_buts_ext,ext,Catanzaro,1.1149,0.7908,0.6753,8590,311,8,25.0,0.07,02/08/2024 - 01/08/2026,Bundesliga / Championship / LaLiga / LaLiga 2 / Ligue 1 / Ligue 2 / MLS / Premier League
smt_buts_ext,ext,Moreirense,0.8635,1.0612,0.6753,8590,311,8,25.0,0.07,02/08/2024 - 01/08/2026,Bundesliga / Championship / LaLiga / LaLiga 2 / Ligue 1 / Ligue 2 / MLS / Premier League
smt_buts_ext,ext,Lorient,1.0134,1.0992,0.6753,8590,311,8,25.0,0.07,02/08/2024 - 01/08/2026,Bundesliga / Championship / LaLiga / LaLiga 2 / Ligue 1 / Ligue 2 / MLS / Premier League
smt_buts_ext,ext,Étienne - Nancy,1.0534,1.0,0.6753,8590,311,8,25.0,0.07,02/08/2024 - 01/08/2026,Bundesliga / Championship / LaLiga / LaLiga 2 / Ligue 1 / Ligue 2 / MLS / Premier League
smt_buts_ext,ext,Greuther Fürth,1.104,1.0881,0.6753,8590,311,8,25.0,0.07,02/08/2024 - 01/08/2026,Bundesliga / Championship / LaLiga / LaLiga 2 / Ligue 1 / Ligue 2 / MLS / Premier League
smt_buts_ext,ext,Frosinone,1.193,0.8414,0.6753,8590,311,8,25.0,0.07,02/08/2024 - 01/08/2026,Bundesliga / Championship / LaLiga / LaLiga 2 / Ligue 1 / Ligue 2 / MLS / Premier League
smt_buts_ext,ext,Rome,0.9971,0.6511,0.6753,8590,311,8,25.0,0.07,02/08/2024 - 01/08/2026,Bundesliga / Championship / LaLiga / LaLiga 2 / Ligue 1 / Ligue 2 / MLS / Premier League
smt_buts_ext,ext,Carthagène,0.9265,1.0142,0.6753,8590,311,8,25.0,0.07,02/08/2024 - 01/08/2026,Bundesliga / Championship / LaLiga / LaLiga 2 / Ligue 1 / Ligue 2 / MLS / Premier League
smt_buts_ext,ext,M'gladbach,1.0777,1.025,0.6753,8590,311,8,25.0,0.07,02/08/2024 - 01/08/2026,Bundesliga / Championship / LaLiga / LaLiga 2 / Ligue 1 / Ligue 2 / MLS / Premier League
smt_buts_ext,ext,Ath. Bilbao,1.0788,0.9386,0.6753,8590,311,8,25.0,0.07,02/08/2024 - 01/08/2026,Bundesliga / Championship / LaLiga / LaLiga 2 / Ligue 1 / Ligue 2 / MLS / Premier League
smt_buts_ext,ext,Estrela,0.698,1.1394,0.6753,8590,311,8,25.0,0.07,02/08/2024 - 01/08/2026,Bundesliga / Championship / LaLiga / LaLiga 2 / Ligue 1 / Ligue 2 / MLS / Premier League
smt_buts_ext,ext,Hull City,1.0356,0.9582,0.6753,8590,311,8,25.0,0.07,02/08/2024 - 01/08/2026,Bundesliga / Championship / LaLiga / LaLiga 2 / Ligue 1 / Ligue 2 / MLS / Premier League
smt_buts_ext,ext,Nuremberg,0.8968,0.9841,0.6753,8590,311,8,25.0,0.07,02/08/2024 - 01/08/2026,Bundesliga / Championship / LaLiga / LaLiga 2 / Ligue 1 / Ligue 2 / MLS / Premier League
smt_buts_ext,ext,Hanovre,1.2077,1.0623,0.6753,8590,311,8,25.0,0.07,02/08/2024 - 01/08/2026,Bundesliga / Championship / LaLiga / LaLiga 2 / Ligue 1 / Ligue 2 / MLS / Premier League
smt_buts_ext,ext,Paderborn,1.3201,0.9373,0.6753,8590,311,8,25.0,0.07,02/08/2024 - 01/08/2026,Bundesliga / Championship / LaLiga / LaLiga 2 / Ligue 1 / Ligue 2 / MLS / Premier League
smt_buts_ext,ext,AJ Auxerre,0.6728,0.7307,0.6753,8590,311,8,25.0,0.07,02/08/2024 - 01/08/2026,Bundesliga / Championship / LaLiga / LaLiga 2 / Ligue 1 / Ligue 2 / MLS / Premier League
smt_buts_ext,ext,Étienne - Troyes,1.3825,1.0,0.6753,8590,311,8,25.0,0.07,02/08/2024 - 01/08/2026,Bundesliga / Championship / LaLiga / LaLiga 2 / Ligue 1 / Ligue 2 / MLS / Premier League
smt_buts_ext,ext,Millwall,1.1569,1.1284,0.6753,8590,311,8,25.0,0.07,02/08/2024 - 01/08/2026,Bundesliga / Championship / LaLiga / LaLiga 2 / Ligue 1 / Ligue 2 / MLS / Premier League
smt_buts_ext,ext,Gérone,0.862,1.1287,0.6753,8590,311,8,25.0,0.07,02/08/2024 - 01/08/2026,Bundesliga / Championship / LaLiga / LaLiga 2 / Ligue 1 / Ligue 2 / MLS / Premier League
smt_buts_ext,ext,Düsseldorf,0.9286,1.3467,0.6753,8590,311,8,25.0,0.07,02/08/2024 - 01/08/2026,Bundesliga / Championship / LaLiga / LaLiga 2 / Ligue 1 / Ligue 2 / MLS / Premier League
smt_buts_ext,ext,Bayern Munich,2.4645,0.9234,0.6753,8590,311,8,25.0,0.07,02/08/2024 - 01/08/2026,Bundesliga / Championship / LaLiga / LaLiga 2 / Ligue 1 / Ligue 2 / MLS / Premier League
smt_buts_ext,ext,Ipswich Town,1.3506,0.9195,0.6753,8590,311,8,25.0,0.07,02/08/2024 - 01/08/2026,Bundesliga / Championship / LaLiga / LaLiga 2 / Ligue 1 / Ligue 2 / MLS / Premier League
smt_buts_ext,ext,Real Madrid,1.325,0.8747,0.6753,8590,311,8,25.0,0.07,02/08/2024 - 01/08/2026,Bundesliga / Championship / LaLiga / LaLiga 2 / Ligue 1 / Ligue 2 / MLS / Premier League
smt_buts_ext,ext,Elversberg,1.2691,1.0589,0.6753,8590,311,8,25.0,0.07,02/08/2024 - 01/08/2026,Bundesliga / Championship / LaLiga / LaLiga 2 / Ligue 1 / Ligue 2 / MLS / Premier League
smt_buts_ext,ext,Étienne - USL Dunkerque,0.8889,1.0,0.6753,8590,311,8,25.0,0.07,02/08/2024 - 01/08/2026,Bundesliga / Championship / LaLiga / LaLiga 2 / Ligue 1 / Ligue 2 / MLS / Premier League
smt_buts_ext,ext,Mayence,1.0298,1.1244,0.6753,8590,311,8,25.0,0.07,02/08/2024 - 01/08/2026,Bundesliga / Championship / LaLiga / LaLiga 2 / Ligue 1 / Ligue 2 / MLS / Premier League
smt_buts_ext,ext,Magdebourg,1.4462,1.2007,0.6753,8590,311,8,25.0,0.07,02/08/2024 - 01/08/2026,Bundesliga / Championship / LaLiga / LaLiga 2 / Ligue 1 / Ligue 2 / MLS / Premier League
smt_buts_ext,ext,Tottenham,1.0557,1.1656,0.6753,8590,311,8,25.0,0.07,02/08/2024 - 01/08/2026,Bundesliga / Championship / LaLiga / LaLiga 2 / Ligue 1 / Ligue 2 / MLS / Premier League
smt_buts_ext,ext,Watford,1.0693,0.9133,0.6753,8590,311,8,25.0,0.07,02/08/2024 - 01/08/2026,Bundesliga / Championship / LaLiga / LaLiga 2 / Ligue 1 / Ligue 2 / MLS / Premier League
smt_buts_ext,ext,Rio Ave,1.0419,1.1633,0.6753,8590,311,8,25.0,0.07,02/08/2024 - 01/08/2026,Bundesliga / Championship / LaLiga / LaLiga 2 / Ligue 1 / Ligue 2 / MLS / Premier League
smt_buts_ext,ext,Sheffield Utd,0.9506,1.0349,0.6753,8590,311,8,25.0,0.07,02/08/2024 - 01/08/2026,Bundesliga / Championship / LaLiga / LaLiga 2 / Ligue 1 / Ligue 2 / MLS / Premier League
smt_buts_ext,ext,Nashville SC,0.9594,0.9683,0.6753,8590,311,8,25.0,0.07,02/08/2024 - 01/08/2026,Bundesliga / Championship / LaLiga / LaLiga 2 / Ligue 1 / Ligue 2 / MLS / Premier League
smt_buts_ext,ext,Ratisbonne,0.5918,0.9292,0.6753,8590,311,8,25.0,0.07,02/08/2024 - 01/08/2026,Bundesliga / Championship / LaLiga / LaLiga 2 / Ligue 1 / Ligue 2 / MLS / Premier League
smt_buts_ext,ext,St. Lavallois,0.8279,1.1855,0.6753,8590,311,8,25.0,0.07,02/08/2024 - 01/08/2026,Bundesliga / Championship / LaLiga / LaLiga 2 / Ligue 1 / Ligue 2 / MLS / Premier League
smt_buts_ext,ext,Oxford Utd,0.6062,0.874,0.6753,8590,311,8,25.0,0.07,02/08/2024 - 01/08/2026,Bundesliga / Championship / LaLiga / LaLiga 2 / Ligue 1 / Ligue 2 / MLS / Premier League
smt_buts_ext,ext,Annecy,1.058,1.0016,0.6753,8590,311,8,25.0,0.07,02/08/2024 - 01/08/2026,Bundesliga / Championship / LaLiga / LaLiga 2 / Ligue 1 / Ligue 2 / MLS / Premier League
smt_buts_ext,ext,Elche,0.7676,0.7991,0.6753,8590,311,8,25.0,0.07,02/08/2024 - 01/08/2026,Bundesliga / Championship / LaLiga / LaLiga 2 / Ligue 1 / Ligue 2 / MLS / Premier League
smt_buts_ext,ext,Cesena,0.8229,0.999,0.6753,8590,311,8,25.0,0.07,02/08/2024 - 01/08/2026,Bundesliga / Championship / LaLiga / LaLiga 2 / Ligue 1 / Ligue 2 / MLS / Premier League
smt_buts_ext,ext,Arouca,0.9972,1.184,0.6753,8590,311,8,25.0,0.07,02/08/2024 - 01/08/2026,Bundesliga / Championship / LaLiga / LaLiga 2 / Ligue 1 / Ligue 2 / MLS / Premier League
smt_buts_ext,ext,Havre AC,0.7985,0.9575,0.6753,8590,311,8,25.0,0.07,02/08/2024 - 01/08/2026,Bundesliga / Championship / LaLiga / LaLiga 2 / Ligue 1 / Ligue 2 / MLS / Premier League
smt_buts_ext,ext,Bologne,1.174,0.9097,0.6753,8590,311,8,25.0,0.07,02/08/2024 - 01/08/2026,Bundesliga / Championship / LaLiga / LaLiga 2 / Ligue 1 / Ligue 2 / MLS / Premier League
smt_buts_ext,ext,Mantoue,0.8692,1.1222,0.6753,8590,311,8,25.0,0.07,02/08/2024 - 01/08/2026,Bundesliga / Championship / LaLiga / LaLiga 2 / Ligue 1 / Ligue 2 / MLS / Premier League
smt_buts_ext,ext,Red Star,1.1318,1.0959,0.6753,8590,311,8,25.0,0.07,02/08/2024 - 01/08/2026,Bundesliga / Championship / LaLiga / LaLiga 2 / Ligue 1 / Ligue 2 / MLS / Premier League
smt_buts_ext,ext,Montpellier,0.8,1.0393,0.6753,8590,311,8,25.0,0.07,02/08/2024 - 01/08/2026,Bundesliga / Championship / LaLiga / LaLiga 2 / Ligue 1 / Ligue 2 / MLS / Premier League
smt_buts_ext,ext,Southampton,1.3708,1.0757,0.6753,8590,311,8,25.0,0.07,02/08/2024 - 01/08/2026,Bundesliga / Championship / LaLiga / LaLiga 2 / Ligue 1 / Ligue 2 / MLS / Premier League
smt_buts_ext,ext,Alavés,1.0501,1.2442,0.6753,8590,311,8,25.0,0.07,02/08/2024 - 01/08/2026,Bundesliga / Championship / LaLiga / LaLiga 2 / Ligue 1 / Ligue 2 / MLS / Premier League
smt_buts_ext,ext,Étienne - Havre AC,1.218,1.0,0.6753,8590,311,8,25.0,0.07,02/08/2024 - 01/08/2026,Bundesliga / Championship / LaLiga / LaLiga 2 / Ligue 1 / Ligue 2 / MLS / Premier League
smt_buts_ext,ext,Étienne - Pau,0.8889,1.0,0.6753,8590,311,8,25.0,0.07,02/08/2024 - 01/08/2026,Bundesliga / Championship / LaLiga / LaLiga 2 / Ligue 1 / Ligue 2 / MLS / Premier League
smt_buts_ext,ext,Austin,0.7636,0.8993,0.6753,8590,311,8,25.0,0.07,02/08/2024 - 01/08/2026,Bundesliga / Championship / LaLiga / LaLiga 2 / Ligue 1 / Ligue 2 / MLS / Premier League
smt_buts_ext,ext,Liverpool,1.6735,1.0401,0.6753,8590,311,8,25.0,0.07,02/08/2024 - 01/08/2026,Bundesliga / Championship / LaLiga / LaLiga 2 / Ligue 1 / Ligue 2 / MLS / Premier League
smt_buts_ext,ext,Tondela,1.0035,0.9619,0.6753,8590,311,8,25.0,0.07,02/08/2024 - 01/08/2026,Bundesliga / Championship / LaLiga / LaLiga 2 / Ligue 1 / Ligue 2 / MLS / Premier League
smt_buts_ext,ext,Étienne - Nice,1.091,1.0,0.6753,8590,311,8,25.0,0.07,02/08/2024 - 01/08/2026,Bundesliga / Championship / LaLiga / LaLiga 2 / Ligue 1 / Ligue 2 / MLS / Premier League
smt_buts_ext,ext,Lyon,1.0946,1.0295,0.6753,8590,311,8,25.0,0.07,02/08/2024 - 01/08/2026,Bundesliga / Championship / LaLiga / LaLiga 2 / Ligue 1 / Ligue 2 / MLS / Premier League
smt_buts_ext,ext,Cincinnati,1.0693,1.2807,0.6753,8590,311,8,25.0,0.07,02/08/2024 - 01/08/2026,Bundesliga / Championship / LaLiga / LaLiga 2 / Ligue 1 / Ligue 2 / MLS / Premier League
smt_buts_ext,ext,Barcelone,1.7637,0.6433,0.6753,8590,311,8,25.0,0.07,02/08/2024 - 01/08/2026,Bundesliga / Championship / LaLiga / LaLiga 2 / Ligue 1 / Ligue 2 / MLS / Premier League
smt_buts_ext,ext,Bari,0.5913,1.0473,0.6753,8590,311,8,25.0,0.07,02/08/2024 - 01/08/2026,Bundesliga / Championship / LaLiga / LaLiga 2 / Ligue 1 / Ligue 2 / MLS / Premier League
smt_buts_ext,ext,Étienne - Rennes,1.0534,1.0,0.6753,8590,311,8,25.0,0.07,02/08/2024 - 01/08/2026,Bundesliga / Championship / LaLiga / LaLiga 2 / Ligue 1 / Ligue 2 / MLS / Premier League
smt_buts_ext,ext,Dallas,1.0393,1.0342,0.6753,8590,311,8,25.0,0.07,02/08/2024 - 01/08/2026,Bundesliga / Championship / LaLiga / LaLiga 2 / Ligue 1 / Ligue 2 / MLS / Premier League
smt_buts_ext,ext,Udinese,1.1245,1.0722,0.6753,8590,311,8,25.0,0.07,02/08/2024 - 01/08/2026,Bundesliga / Championship / LaLiga / LaLiga 2 / Ligue 1 / Ligue 2 / MLS / Premier League
smt_buts_ext,ext,Carrarese,0.9932,0.8135,0.6753,8590,311,8,25.0,0.07,02/08/2024 - 01/08/2026,Bundesliga / Championship / LaLiga / LaLiga 2 / Ligue 1 / Ligue 2 / MLS / Premier League
smt_buts_ext,ext,Atlanta Utd,0.8483,1.3113,0.6753,8590,311,8,25.0,0.07,02/08/2024 - 01/08/2026,Bundesliga / Championship / LaLiga / LaLiga 2 / Ligue 1 / Ligue 2 / MLS / Premier League
smt_buts_ext,ext,Grenoble Foot,0.9047,0.8901,0.6753,8590,311,8,25.0,0.07,02/08/2024 - 01/08/2026,Bundesliga / Championship / LaLiga / LaLiga 2 / Ligue 1 / Ligue 2 / MLS / Premier League
smt_buts_ext,ext,Boavista,0.9011,1.2648,0.6753,8590,311,8,25.0,0.07,02/08/2024 - 01/08/2026,Bundesliga / Championship / LaLiga / LaLiga 2 / Ligue 1 / Ligue 2 / MLS / Premier League
smt_buts_ext,ext,Penafiel,1.108,0.7331,0.6753,8590,311,8,25.0,0.07,02/08/2024 - 01/08/2026,Bundesliga / Championship / LaLiga / LaLiga 2 / Ligue 1 / Ligue 2 / MLS / Premier League
smt_buts_ext,ext,Santander,1.1454,1.0121,0.6753,8590,311,8,25.0,0.07,02/08/2024 - 01/08/2026,Bundesliga / Championship / LaLiga / LaLiga 2 / Ligue 1 / Ligue 2 / MLS / Premier League
smt_buts_ext,ext,NY Red Bulls,0.8553,1.1941,0.6753,8590,311,8,25.0,0.07,02/08/2024 - 01/08/2026,Bundesliga / Championship / LaLiga / LaLiga 2 / Ligue 1 / Ligue 2 / MLS / Premier League
smt_buts_ext,ext,Pau,1.0462,1.2368,0.6753,8590,311,8,25.0,0.07,02/08/2024 - 01/08/2026,Bundesliga / Championship / LaLiga / LaLiga 2 / Ligue 1 / Ligue 2 / MLS / Premier League
smt_buts_ext,ext,St. Louis,0.9743,1.0198,0.6753,8590,311,8,25.0,0.07,02/08/2024 - 01/08/2026,Bundesliga / Championship / LaLiga / LaLiga 2 / Ligue 1 / Ligue 2 / MLS / Premier League
smt_buts_ext,ext,Cardiff,0.755,1.2636,0.6753,8590,311,8,25.0,0.07,02/08/2024 - 01/08/2026,Bundesliga / Championship / LaLiga / LaLiga 2 / Ligue 1 / Ligue 2 / MLS / Premier League
smt_buts_ext,ext,Dortmund,1.2775,0.939,0.6753,8590,311,8,25.0,0.07,02/08/2024 - 01/08/2026,Bundesliga / Championship / LaLiga / LaLiga 2 / Ligue 1 / Ligue 2 / MLS / Premier League
smt_buts_ext,ext,Casa Pia,0.8308,1.0811,0.6753,8590,311,8,25.0,0.07,02/08/2024 - 01/08/2026,Bundesliga / Championship / LaLiga / LaLiga 2 / Ligue 1 / Ligue 2 / MLS / Premier League
smt_buts_ext,ext,Burnley,0.8777,0.6394,0.6753,8590,311,8,25.0,0.07,02/08/2024 - 01/08/2026,Bundesliga / Championship / LaLiga / LaLiga 2 / Ligue 1 / Ligue 2 / MLS / Premier League
smt_buts_ext,ext,Montreal,1.0522,0.9187,0.6753,8590,311,8,25.0,0.07,02/08/2024 - 01/08/2026,Bundesliga / Championship / LaLiga / LaLiga 2 / Ligue 1 / Ligue 2 / MLS / Premier League
smt_buts_ext,ext,Atalanta,1.2333,0.8547,0.6753,8590,311,8,25.0,0.07,02/08/2024 - 01/08/2026,Bundesliga / Championship / LaLiga / LaLiga 2 / Ligue 1 / Ligue 2 / MLS / Premier League
smt_buts_ext,ext,Nantes,0.6189,1.1848,0.6753,8590,311,8,25.0,0.07,02/08/2024 - 01/08/2026,Bundesliga / Championship / LaLiga / LaLiga 2 / Ligue 1 / Ligue 2 / MLS / Premier League
smt_buts_ext,ext,Étienne - Annecy,0.8889,1.0,0.6753,8590,311,8,25.0,0.07,02/08/2024 - 01/08/2026,Bundesliga / Championship / LaLiga / LaLiga 2 / Ligue 1 / Ligue 2 / MLS / Premier League
smt_buts_ext,ext,Étienne - St. Lavallois,0.8889,1.0,0.6753,8590,311,8,25.0,0.07,02/08/2024 - 01/08/2026,Bundesliga / Championship / LaLiga / LaLiga 2 / Ligue 1 / Ligue 2 / MLS / Premier League
smt_buts_ext,ext,V. Guimaraes,0.8381,0.9984,0.6753,8590,311,8,25.0,0.07,02/08/2024 - 01/08/2026,Bundesliga / Championship / LaLiga / LaLiga 2 / Ligue 1 / Ligue 2 / MLS / Premier League
smt_buts_ext,ext,Las Palmas,0.9773,0.8995,0.6753,8590,311,8,25.0,0.07,02/08/2024 - 01/08/2026,Bundesliga / Championship / LaLiga / LaLiga 2 / Ligue 1 / Ligue 2 / MLS / Premier League
smt_buts_ext,ext,Charlton,0.9958,0.7307,0.6753,8590,311,8,25.0,0.07,02/08/2024 - 01/08/2026,Bundesliga / Championship / LaLiga / LaLiga 2 / Ligue 1 / Ligue 2 / MLS / Premier League
smt_buts_ext,ext,Brest,0.7864,0.9688,0.6753,8590,311,8,25.0,0.07,02/08/2024 - 01/08/2026,Bundesliga / Championship / LaLiga / LaLiga 2 / Ligue 1 / Ligue 2 / MLS / Premier League
smt_buts_ext,ext,Pise,0.635,1.2183,0.6753,8590,311,8,25.0,0.07,02/08/2024 - 01/08/2026,Bundesliga / Championship / LaLiga / LaLiga 2 / Ligue 1 / Ligue 2 / MLS / Premier League
smt_buts_ext,ext,A. Bielefeld,0.7611,0.8329,0.6753,8590,311,8,25.0,0.07,02/08/2024 - 01/08/2026,Bundesliga / Championship / LaLiga / LaLiga 2 / Ligue 1 / Ligue 2 / MLS / Premier League
smt_buts_ext,ext,Real Saragosse,0.9356,1.2971,0.6753,8590,311,8,25.0,0.07,02/08/2024 - 01/08/2026,Bundesliga / Championship / LaLiga / LaLiga 2 / Ligue 1 / Ligue 2 / MLS / Premier League
smt_buts_ext,ext,West Bromwich,0.7336,0.926,0.6753,8590,311,8,25.0,0.07,02/08/2024 - 01/08/2026,Bundesliga / Championship / LaLiga / LaLiga 2 / Ligue 1 / Ligue 2 / MLS / Premier League
smt_buts_ext,ext,V. Whitecaps,1.3615,0.6541,0.6753,8590,311,8,25.0,0.07,02/08/2024 - 01/08/2026,Bundesliga / Championship / LaLiga / LaLiga 2 / Ligue 1 / Ligue 2 / MLS / Premier League
smt_buts_ext,ext,Alverca,0.8221,0.9749,0.6753,8590,311,8,25.0,0.07,02/08/2024 - 01/08/2026,Bundesliga / Championship / LaLiga / LaLiga 2 / Ligue 1 / Ligue 2 / MLS / Premier League
smt_buts_ext,ext,Wolverhampton,0.6883,1.2071,0.6753,8590,311,8,25.0,0.07,02/08/2024 - 01/08/2026,Bundesliga / Championship / LaLiga / LaLiga 2 / Ligue 1 / Ligue 2 / MLS / Premier League
smt_buts_ext,ext,Stoke,0.6986,1.2282,0.6753,8590,311,8,25.0,0.07,02/08/2024 - 01/08/2026,Bundesliga / Championship / LaLiga / LaLiga 2 / Ligue 1 / Ligue 2 / MLS / Premier League
smt_buts_ext,ext,Feirense,0.8265,0.8206,0.6753,8590,311,8,25.0,0.07,02/08/2024 - 01/08/2026,Bundesliga / Championship / LaLiga / LaLiga 2 / Ligue 1 / Ligue 2 / MLS / Premier League
smt_buts_ext,ext,Metz,0.8926,1.2037,0.6753,8590,311,8,25.0,0.07,02/08/2024 - 01/08/2026,Bundesliga / Championship / LaLiga / LaLiga 2 / Ligue 1 / Ligue 2 / MLS / Premier League
smt_buts_ext,ext,Sporting CP II,0.7848,0.9954,0.6753,8590,311,8,25.0,0.07,02/08/2024 - 01/08/2026,Bundesliga / Championship / LaLiga / LaLiga 2 / Ligue 1 / Ligue 2 / MLS / Premier League
smt_buts_ext,ext,Saint-Étienne,0.8546,1.0,0.6753,8590,311,8,25.0,0.07,02/08/2024 - 01/08/2026,Bundesliga / Championship / LaLiga / LaLiga 2 / Ligue 1 / Ligue 2 / MLS / Premier League
smt_buts_ext,ext,New York City,0.8929,1.2729,0.6753,8590,311,8,25.0,0.07,02/08/2024 - 01/08/2026,Bundesliga / Championship / LaLiga / LaLiga 2 / Ligue 1 / Ligue 2 / MLS / Premier League
smt_buts_ext,ext,Augsbourg,0.8784,1.0113,0.6753,8590,311,8,25.0,0.07,02/08/2024 - 01/08/2026,Bundesliga / Championship / LaLiga / LaLiga 2 / Ligue 1 / Ligue 2 / MLS / Premier League
smt_buts_ext,ext,Étienne - Red Star,0.8889,1.0,0.6753,8590,311,8,25.0,0.07,02/08/2024 - 01/08/2026,Bundesliga / Championship / LaLiga / LaLiga 2 / Ligue 1 / Ligue 2 / MLS / Premier League
smt_buts_ext,ext,Leixões,0.7393,1.1499,0.6753,8590,311,8,25.0,0.07,02/08/2024 - 01/08/2026,Bundesliga / Championship / LaLiga / LaLiga 2 / Ligue 1 / Ligue 2 / MLS / Premier League
smt_buts_ext,ext,Phila. Union,1.3254,0.8041,0.6753,8590,311,8,25.0,0.07,02/08/2024 - 01/08/2026,Bundesliga / Championship / LaLiga / LaLiga 2 / Ligue 1 / Ligue 2 / MLS / Premier League
smt_buts_ext,ext,Coventry,1.1265,0.7418,0.6753,8590,311,8,25.0,0.07,02/08/2024 - 01/08/2026,Bundesliga / Championship / LaLiga / LaLiga 2 / Ligue 1 / Ligue 2 / MLS / Premier League
smt_buts_ext,ext,Étienne - SC Bastia,0.8889,1.0,0.6753,8590,311,8,25.0,0.07,02/08/2024 - 01/08/2026,Bundesliga / Championship / LaLiga / LaLiga 2 / Ligue 1 / Ligue 2 / MLS / Premier League
smt_buts_ext,ext,Columbus,0.9855,0.992,0.6753,8590,311,8,25.0,0.07,02/08/2024 - 01/08/2026,Bundesliga / Championship / LaLiga / LaLiga 2 / Ligue 1 / Ligue 2 / MLS / Premier League
smt_buts_ext,ext,Kiel,1.1781,1.0737,0.6753,8590,311,8,25.0,0.07,02/08/2024 - 01/08/2026,Bundesliga / Championship / LaLiga / LaLiga 2 / Ligue 1 / Ligue 2 / MLS / Premier League
smt_buts_ext,ext,Middlesbrough,1.0931,0.8284,0.6753,8590,311,8,25.0,0.07,02/08/2024 - 01/08/2026,Bundesliga / Championship / LaLiga / LaLiga 2 / Ligue 1 / Ligue 2 / MLS / Premier League
smt_buts_ext,ext,UD Oliveirense,0.7134,1.5111,0.6753,8590,311,8,25.0,0.07,02/08/2024 - 01/08/2026,Bundesliga / Championship / LaLiga / LaLiga 2 / Ligue 1 / Ligue 2 / MLS / Premier League
smt_buts_ext,ext,Étienne - Marseille,1.0534,1.0,0.6753,8590,311,8,25.0,0.07,02/08/2024 - 01/08/2026,Bundesliga / Championship / LaLiga / LaLiga 2 / Ligue 1 / Ligue 2 / MLS / Premier League
smt_buts_ext,ext,AVS,0.6964,1.1076,0.6753,8590,311,8,25.0,0.07,02/08/2024 - 01/08/2026,Bundesliga / Championship / LaLiga / LaLiga 2 / Ligue 1 / Ligue 2 / MLS / Premier League
smt_buts_ext,ext,Deportivo,1.3196,0.941,0.6753,8590,311,8,25.0,0.07,02/08/2024 - 01/08/2026,Bundesliga / Championship / LaLiga / LaLiga 2 / Ligue 1 / Ligue 2 / MLS / Premier League
smt_buts_ext,ext,Gijon,0.9637,0.9055,0.6753,8590,311,8,25.0,0.07,02/08/2024 - 01/08/2026,Bundesliga / Championship / LaLiga / LaLiga 2 / Ligue 1 / Ligue 2 / MLS / Premier League
smt_buts_ext,ext,Étienne - AJ Auxerre,1.0534,1.0,0.6753,8590,311,8,25.0,0.07,02/08/2024 - 01/08/2026,Bundesliga / Championship / LaLiga / LaLiga 2 / Ligue 1 / Ligue 2 / MLS / Premier League
smt_buts_ext,ext,Castellon,1.0317,0.9895,0.6753,8590,311,8,25.0,0.07,02/08/2024 - 01/08/2026,Bundesliga / Championship / LaLiga / LaLiga 2 / Ligue 1 / Ligue 2 / MLS / Premier League
smt_buts_ext,ext,Cittadella,0.788,1.2154,0.6753,8590,311,8,25.0,0.07,02/08/2024 - 01/08/2026,Bundesliga / Championship / LaLiga / LaLiga 2 / Ligue 1 / Ligue 2 / MLS / Premier League
smt_buts_ext,ext,B. Leverkusen,0.934,0.8623,0.6753,8590,311,8,25.0,0.07,02/08/2024 - 01/08/2026,Bundesliga / Championship / LaLiga / LaLiga 2 / Ligue 1 / Ligue 2 / MLS / Premier League
smt_buts_ext,ext,Cagliari,0.8398,1.078,0.6753,8590,311,8,25.0,0.07,02/08/2024 - 01/08/2026,Bundesliga / Championship / LaLiga / LaLiga 2 / Ligue 1 / Ligue 2 / MLS / Premier League
smt_buts_ext,ext,Swansea,0.9259,0.853,0.6753,8590,311,8,25.0,0.07,02/08/2024 - 01/08/2026,Bundesliga / Championship / LaLiga / LaLiga 2 / Ligue 1 / Ligue 2 / MLS / Premier League
smt_buts_ext,ext,Heidenheim,1.0164,1.4746,0.6753,8590,311,8,25.0,0.07,02/08/2024 - 01/08/2026,Bundesliga / Championship / LaLiga / LaLiga 2 / Ligue 1 / Ligue 2 / MLS / Premier League
smt_buts_ext,ext,Hertha BSC,1.2605,1.1532,0.6753,8590,311,8,25.0,0.07,02/08/2024 - 01/08/2026,Bundesliga / Championship / LaLiga / LaLiga 2 / Ligue 1 / Ligue 2 / MLS / Premier League
smt_buts_ext,ext,Paris FC,0.9554,1.0651,0.6753,8590,311,8,25.0,0.07,02/08/2024 - 01/08/2026,Bundesliga / Championship / LaLiga / LaLiga 2 / Ligue 1 / Ligue 2 / MLS / Premier League
smt_buts_ext,ext,Étienne - US Boulogne,0.8889,1.0,0.6753,8590,311,8,25.0,0.07,02/08/2024 - 01/08/2026,Bundesliga / Championship / LaLiga / LaLiga 2 / Ligue 1 / Ligue 2 / MLS / Premier League
smt_buts_ext,ext,Benfica,1.3093,0.581,0.6753,8590,311,8,25.0,0.07,02/08/2024 - 01/08/2026,Bundesliga / Championship / LaLiga / LaLiga 2 / Ligue 1 / Ligue 2 / MLS / Premier League
smt_buts_ext,ext,Burgos,0.7588,0.6784,0.6753,8590,311,8,25.0,0.07,02/08/2024 - 01/08/2026,Bundesliga / Championship / LaLiga / LaLiga 2 / Ligue 1 / Ligue 2 / MLS / Premier League
smt_buts_ext,ext,Étienne - Lille,0.8889,1.0,0.6753,8590,311,8,25.0,0.07,02/08/2024 - 01/08/2026,Bundesliga / Championship / LaLiga / LaLiga 2 / Ligue 1 / Ligue 2 / MLS / Premier League
smt_buts_ext,ext,Étienne - Clermont,0.8889,1.0,0.6753,8590,311,8,25.0,0.07,02/08/2024 - 01/08/2026,Bundesliga / Championship / LaLiga / LaLiga 2 / Ligue 1 / Ligue 2 / MLS / Premier League
smt_buts_ext,ext,Brighton,1.2141,0.838,0.6753,8590,311,8,25.0,0.07,02/08/2024 - 01/08/2026,Bundesliga / Championship / LaLiga / LaLiga 2 / Ligue 1 / Ligue 2 / MLS / Premier League
smt_buts_ext,ext,Torreense,1.2429,0.9208,0.6753,8590,311,8,25.0,0.07,02/08/2024 - 01/08/2026,Bundesliga / Championship / LaLiga / LaLiga 2 / Ligue 1 / Ligue 2 / MLS / Premier League
smt_buts_ext,ext,Eibar,0.61,0.7729,0.6753,8590,311,8,25.0,0.07,02/08/2024 - 01/08/2026,Bundesliga / Championship / LaLiga / LaLiga 2 / Ligue 1 / Ligue 2 / MLS / Premier League
smt_buts_ext,ext,Wolfsbourg,1.057,1.2709,0.6753,8590,311,8,25.0,0.07,02/08/2024 - 01/08/2026,Bundesliga / Championship / LaLiga / LaLiga 2 / Ligue 1 / Ligue 2 / MLS / Premier League
smt_buts_ext,ext,Sampdoria,0.8985,0.915,0.6753,8590,311,8,25.0,0.07,02/08/2024 - 01/08/2026,Bundesliga / Championship / LaLiga / LaLiga 2 / Ligue 1 / Ligue 2 / MLS / Premier League
smt_buts_ext,ext,Kaiserslautern,1.1337,0.999,0.6753,8590,311,8,25.0,0.07,02/08/2024 - 01/08/2026,Bundesliga / Championship / LaLiga / LaLiga 2 / Ligue 1 / Ligue 2 / MLS / Premier League
smt_buts_ext,ext,Côme,1.1982,1.0151,0.6753,8590,311,8,25.0,0.07,02/08/2024 - 01/08/2026,Bundesliga / Championship / LaLiga / LaLiga 2 / Ligue 1 / Ligue 2 / MLS / Premier League
smt_buts_ext,ext,Leicester,0.971,1.294,0.6753,8590,311,8,25.0,0.07,02/08/2024 - 01/08/2026,Bundesliga / Championship / LaLiga / LaLiga 2 / Ligue 1 / Ligue 2 / MLS / Premier League
smt_buts_ext,ext,Étienne - Amiens,0.8889,1.0,0.6753,8590,311,8,25.0,0.07,02/08/2024 - 01/08/2026,Bundesliga / Championship / LaLiga / LaLiga 2 / Ligue 1 / Ligue 2 / MLS / Premier League
smt_buts_ext,ext,Huesca,0.8747,0.8987,0.6753,8590,311,8,25.0,0.07,02/08/2024 - 01/08/2026,Bundesliga / Championship / LaLiga / LaLiga 2 / Ligue 1 / Ligue 2 / MLS / Premier League
smt_buts_ext,ext,Espanyol,1.086,0.9658,0.6753,8590,311,8,25.0,0.07,02/08/2024 - 01/08/2026,Bundesliga / Championship / LaLiga / LaLiga 2 / Ligue 1 / Ligue 2 / MLS / Premier League
smt_buts_ext,ext,Leeds United,1.0141,0.9428,0.6753,8590,311,8,25.0,0.07,02/08/2024 - 01/08/2026,Bundesliga / Championship / LaLiga / LaLiga 2 / Ligue 1 / Ligue 2 / MLS / Premier League
smt_buts_ext,ext,Portsmouth,0.9753,0.8239,0.6753,8590,311,8,25.0,0.07,02/08/2024 - 01/08/2026,Bundesliga / Championship / LaLiga / LaLiga 2 / Ligue 1 / Ligue 2 / MLS / Premier League
smt_buts_ext,ext,Martigues,0.7741,1.3601,0.6753,8590,311,8,25.0,0.07,02/08/2024 - 01/08/2026,Bundesliga / Championship / LaLiga / LaLiga 2 / Ligue 1 / Ligue 2 / MLS / Premier League
smt_buts_ext,ext,NE Revolution,0.8454,0.9127,0.6753,8590,311,8,25.0,0.07,02/08/2024 - 01/08/2026,Bundesliga / Championship / LaLiga / LaLiga 2 / Ligue 1 / Ligue 2 / MLS / Premier League
smt_buts_ext,ext,Stuttgart,1.4462,1.0875,0.6753,8590,311,8,25.0,0.07,02/08/2024 - 01/08/2026,Bundesliga / Championship / LaLiga / LaLiga 2 / Ligue 1 / Ligue 2 / MLS / Premier League
smt_buts_ext,ext,Amiens,0.8242,1.078,0.6753,8590,311,8,25.0,0.07,02/08/2024 - 01/08/2026,Bundesliga / Championship / LaLiga / LaLiga 2 / Ligue 1 / Ligue 2 / MLS / Premier League
smt_buts_ext,ext,Oviedo,0.8785,0.8602,0.6753,8590,311,8,25.0,0.07,02/08/2024 - 01/08/2026,Bundesliga / Championship / LaLiga / LaLiga 2 / Ligue 1 / Ligue 2 / MLS / Premier League
smt_buts_ext,ext,Étienne - Grenoble Foot,1.0534,1.0,0.6753,8590,311,8,25.0,0.07,02/08/2024 - 01/08/2026,Bundesliga / Championship / LaLiga / LaLiga 2 / Ligue 1 / Ligue 2 / MLS / Premier League
smt_buts_ext,ext,EA Guingamp,1.0338,0.932,0.6753,8590,311,8,25.0,0.07,02/08/2024 - 01/08/2026,Bundesliga / Championship / LaLiga / LaLiga 2 / Ligue 1 / Ligue 2 / MLS / Premier League
smt_buts_ext,ext,Racing de Ferrol,0.4616,1.1675,0.6753,8590,311,8,25.0,0.07,02/08/2024 - 01/08/2026,Bundesliga / Championship / LaLiga / LaLiga 2 / Ligue 1 / Ligue 2 / MLS / Premier League
smt_buts_ext,ext,Eldense,0.9516,1.2202,0.6753,8590,311,8,25.0,0.07,02/08/2024 - 01/08/2026,Bundesliga / Championship / LaLiga / LaLiga 2 / Ligue 1 / Ligue 2 / MLS / Premier League
smt_buts_ext,ext,Benfica II,0.7948,0.9934,0.6753,8590,311,8,25.0,0.07,02/08/2024 - 01/08/2026,Bundesliga / Championship / LaLiga / LaLiga 2 / Ligue 1 / Ligue 2 / MLS / Premier League
smt_buts_ext,ext,Sporting KC,0.85,1.1063,0.6753,8590,311,8,25.0,0.07,02/08/2024 - 01/08/2026,Bundesliga / Championship / LaLiga / LaLiga 2 / Ligue 1 / Ligue 2 / MLS / Premier League
smt_buts_ext,ext,Queens Park R.,0.8931,1.3079,0.6753,8590,311,8,25.0,0.07,02/08/2024 - 01/08/2026,Bundesliga / Championship / LaLiga / LaLiga 2 / Ligue 1 / Ligue 2 / MLS / Premier League
smt_buts_ext,ext,Sunderland,1.0562,0.8686,0.6753,8590,311,8,25.0,0.07,02/08/2024 - 01/08/2026,Bundesliga / Championship / LaLiga / LaLiga 2 / Ligue 1 / Ligue 2 / MLS / Premier League
smt_buts_ext,ext,Reims,1.0314,0.9265,0.6753,8590,311,8,25.0,0.07,02/08/2024 - 01/08/2026,Bundesliga / Championship / LaLiga / LaLiga 2 / Ligue 1 / Ligue 2 / MLS / Premier League
smt_buts_ext,ext,Portimonense,0.9549,1.2728,0.6753,8590,311,8,25.0,0.07,02/08/2024 - 01/08/2026,Bundesliga / Championship / LaLiga / LaLiga 2 / Ligue 1 / Ligue 2 / MLS / Premier League
smt_buts_ext,ext,Marseille,1.2128,1.1434,0.6753,8590,311,8,25.0,0.07,02/08/2024 - 01/08/2026,Bundesliga / Championship / LaLiga / LaLiga 2 / Ligue 1 / Ligue 2 / MLS / Premier League
smt_buts_ext,ext,Cremonese,0.997,1.1665,0.6753,8590,311,8,25.0,0.07,02/08/2024 - 01/08/2026,Bundesliga / Championship / LaLiga / LaLiga 2 / Ligue 1 / Ligue 2 / MLS / Premier League
smt_buts_ext,ext,Real Betis,1.1269,0.6523,0.6753,8590,311,8,25.0,0.07,02/08/2024 - 01/08/2026,Bundesliga / Championship / LaLiga / LaLiga 2 / Ligue 1 / Ligue 2 / MLS / Premier League
smt_buts_ext,ext,Felgueiras,1.0307,0.7034,0.6753,8590,311,8,25.0,0.07,02/08/2024 - 01/08/2026,Bundesliga / Championship / LaLiga / LaLiga 2 / Ligue 1 / Ligue 2 / MLS / Premier League
smt_buts_ext,ext,Avellino,0.7291,1.2173,0.6753,8590,311,8,25.0,0.07,02/08/2024 - 01/08/2026,Bundesliga / Championship / LaLiga / LaLiga 2 / Ligue 1 / Ligue 2 / MLS / Premier League
smt_buts_ext,ext,Farense,0.9175,1.1665,0.6753,8590,311,8,25.0,0.07,02/08/2024 - 01/08/2026,Bundesliga / Championship / LaLiga / LaLiga 2 / Ligue 1 / Ligue 2 / MLS / Premier League
smt_buts_ext,ext,Pescara,0.8752,1.1083,0.6753,8590,311,8,25.0,0.07,02/08/2024 - 01/08/2026,Bundesliga / Championship / LaLiga / LaLiga 2 / Ligue 1 / Ligue 2 / MLS / Premier League
smt_buts_ext,ext,Hoffenheim,1.0406,1.2233,0.6753,8590,311,8,25.0,0.07,02/08/2024 - 01/08/2026,Bundesliga / Championship / LaLiga / LaLiga 2 / Ligue 1 / Ligue 2 / MLS / Premier League
smt_buts_ext,ext,Cologne,0.8654,1.2305,0.6753,8590,311,8,25.0,0.07,02/08/2024 - 01/08/2026,Bundesliga / Championship / LaLiga / LaLiga 2 / Ligue 1 / Ligue 2 / MLS / Premier League
smt_buts_ext,ext,Brunswick,0.6663,1.1576,0.6753,8590,311,8,25.0,0.07,02/08/2024 - 01/08/2026,Bundesliga / Championship / LaLiga / LaLiga 2 / Ligue 1 / Ligue 2 / MLS / Premier League
smt_buts_ext,ext,Schalke 04,1.0207,1.119,0.6753,8590,311,8,25.0,0.07,02/08/2024 - 01/08/2026,Bundesliga / Championship / LaLiga / LaLiga 2 / Ligue 1 / Ligue 2 / MLS / Premier League
smt_buts_ext,ext,Étienne - Rodez,0.8022,1.0,0.6753,8590,311,8,25.0,0.07,02/08/2024 - 01/08/2026,Bundesliga / Championship / LaLiga / LaLiga 2 / Ligue 1 / Ligue 2 / MLS / Premier League
smt_buts_ext,ext,Juventus,1.0897,0.7254,0.6753,8590,311,8,25.0,0.07,02/08/2024 - 01/08/2026,Bundesliga / Championship / LaLiga / LaLiga 2 / Ligue 1 / Ligue 2 / MLS / Premier League
smt_buts_ext,ext,Osasuna,0.667,1.1891,0.6753,8590,311,8,25.0,0.07,02/08/2024 - 01/08/2026,Bundesliga / Championship / LaLiga / LaLiga 2 / Ligue 1 / Ligue 2 / MLS / Premier League
smt_buts_ext,ext,Viseu,1.1093,0.5959,0.6753,8590,311,8,25.0,0.07,02/08/2024 - 01/08/2026,Bundesliga / Championship / LaLiga / LaLiga 2 / Ligue 1 / Ligue 2 / MLS / Premier League
smt_buts_ext,ext,PSG,1.6221,0.677,0.6753,8590,311,8,25.0,0.07,02/08/2024 - 01/08/2026,Bundesliga / Championship / LaLiga / LaLiga 2 / Ligue 1 / Ligue 2 / MLS / Premier League
smt_buts_ext,ext,Charlotte,0.8246,0.8533,0.6753,8590,311,8,25.0,0.07,02/08/2024 - 01/08/2026,Bundesliga / Championship / LaLiga / LaLiga 2 / Ligue 1 / Ligue 2 / MLS / Premier League
smt_buts_ext,ext,Étienne - Nantes,0.8889,1.0,0.6753,8590,311,8,25.0,0.07,02/08/2024 - 01/08/2026,Bundesliga / Championship / LaLiga / LaLiga 2 / Ligue 1 / Ligue 2 / MLS / Premier League
smt_buts_ext,ext,Preston,0.7778,1.0298,0.6753,8590,311,8,25.0,0.07,02/08/2024 - 01/08/2026,Bundesliga / Championship / LaLiga / LaLiga 2 / Ligue 1 / Ligue 2 / MLS / Premier League
smt_buts_ext,ext,Gil Vicente,0.7734,0.9868,0.6753,8590,311,8,25.0,0.07,02/08/2024 - 01/08/2026,Bundesliga / Championship / LaLiga / LaLiga 2 / Ligue 1 / Ligue 2 / MLS / Premier League
smt_buts_ext,ext,Reggiana,0.7146,0.9129,0.6753,8590,311,8,25.0,0.07,02/08/2024 - 01/08/2026,Bundesliga / Championship / LaLiga / LaLiga 2 / Ligue 1 / Ligue 2 / MLS / Premier League
smt_buts_ext,ext,AC Ajaccio,0.6175,0.8238,0.6753,8590,311,8,25.0,0.07,02/08/2024 - 01/08/2026,Bundesliga / Championship / LaLiga / LaLiga 2 / Ligue 1 / Ligue 2 / MLS / Premier League
smt_buts_ext,ext,San Jose E.,1.1732,0.9492,0.6753,8590,311,8,25.0,0.07,02/08/2024 - 01/08/2026,Bundesliga / Championship / LaLiga / LaLiga 2 / Ligue 1 / Ligue 2 / MLS / Premier League
smt_buts_ext,ext,LA Galaxy,1.1999,1.0591,0.6753,8590,311,8,25.0,0.07,02/08/2024 - 01/08/2026,Bundesliga / Championship / LaLiga / LaLiga 2 / Ligue 1 / Ligue 2 / MLS / Premier League
smt_buts_ext,ext,Wrexham,1.0824,1.1413,0.6753,8590,311,8,25.0,0.07,02/08/2024 - 01/08/2026,Bundesliga / Championship / LaLiga / LaLiga 2 / Ligue 1 / Ligue 2 / MLS / Premier League
smt_buts_ext,ext,AS Monaco,1.2735,0.9785,0.6753,8590,311,8,25.0,0.07,02/08/2024 - 01/08/2026,Bundesliga / Championship / LaLiga / LaLiga 2 / Ligue 1 / Ligue 2 / MLS / Premier League
smt_buts_ext,ext,Séville,1.1135,1.0946,0.6753,8590,311,8,25.0,0.07,02/08/2024 - 01/08/2026,Bundesliga / Championship / LaLiga / LaLiga 2 / Ligue 1 / Ligue 2 / MLS / Premier League
smt_buts_ext,ext,Union Berlin,1.0826,1.0244,0.6753,8590,311,8,25.0,0.07,02/08/2024 - 01/08/2026,Bundesliga / Championship / LaLiga / LaLiga 2 / Ligue 1 / Ligue 2 / MLS / Premier League
smt_buts_ext,ext,Rayo Vallecano,0.7531,1.0125,0.6753,8590,311,8,25.0,0.07,02/08/2024 - 01/08/2026,Bundesliga / Championship / LaLiga / LaLiga 2 / Ligue 1 / Ligue 2 / MLS / Premier League
smt_buts_ext,ext,Atl. Madrid,0.8922,0.7423,0.6753,8590,311,8,25.0,0.07,02/08/2024 - 01/08/2026,Bundesliga / Championship / LaLiga / LaLiga 2 / Ligue 1 / Ligue 2 / MLS / Premier League
smt_buts_ext,ext,Toulouse,1.0034,1.0337,0.6753,8590,311,8,25.0,0.07,02/08/2024 - 01/08/2026,Bundesliga / Championship / LaLiga / LaLiga 2 / Ligue 1 / Ligue 2 / MLS / Premier League
smt_buts_ext,ext,Parme,0.699,1.1935,0.6753,8590,311,8,25.0,0.07,02/08/2024 - 01/08/2026,Bundesliga / Championship / LaLiga / LaLiga 2 / Ligue 1 / Ligue 2 / MLS / Premier League
smt_buts_ext,ext,Real Sociedad,0.8809,1.2044,0.6753,8590,311,8,25.0,0.07,02/08/2024 - 01/08/2026,Bundesliga / Championship / LaLiga / LaLiga 2 / Ligue 1 / Ligue 2 / MLS / Premier League
smt_buts_ext,ext,US Boulogne,1.0025,1.2386,0.6753,8590,311,8,25.0,0.07,02/08/2024 - 01/08/2026,Bundesliga / Championship / LaLiga / LaLiga 2 / Ligue 1 / Ligue 2 / MLS / Premier League
smt_buts_ext,ext,Cordoba,1.1074,1.0073,0.6753,8590,311,8,25.0,0.07,02/08/2024 - 01/08/2026,Bundesliga / Championship / LaLiga / LaLiga 2 / Ligue 1 / Ligue 2 / MLS / Premier League
smt_buts_ext,ext,Étienne - PSG,1.7115,1.0,0.6753,8590,311,8,25.0,0.07,02/08/2024 - 01/08/2026,Bundesliga / Championship / LaLiga / LaLiga 2 / Ligue 1 / Ligue 2 / MLS / Premier League
smt_buts_ext,ext,Inter Miami,1.9349,1.1193,0.6753,8590,311,8,25.0,0.07,02/08/2024 - 01/08/2026,Bundesliga / Championship / LaLiga / LaLiga 2 / Ligue 1 / Ligue 2 / MLS / Premier League
smt_buts_ext,ext,Virtus,0.5427,0.9358,0.6753,8590,311,8,25.0,0.07,02/08/2024 - 01/08/2026,Bundesliga / Championship / LaLiga / LaLiga 2 / Ligue 1 / Ligue 2 / MLS / Premier League
smt_buts_ext,ext,Étienne - Le Mans,1.218,1.0,0.6753,8590,311,8,25.0,0.07,02/08/2024 - 01/08/2026,Bundesliga / Championship / LaLiga / LaLiga 2 / Ligue 1 / Ligue 2 / MLS / Premier League
smt_buts_ext,ext,Empoli,0.7131,0.8426,0.6753,8590,311,8,25.0,0.07,02/08/2024 - 01/08/2026,Bundesliga / Championship / LaLiga / LaLiga 2 / Ligue 1 / Ligue 2 / MLS / Premier League
smt_buts_ext,ext,Plymouth,0.5678,1.1499,0.6753,8590,311,8,25.0,0.07,02/08/2024 - 01/08/2026,Bundesliga / Championship / LaLiga / LaLiga 2 / Ligue 1 / Ligue 2 / MLS / Premier League
smt_buts_ext,ext,Fribourg,1.009,0.9815,0.6753,8590,311,8,25.0,0.07,02/08/2024 - 01/08/2026,Bundesliga / Championship / LaLiga / LaLiga 2 / Ligue 1 / Ligue 2 / MLS / Premier League
smt_buts_ext,ext,Strasbourg,1.238,1.0232,0.6753,8590,311,8,25.0,0.07,02/08/2024 - 01/08/2026,Bundesliga / Championship / LaLiga / LaLiga 2 / Ligue 1 / Ligue 2 / MLS / Premier League
smt_buts_ext,ext,E. Francfort,1.1511,1.2759,0.6753,8590,311,8,25.0,0.07,02/08/2024 - 01/08/2026,Bundesliga / Championship / LaLiga / LaLiga 2 / Ligue 1 / Ligue 2 / MLS / Premier League
smt_buts_ext,ext,Nice,0.7492,1.0927,0.6753,8590,311,8,25.0,0.07,02/08/2024 - 01/08/2026,Bundesliga / Championship / LaLiga / LaLiga 2 / Ligue 1 / Ligue 2 / MLS / Premier League
smt_buts_ext,ext,Tenerife,0.9385,1.0673,0.6753,8590,311,8,25.0,0.07,02/08/2024 - 01/08/2026,Bundesliga / Championship / LaLiga / LaLiga 2 / Ligue 1 / Ligue 2 / MLS / Premier League
smt_buts_ext,ext,Derby County,1.0261,0.8354,0.6753,8590,311,8,25.0,0.07,02/08/2024 - 01/08/2026,Bundesliga / Championship / LaLiga / LaLiga 2 / Ligue 1 / Ligue 2 / MLS / Premier League
smt_buts_ext,ext,Brescia,0.6996,1.1825,0.6753,8590,311,8,25.0,0.07,02/08/2024 - 01/08/2026,Bundesliga / Championship / LaLiga / LaLiga 2 / Ligue 1 / Ligue 2 / MLS / Premier League
smt_buts_ext,ext,Cosenza,0.7988,0.838,0.6753,8590,311,8,25.0,0.07,02/08/2024 - 01/08/2026,Bundesliga / Championship / LaLiga / LaLiga 2 / Ligue 1 / Ligue 2 / MLS / Premier League
smt_buts_ext,ext,Étienne - RC Lens,1.0534,1.0,0.6753,8590,311,8,25.0,0.07,02/08/2024 - 01/08/2026,Bundesliga / Championship / LaLiga / LaLiga 2 / Ligue 1 / Ligue 2 / MLS / Premier League
smt_buts_ext,ext,Étienne - Strasbourg,0.8889,1.0,0.6753,8590,311,8,25.0,0.07,02/08/2024 - 01/08/2026,Bundesliga / Championship / LaLiga / LaLiga 2 / Ligue 1 / Ligue 2 / MLS / Premier League
smt_buts_ext,ext,San Diego,1.2959,0.9019,0.6753,8590,311,8,25.0,0.07,02/08/2024 - 01/08/2026,Bundesliga / Championship / LaLiga / LaLiga 2 / Ligue 1 / Ligue 2 / MLS / Premier League
smt_buts_ext,ext,Leonesa,0.8017,1.2127,0.6753,8590,311,8,25.0,0.07,02/08/2024 - 01/08/2026,Bundesliga / Championship / LaLiga / LaLiga 2 / Ligue 1 / Ligue 2 / MLS / Premier League
smt_buts_ext,ext,DC United,1.2098,1.5376,0.6753,8590,311,8,25.0,0.07,02/08/2024 - 01/08/2026,Bundesliga / Championship / LaLiga / LaLiga 2 / Ligue 1 / Ligue 2 / MLS / Premier League
smt_buts_ext,ext,Ulm,0.6777,1.3191,0.6753,8590,311,8,25.0,0.07,02/08/2024 - 01/08/2026,Bundesliga / Championship / LaLiga / LaLiga 2 / Ligue 1 / Ligue 2 / MLS / Premier League
smt_buts_ext,ext,Lecce,0.7131,1.2217,0.6753,8590,311,8,25.0,0.07,02/08/2024 - 01/08/2026,Bundesliga / Championship / LaLiga / LaLiga 2 / Ligue 1 / Ligue 2 / MLS / Premier League
smt_buts_ext,ext,Malaga,1.2709,0.9642,0.6753,8590,311,8,25.0,0.07,02/08/2024 - 01/08/2026,Bundesliga / Championship / LaLiga / LaLiga 2 / Ligue 1 / Ligue 2 / MLS / Premier League
smt_buts_ext,ext,Majorque,0.8094,0.839,0.6753,8590,311,8,25.0,0.07,02/08/2024 - 01/08/2026,Bundesliga / Championship / LaLiga / LaLiga 2 / Ligue 1 / Ligue 2 / MLS / Premier League
smt_buts_ext,ext,Le Mans,0.9784,0.7194,0.6753,8590,311,8,25.0,0.07,02/08/2024 - 01/08/2026,Bundesliga / Championship / LaLiga / LaLiga 2 / Ligue 1 / Ligue 2 / MLS / Premier League
smt_buts_ext,ext,Venise,1.0692,0.7199,0.6753,8590,311,8,25.0,0.07,02/08/2024 - 01/08/2026,Bundesliga / Championship / LaLiga / LaLiga 2 / Ligue 1 / Ligue 2 / MLS / Premier League
smt_buts_ext,ext,Man City,1.2248,0.7629,0.6753,8590,311,8,25.0,0.07,02/08/2024 - 01/08/2026,Bundesliga / Championship / LaLiga / LaLiga 2 / Ligue 1 / Ligue 2 / MLS / Premier League
smt_buts_ext,ext,P. Ferreira,0.7282,0.8777,0.6753,8590,311,8,25.0,0.07,02/08/2024 - 01/08/2026,Bundesliga / Championship / LaLiga / LaLiga 2 / Ligue 1 / Ligue 2 / MLS / Premier League
smt_buts_ext,ext,Norwich City,1.1482,1.004,0.6753,8590,311,8,25.0,0.07,02/08/2024 - 01/08/2026,Bundesliga / Championship / LaLiga / LaLiga 2 / Ligue 1 / Ligue 2 / MLS / Premier League
